Workbook
Name _Toc175817829: 'Relational DB'!$L$34
Name _Toc175817830: 'Relational DB'!$L$28
Name _Toc175817831: 'Relational DB'!$L$22
Name _Toc175817832: 'Relational DB'!$L$16
Name _Toc175817833: 'Relational DB'!$L$10
Name _Toc175817834: 'Relational DB'!$L$4
Name _Toc175817840: 'Relational DB'!$L$35
Name _Toc175817841: 'Relational DB'!$L$29
Name _Toc175817842: 'Relational DB'!$L$23
Name _Toc175817843: 'Relational DB'!$L$17
Name _Toc175817844: 'Relational DB'!$L$11
Name _Toc175817845: 'Relational DB'!$L$5
Name _Toc175817851: 'Relational DB'!$L$36
Name _Toc175817852: 'Relational DB'!$L$30
Name _Toc175817853: 'Relational DB'!$L$24
Name _Toc175817854: 'Relational DB'!$L$18
Name _Toc175817855: 'Relational DB'!$L$12
Name _Toc175817856: 'Relational DB'!$L$6
Name _Toc175817862: 'Relational DB'!$L$37
Name _Toc175817863: 'Relational DB'!$L$31
Name _Toc175817864: 'Relational DB'!$L$25
Name _Toc175817865: 'Relational DB'!$L$19
Name _Toc175817866: 'Relational DB'!$L$13
Name _Toc175817867: 'Relational DB'!$L$7
Name _Toc175817873: 'Relational DB'!$L$38
Name _Toc175817874: 'Relational DB'!$L$32
Name _Toc175817875: 'Relational DB'!$L$26
Name _Toc175817876: 'Relational DB'!$L$20
Name _Toc175817877: 'Relational DB'!$L$14
Name _Toc175817878: 'Relational DB'!$L$8
Name _Toc175817884: 'Relational DB'!$L$39
Name _Toc175817885: 'Relational DB'!$L$33
Name _Toc175817886: 'Relational DB'!$L$27
Name _Toc175817887: 'Relational DB'!$L$21
Name _Toc175817888: 'Relational DB'!$L$15
Name _Toc175817889: 'Relational DB'!$L$9

Sheet Cover Page
A1: Code | B1: SYB_19_2_2
A2: Version | B2: V1
A3: اسم القالب | B3: المهندسون المسجّلون في نقابة المهندسين الأردنيين حسب التخصص والجنس والجنسية
A4: Template Name | B4: Engineers Registered at the Jordanian Engineers Syndicate by Specialization, Sex and NationalitySocially Insured Employees by Economic Activity
A5: دورية البيانات | B5: سنوي
A6: Data Frequency | B6: Annual
A7: الجهة المصدرية | B7: نقابة المهندسين الأردنيين
A8: Data Source | B8: Jordanian Engineers Syndicate

Sheet Source Table
B2: ='Cover Page'!B4 -> Engineers Registered at the Jordanian Engineers Syndicate by Specialization, Sex and NationalitySocially Insured Employees by Economic Activity
B3: ='Cover Page'!B3 -> المهندسون المسجّلون في نقابة المهندسين الأردنيين حسب التخصص والجنس والجنسية
B4: Year | E4: =YEAR('Template Data'!B1) -> 2024 | I4: السنة
B5: Specialization | C5: أنثى | F5: ذكر | I5: التخصص
C6: Female | F6: Male
C7: أجنبي | D7: عربي | E7: أردني | F7: أجنبي | G7: عربي | H7: أردني
C8: Foreign | D8: Arab | E8: Jordanian | F8: Foreign | G8: Arab | H8: Jordanian
B9: Civil | I9: مدني
B10: Architecture | I10: عمارة
B11: Mechanical | I11: ميكانيك
B12: Electricity | I12: كهرباء
B13: Mining | I13: تعدين
B14: Chemistry | I14: كيمياء

Sheet Relational DB
A1: Relational Sheet
A2: Measure_Name_Ar | B2: Measure_Name_En | C2: Measure_ID | D2: Unit_EN | E2: Unit_AR | F2: CL_SEX_EN_V1 | G2: CL_SEX_AR_V1 | H2: CL_NATIONALITY_EN_V4 | I2: CL_NATIONALITY_AR_V4 | J2: CL_ENG_SPECALIZATION_EN_V1 | K2: CL_ENG_SPECALIZATION_AR_V1 | L2: Obs_Value | M2: Time_Period_Y | N2: Time_Period_M
A3: اسم المؤشر | B3: Measure Name | C3: رمز المؤشر | D3: Unit | E3: الوحدة | F3: Sex | G3: الجنس | H3: Nationality | I3: الجنسية | J3: Engineers Specialization | K3: التخصص الهندسي | L3: قيمة المؤشر | M3: سنة فترة القياس | N3: شهر فترة القياس
A4: المهندسون المسجّلون في نقابة المهندسين الأردنيين | B4: Engineers Registered at the Jordanian Engineers Syndicate | C4: M1 | D4: Number | E4: عدد | F4: ='Source Table'!$F$6 -> Male | G4: ='Source Table'!$F$5 -> ذكر | H4: ='Source Table'!$H$8 -> Jordanian | I4: ='Source Table'!$H$7 -> أردني | J4: ='Source Table'!$B$9 -> Civil | K4: ='Source Table'!$I$9 -> مدني | L4: 43403 | M4: 2023
A5: المهندسون المسجّلون في نقابة المهندسين الأردنيين | B5: Engineers Registered at the Jordanian Engineers Syndicate | C5: M1 | D5: Number | E5: عدد | F5: ='Source Table'!$F$6 -> Male | G5: ='Source Table'!$F$5 -> ذكر | H5: ='Source Table'!$H$8 -> Jordanian | I5: ='Source Table'!$H$7 -> أردني | J5: ='Source Table'!$B$10 -> Architecture | K5: ='Source Table'!$I$10 -> عمارة | L5: 7426 | M5: 2023
A6: المهندسون المسجّلون في نقابة المهندسين الأردنيين | B6: Engineers Registered at the Jordanian Engineers Syndicate | C6: M1 | D6: Number | E6: عدد | F6: ='Source Table'!$F$6 -> Male | G6: ='Source Table'!$F$5 -> ذكر | H6: ='Source Table'!$H$8 -> Jordanian | I6: ='Source Table'!$H$7 -> أردني | J6: ='Source Table'!$B$11 -> Mechanical | K6: ='Source Table'!$I$11 -> ميكانيك | L6: 33568 | M6: 2023
A7: المهندسون المسجّلون في نقابة المهندسين الأردنيين | B7: Engineers Registered at the Jordanian Engineers Syndicate | C7: M1 | D7: Number | E7: عدد | F7: ='Source Table'!$F$6 -> Male | G7: ='Source Table'!$F$5 -> ذكر | H7: ='Source Table'!$H$8 -> Jordanian | I7: ='Source Table'!$H$7 -> أردني | J7: ='Source Table'!$B$12 -> Electricity | K7: ='Source Table'!$I$12 -> كهرباء | L7: 47232 | M7: 2023
A8: المهندسون المسجّلون في نقابة المهندسين الأردنيين | B8: Engineers Registered at the Jordanian Engineers Syndicate | C8: M1 | D8: Number | E8: عدد | F8: ='Source Table'!$F$6 -> Male | G8: ='Source Table'!$F$5 -> ذكر | H8: ='Source Table'!$H$8 -> Jordanian | I8: ='Source Table'!$H$7 -> أردني | J8: ='Source Table'!$B$13 -> Mining | K8: ='Source Table'!$I$13 -> تعدين | L8: 1520 | M8: 2023
A9: المهندسون المسجّلون في نقابة المهندسين الأردنيين | B9: Engineers Registered at the Jordanian Engineers Syndicate | C9: M1 | D9: Number | E9: عدد | F9: ='Source Table'!$F$6 -> Male | G9: ='Source Table'!$F$5 -> ذكر | H9: ='Source Table'!$H$8 -> Jordanian | I9: ='Source Table'!$H$7 -> أردني | J9: ='Source Table'!$B$14 -> Chemistry | K9: ='Source Table'!$I$14 -> كيمياء | L9: 4540 | M9: 2023
A10: المهندسون المسجّلون في نقابة المهندسين الأردنيين | B10: Engineers Registered at the Jordanian Engineers Syndicate | C10: M1 | D10: Number | E10: عدد | F10: ='Source Table'!$F$6 -> Male | G10: ='Source Table'!$F$5 -> ذكر | H10: ='Source Table'!$G$8 -> Arab | I10: ='Source Table'!$G$7 -> عربي | J10: ='Source Table'!$B$9 -> Civil | K10: ='Source Table'!$I$9 -> مدني | L10: 1827 | M10: 2023
A11: المهندسون المسجّلون في نقابة المهندسين الأردنيين | B11: Engineers Registered at the Jordanian Engineers Syndicate | C11: M1 | D11: Number | E11: عدد | F11: ='Source Table'!$F$6 -> Male | G11: ='Source Table'!$F$5 -> ذكر | H11: ='Source Table'!$G$8 -> Arab | I11: ='Source Table'!$G$7 -> عربي | J11: ='Source Table'!$B$10 -> Architecture | K11: ='Source Table'!$I$10 -> عمارة | L11: 604 | M11: 2023
A12: المهندسون المسجّلون في نقابة المهندسين الأردنيين | B12: Engineers Registered at the Jordanian Engineers Syndicate | C12: M1 | D12: Number | E12: عدد | F12: ='Source Table'!$F$6 -> Male | G12: ='Source Table'!$F$5 -> ذكر | H12: ='Source Table'!$G$8 -> Arab | I12: ='Source Table'!$G$7 -> عربي | J12: ='Source Table'!$B$11 -> Mechanical | K12: ='Source Table'!$I$11 -> ميكانيك | L12: 578 | M12: 2023
A13: المهندسون المسجّلون في نقابة المهندسين الأردنيين | B13: Engineers Registered at the Jordanian Engineers Syndicate | C13: M1 | D13: Number | E13: عدد | F13: ='Source Table'!$F$6 -> Male | G13: ='Source Table'!$F$5 -> ذكر | H13: ='Source Table'!$G$8 -> Arab | I13: ='Source Table'!$G$7 -> عربي | J13: ='Source Table'!$B$12 -> Electricity | K13: ='Source Table'!$I$12 -> كهرباء | L13: 971 | M13: 2023
A14: المهندسون المسجّلون في نقابة المهندسين الأردنيين | B14: Engineers Registered at the Jordanian Engineers Syndicate | C14: M1 | D14: Number | E14: عدد | F14: ='Source Table'!$F$6 -> Male | G14: ='Source Table'!$F$5 -> ذكر | H14: ='Source Table'!$G$8 -> Arab | I14: ='Source Table'!$G$7 -> عربي | J14: ='Source Table'!$B$13 -> Mining | K14: ='Source Table'!$I$13 -> تعدين | L14: 17 | M14: 2023
A15: المهندسون المسجّلون في نقابة المهندسين الأردنيين | B15: Engineers Registered at the Jordanian Engineers Syndicate | C15: M1 | D15: Number | E15: عدد | F15: ='Source Table'!$F$6 -> Male | G15: ='Source Table'!$F$5 -> ذكر | H15: ='Source Table'!$G$8 -> Arab | I15: ='Source Table'!$G$7 -> عربي | J15: ='Source Table'!$B$14 -> Chemistry | K15: ='Source Table'!$I$14 -> كيمياء | L15: 62 | M15: 2023
A16: المهندسون المسجّلون في نقابة المهندسين الأردنيين | B16: Engineers Registered at the Jordanian Engineers Syndicate | C16: M1 | D16: Number | E16: عدد | F16: ='Source Table'!$F$6 -> Male | G16: ='Source Table'!$F$5 -> ذكر | H16: ='Source Table'!$F$8 -> Foreign | I16: ='Source Table'!$F$7 -> أجنبي | J16: ='Source Table'!$B$9 -> Civil | K16: ='Source Table'!$I$9 -> مدني | L16: 187 | M16: 2023
A17: المهندسون المسجّلون في نقابة المهندسين الأردنيين | B17: Engineers Registered at the Jordanian Engineers Syndicate | C17: M1 | D17: Number | E17: عدد | F17: ='Source Table'!$F$6 -> Male | G17: ='Source Table'!$F$5 -> ذكر | H17: ='Source Table'!$F$8 -> Foreign | I17: ='Source Table'!$F$7 -> أجنبي | J17: ='Source Table'!$B$10 -> Architecture | K17: ='Source Table'!$I$10 -> عمارة | L17: 39 | M17: 2023
A18: المهندسون المسجّلون في نقابة المهندسين الأردنيين | B18: Engineers Registered at the Jordanian Engineers Syndicate | C18: M1 | D18: Number | E18: عدد | F18: ='Source Table'!$F$6 -> Male | G18: ='Source Table'!$F$5 -> ذكر | H18: ='Source Table'!$F$8 -> Foreign | I18: ='Source Table'!$F$7 -> أجنبي | J18: ='Source Table'!$B$11 -> Mechanical | K18: ='Source Table'!$I$11 -> ميكانيك | L18: 41 | M18: 2023
A19: المهندسون المسجّلون في نقابة المهندسين الأردنيين | B19: Engineers Registered at the Jordanian Engineers Syndicate | C19: M1 | D19: Number | E19: عدد | F19: ='Source Table'!$F$6 -> Male | G19: ='Source Table'!$F$5 -> ذكر | H19: ='Source Table'!$F$8 -> Foreign | I19: ='Source Table'!$F$7 -> أجنبي | J19: ='Source Table'!$B$12 -> Electricity | K19: ='Source Table'!$I$12 -> كهرباء | L19: 33 | M19: 2023
A20: المهندسون المسجّلون في نقابة المهندسين الأردنيين | B20: Engineers Registered at the Jordanian Engineers Syndicate | C20: M1 | D20: Number | E20: عدد | F20: ='Source Table'!$F$6 -> Male | G20: ='Source Table'!$F$5 -> ذكر | H20: ='Source Table'!$F$8 -> Foreign | I20: ='Source Table'!$F$7 -> أجنبي | J20: ='Source Table'!$B$13 -> Mining | K20: ='Source Table'!$I$13 -> تعدين | L20: 3 | M20: 2023
A21: المهندسون المسجّلون في نقابة المهندسين الأردنيين | B21: Engineers Registered at the Jordanian Engineers Syndicate | C21: M1 | D21: Number | E21: عدد | F21: ='Source Table'!$F$6 -> Male | G21: ='Source Table'!$F$5 -> ذكر | H21: ='Source Table'!$F$8 -> Foreign | I21: ='Source Table'!$F$7 -> أجنبي | J21: ='Source Table'!$B$14 -> Chemistry | K21: ='Source Table'!$I$14 -> كيمياء | L21: 4 | M21: 2023
A22: المهندسون المسجّلون في نقابة المهندسين الأردنيين | B22: Engineers Registered at the Jordanian Engineers Syndicate | C22: M1 | D22: Number | E22: عدد | F22: ='Source Table'!$C$6 -> Female | G22: ='Source Table'!$C$5 -> أنثى | H22: ='Source Table'!$H$8 -> Jordanian | I22: ='Source Table'!$H$7 -> أردني | J22: ='Source Table'!$B$9 -> Civil | K22: ='Source Table'!$I$9 -> مدني | L22: 13309 | M22: 2023
A23: المهندسون المسجّلون في نقابة المهندسين الأردنيين | B23: Engineers Registered at the Jordanian Engineers Syndicate | C23: M1 | D23: Number | E23: عدد | F23: ='Source Table'!$C$6 -> Female | G23: ='Source Table'!$C$5 -> أنثى | H23: ='Source Table'!$H$8 -> Jordanian | I23: ='Source Table'!$H$7 -> أردني | J23: ='Source Table'!$B$10 -> Architecture | K23: ='Source Table'!$I$10 -> عمارة | L23: 9462 | M23: 2023
A24: المهندسون المسجّلون في نقابة المهندسين الأردنيين | B24: Engineers Registered at the Jordanian Engineers Syndicate | C24: M1 | D24: Number | E24: عدد | F24: ='Source Table'!$C$6 -> Female | G24: ='Source Table'!$C$5 -> أنثى | H24: ='Source Table'!$H$8 -> Jordanian | I24: ='Source Table'!$H$7 -> أردني | J24: ='Source Table'!$B$11 -> Mechanical | K24: ='Source Table'!$I$11 -> ميكانيك | L24: 5380 | M24: 2023
A25: المهندسون المسجّلون في نقابة المهندسين الأردنيين | B25: Engineers Registered at the Jordanian Engineers Syndicate | C25: M1 | D25: Number | E25: عدد | F25: ='Source Table'!$C$6 -> Female | G25: ='Source Table'!$C$5 -> أنثى | H25: ='Source Table'!$H$8 -> Jordanian | I25: ='Source Table'!$H$7 -> أردني | J25: ='Source Table'!$B$12 -> Electricity | K25: ='Source Table'!$I$12 -> كهرباء | L25: 18011 | M25: 2023
A26: المهندسون المسجّلون في نقابة المهندسين الأردنيين | B26: Engineers Registered at the Jordanian Engineers Syndicate | C26: M1 | D26: Number | E26: عدد | F26: ='Source Table'!$C$6 -> Female | G26: ='Source Table'!$C$5 -> أنثى | H26: ='Source Table'!$H$8 -> Jordanian | I26: ='Source Table'!$H$7 -> أردني | J26: ='Source Table'!$B$13 -> Mining | K26: ='Source Table'!$I$13 -> تعدين | L26: 153 | M26: 2023
A27: المهندسون المسجّلون في نقابة المهندسين الأردنيين | B27: Engineers Registered at the Jordanian Engineers Syndicate | C27: M1 | D27: Number | E27: عدد | F27: ='Source Table'!$C$6 -> Female | G27: ='Source Table'!$C$5 -> أنثى | H27: ='Source Table'!$H$8 -> Jordanian | I27: ='Source Table'!$H$7 -> أردني | J27: ='Source Table'!$B$14 -> Chemistry | K27: ='Source Table'!$I$14 -> كيمياء | L27: 5253 | M27: 2023
A28: المهندسون المسجّلون في نقابة المهندسين الأردنيين | B28: Engineers Registered at the Jordanian Engineers Syndicate | C28: M1 | D28: Number | E28: عدد | F28: ='Source Table'!$C$6 -> Female | G28: ='Source Table'!$C$5 -> أنثى | H28: ='Source Table'!$G$8 -> Arab | I28: ='Source Table'!$G$7 -> عربي | J28: ='Source Table'!$B$9 -> Civil | K28: ='Source Table'!$I$9 -> مدني | L28: 196 | M28: 2023
A29: المهندسون المسجّلون في نقابة المهندسين الأردنيين | B29: Engineers Registered at the Jordanian Engineers Syndicate | C29: M1 | D29: Number | E29: عدد | F29: ='Source Table'!$C$6 -> Female | G29: ='Source Table'!$C$5 -> أنثى | H29: ='Source Table'!$G$8 -> Arab | I29: ='Source Table'!$G$7 -> عربي | J29: ='Source Table'!$B$10 -> Architecture | K29: ='Source Table'!$I$10 -> عمارة | L29: 359 | M29: 2023
A30: المهندسون المسجّلون في نقابة المهندسين الأردنيين | B30: Engineers Registered at the Jordanian Engineers Syndicate | C30: M1 | D30: Number | E30: عدد | F30: ='Source Table'!$C$6 -> Female | G30: ='Source Table'!$C$5 -> أنثى | H30: ='Source Table'!$G$8 -> Arab | I30: ='Source Table'!$G$7 -> عربي | J30: ='Source Table'!$B$11 -> Mechanical | K30: ='Source Table'!$I$11 -> ميكانيك | L30: 34 | M30: 2023
A31: المهندسون المسجّلون في نقابة المهندسين الأردنيين | B31: Engineers Registered at the Jordanian Engineers Syndicate | C31: M1 | D31: Number | E31: عدد | F31: ='Source Table'!$C$6 -> Female | G31: ='Source Table'!$C$5 -> أنثى | H31: ='Source Table'!$G$8 -> Arab | I31: ='Source Table'!$G$7 -> عربي | J31: ='Source Table'!$B$12 -> Electricity | K31: ='Source Table'!$I$12 -> كهرباء | L31: 130 | M31: 2023
A32: المهندسون المسجّلون في نقابة المهندسين الأردنيين | B32: Engineers Registered at the Jordanian Engineers Syndicate | C32: M1 | D32: Number | E32: عدد | F32: ='Source Table'!$C$6 -> Female | G32: ='Source Table'!$C$5 -> أنثى | H32: ='Source Table'!$G$8 -> Arab | I32: ='Source Table'!$G$7 -> عربي | J32: ='Source Table'!$B$13 -> Mining | K32: ='Source Table'!$I$13 -> تعدين | L32: 0 | M32: 2023
A33: المهندسون المسجّلون في نقابة المهندسين الأردنيين | B33: Engineers Registered at the Jordanian Engineers Syndicate | C33: M1 | D33: Number | E33: عدد | F33: ='Source Table'!$C$6 -> Female | G33: ='Source Table'!$C$5 -> أنثى | H33: ='Source Table'!$G$8 -> Arab | I33: ='Source Table'!$G$7 -> عربي | J33: ='Source Table'!$B$14 -> Chemistry | K33: ='Source Table'!$I$14 -> كيمياء | L33: 29 | M33: 2023
A34: المهندسون المسجّلون في نقابة المهندسين الأردنيين | B34: Engineers Registered at the Jordanian Engineers Syndicate | C34: M1 | D34: Number | E34: عدد | F34: ='Source Table'!$C$6 -> Female | G34: ='Source Table'!$C$5 -> أنثى | H34: ='Source Table'!$F$8 -> Foreign | I34: ='Source Table'!$F$7 -> أجنبي | J34: ='Source Table'!$B$9 -> Civil | K34: ='Source Table'!$I$9 -> مدني | L34: 23 | M34: 2023
A35: المهندسون المسجّلون في نقابة المهندسين الأردنيين | B35: Engineers Registered at the Jordanian Engineers Syndicate | C35: M1 | D35: Number | E35: عدد | F35: ='Source Table'!$C$6 -> Female | G35: ='Source Table'!$C$5 -> أنثى | H35: ='Source Table'!$F$8 -> Foreign | I35: ='Source Table'!$F$7 -> أجنبي | J35: ='Source Table'!$B$10 -> Architecture | K35: ='Source Table'!$I$10 -> عمارة | L35: 19 | M35: 2023
A36: المهندسون المسجّلون في نقابة المهندسين الأردنيين | B36: Engineers Registered at the Jordanian Engineers Syndicate | C36: M1 | D36: Number | E36: عدد | F36: ='Source Table'!$C$6 -> Female | G36: ='Source Table'!$C$5 -> أنثى | H36: ='Source Table'!$F$8 -> Foreign | I36: ='Source Table'!$F$7 -> أجنبي | J36: ='Source Table'!$B$11 -> Mechanical | K36: ='Source Table'!$I$11 -> ميكانيك | L36: 8 | M36: 2023
A37: المهندسون المسجّلون في نقابة المهندسين الأردنيين | B37: Engineers Registered at the Jordanian Engineers Syndicate | C37: M1 | D37: Number | E37: عدد | F37: ='Source Table'!$C$6 -> Female | G37: ='Source Table'!$C$5 -> أنثى | H37: ='Source Table'!$F$8 -> Foreign | I37: ='Source Table'!$F$7 -> أجنبي | J37: ='Source Table'!$B$12 -> Electricity | K37: ='Source Table'!$I$12 -> كهرباء | L37: 3 | M37: 2023
A38: المهندسون المسجّلون في نقابة المهندسين الأردنيين | B38: Engineers Registered at the Jordanian Engineers Syndicate | C38: M1 | D38: Number | E38: عدد | F38: ='Source Table'!$C$6 -> Female | G38: ='Source Table'!$C$5 -> أنثى | H38: ='Source Table'!$F$8 -> Foreign | I38: ='Source Table'!$F$7 -> أجنبي | J38: ='Source Table'!$B$13 -> Mining | K38: ='Source Table'!$I$13 -> تعدين | L38: 0 | M38: 2023
A39: المهندسون المسجّلون في نقابة المهندسين الأردنيين | B39: Engineers Registered at the Jordanian Engineers Syndicate | C39: M1 | D39: Number | E39: عدد | F39: ='Source Table'!$C$6 -> Female | G39: ='Source Table'!$C$5 -> أنثى | H39: ='Source Table'!$F$8 -> Foreign | I39: ='Source Table'!$F$7 -> أجنبي | J39: ='Source Table'!$B$14 -> Chemistry | K39: ='Source Table'!$I$14 -> كيمياء | L39: 3 | M39: 2023
A40: المهندسون المسجّلون في نقابة المهندسين الأردنيين | B40: Engineers Registered at the Jordanian Engineers Syndicate | C40: M1 | D40: Number | E40: عدد | F40: ='Source Table'!$F$6 -> Male | G40: ='Source Table'!$F$5 -> ذكر | H40: ='Source Table'!$H$8 -> Jordanian | I40: ='Source Table'!$H$7 -> أردني | J40: ='Source Table'!$B$9 -> Civil | K40: ='Source Table'!$I$9 -> مدني | L40: 42319 | M40: 2022
A41: المهندسون المسجّلون في نقابة المهندسين الأردنيين | B41: Engineers Registered at the Jordanian Engineers Syndicate | C41: M1 | D41: Number | E41: عدد | F41: ='Source Table'!$F$6 -> Male | G41: ='Source Table'!$F$5 -> ذكر | H41: ='Source Table'!$H$8 -> Jordanian | I41: ='Source Table'!$H$7 -> أردني | J41: ='Source Table'!$B$10 -> Architecture | K41: ='Source Table'!$I$10 -> عمارة | L41: 7210 | M41: 2022
A42: المهندسون المسجّلون في نقابة المهندسين الأردنيين | B42: Engineers Registered at the Jordanian Engineers Syndicate | C42: M1 | D42: Number | E42: عدد | F42: ='Source Table'!$F$6 -> Male | G42: ='Source Table'!$F$5 -> ذكر | H42: ='Source Table'!$H$8 -> Jordanian | I42: ='Source Table'!$H$7 -> أردني | J42: ='Source Table'!$B$11 -> Mechanical | K42: ='Source Table'!$I$11 -> ميكانيك | L42: 324,25 | M42: 2022
A43: المهندسون المسجّلون في نقابة المهندسين الأردنيين | B43: Engineers Registered at the Jordanian Engineers Syndicate | C43: M1 | D43: Number | E43: عدد | F43: ='Source Table'!$F$6 -> Male | G43: ='Source Table'!$F$5 -> ذكر | H43: ='Source Table'!$H$8 -> Jordanian | I43: ='Source Table'!$H$7 -> أردني | J43: ='Source Table'!$B$12 -> Electricity | K43: ='Source Table'!$I$12 -> كهرباء | L43: 46099 | M43: 2022
A44: المهندسون المسجّلون في نقابة المهندسين الأردنيين | B44: Engineers Registered at the Jordanian Engineers Syndicate | C44: M1 | D44: Number | E44: عدد | F44: ='Source Table'!$F$6 -> Male | G44: ='Source Table'!$F$5 -> ذكر | H44: ='Source Table'!$H$8 -> Jordanian | I44: ='Source Table'!$H$7 -> أردني | J44: ='Source Table'!$B$13 -> Mining | K44: ='Source Table'!$I$13 -> تعدين | L44: 1512 | M44: 2022
A45: المهندسون المسجّلون في نقابة المهندسين الأردنيين | B45: Engineers Registered at the Jordanian Engineers Syndicate | C45: M1 | D45: Number | E45: عدد | F45: ='Source Table'!$F$6 -> Male | G45: ='Source Table'!$F$5 -> ذكر | H45: ='Source Table'!$H$8 -> Jordanian | I45: ='Source Table'!$H$7 -> أردني | J45: ='Source Table'!$B$14 -> Chemistry | K45: ='Source Table'!$I$14 -> كيمياء | L45: 4443 | M45: 2022
A46: المهندسون المسجّلون في نقابة المهندسين الأردنيين | B46: Engineers Registered at the Jordanian Engineers Syndicate | C46: M1 | D46: Number | E46: عدد | F46: ='Source Table'!$F$6 -> Male | G46: ='Source Table'!$F$5 -> ذكر | H46: ='Source Table'!$G$8 -> Arab | I46: ='Source Table'!$G$7 -> عربي | J46: ='Source Table'!$B$9 -> Civil | K46: ='Source Table'!$I$9 -> مدني | L46: 1778 | M46: 2022
A47: المهندسون المسجّلون في نقابة المهندسين الأردنيين | B47: Engineers Registered at the Jordanian Engineers Syndicate | C47: M1 | D47: Number | E47: عدد | F47: ='Source Table'!$F$6 -> Male | G47: ='Source Table'!$F$5 -> ذكر | H47: ='Source Table'!$G$8 -> Arab | I47: ='Source Table'!$G$7 -> عربي | J47: ='Source Table'!$B$10 -> Architecture | K47: ='Source Table'!$I$10 -> عمارة | L47: 590 | M47: 2022
A48: المهندسون المسجّلون في نقابة المهندسين الأردنيين | B48: Engineers Registered at the Jordanian Engineers Syndicate | C48: M1 | D48: Number | E48: عدد | F48: ='Source Table'!$F$6 -> Male | G48: ='Source Table'!$F$5 -> ذكر | H48: ='Source Table'!$G$8 -> Arab | I48: ='Source Table'!$G$7 -> عربي | J48: ='Source Table'!$B$11 -> Mechanical | K48: ='Source Table'!$I$11 -> ميكانيك | L48: 564 | M48: 2022
A49: المهندسون المسجّلون في نقابة المهندسين الأردنيين | B49: Engineers Registered at the Jordanian Engineers Syndicate | C49: M1 | D49: Number | E49: عدد | F49: ='Source Table'!$F$6 -> Male | G49: ='Source Table'!$F$5 -> ذكر | H49: ='Source Table'!$G$8 -> Arab | I49: ='Source Table'!$G$7 -> عربي | J49: ='Source Table'!$B$12 -> Electricity | K49: ='Source Table'!$I$12 -> كهرباء | L49: 953 | M49: 2022
A50: المهندسون المسجّلون في نقابة المهندسين الأردنيين | B50: Engineers Registered at the Jordanian Engineers Syndicate | C50: M1 | D50: Number | E50: عدد | F50: ='Source Table'!$F$6 -> Male | G50: ='Source Table'!$F$5 -> ذكر | H50: ='Source Table'!$G$8 -> Arab | I50: ='Source Table'!$G$7 -> عربي | J50: ='Source Table'!$B$13 -> Mining | K50: ='Source Table'!$I$13 -> تعدين | L50: 17 | M50: 2022
A51: المهندسون المسجّلون في نقابة المهندسين الأردنيين | B51: Engineers Registered at the Jordanian Engineers Syndicate | C51: M1 | D51: Number | E51: عدد | F51: ='Source Table'!$F$6 -> Male | G51: ='Source Table'!$F$5 -> ذكر | H51: ='Source Table'!$G$8 -> Arab | I51: ='Source Table'!$G$7 -> عربي | J51: ='Source Table'!$B$14 -> Chemistry | K51: ='Source Table'!$I$14 -> كيمياء | L51: 62 | M51: 2022
A52: المهندسون المسجّلون في نقابة المهندسين الأردنيين | B52: Engineers Registered at the Jordanian Engineers Syndicate | C52: M1 | D52: Number | E52: عدد | F52: ='Source Table'!$F$6 -> Male | G52: ='Source Table'!$F$5 -> ذكر | H52: ='Source Table'!$F$8 -> Foreign | I52: ='Source Table'!$F$7 -> أجنبي | J52: ='Source Table'!$B$9 -> Civil | K52: ='Source Table'!$I$9 -> مدني | L52: 186 | M52: 2022
A53: المهندسون المسجّلون في نقابة المهندسين الأردنيين | B53: Engineers Registered at the Jordanian Engineers Syndicate | C53: M1 | D53: Number | E53: عدد | F53: ='Source Table'!$F$6 -> Male | G53: ='Source Table'!$F$5 -> ذكر | H53: ='Source Table'!$F$8 -> Foreign | I53: ='Source Table'!$F$7 -> أجنبي | J53: ='Source Table'!$B$10 -> Architecture | K53: ='Source Table'!$I$10 -> عمارة | L53: 39 | M53: 2022
A54: المهندسون المسجّلون في نقابة المهندسين الأردنيين | B54: Engineers Registered at the Jordanian Engineers Syndicate | C54: M1 | D54: Number | E54: عدد | F54: ='Source Table'!$F$6 -> Male | G54: ='Source Table'!$F$5 -> ذكر | H54: ='Source Table'!$F$8 -> Foreign | I54: ='Source Table'!$F$7 -> أجنبي | J54: ='Source Table'!$B$11 -> Mechanical | K54: ='Source Table'!$I$11 -> ميكانيك | L54: 41 | M54: 2022
A55: المهندسون المسجّلون في نقابة المهندسين الأردنيين | B55: Engineers Registered at the Jordanian Engineers Syndicate | C55: M1 | D55: Number | E55: عدد | F55: ='Source Table'!$F$6 -> Male | G55: ='Source Table'!$F$5 -> ذكر | H55: ='Source Table'!$F$8 -> Foreign | I55: ='Source Table'!$F$7 -> أجنبي | J55: ='Source Table'!$B$12 -> Electricity | K55: ='Source Table'!$I$12 -> كهرباء | L55: 33 | M55: 2022
A56: المهندسون المسجّلون في نقابة المهندسين الأردنيين | B56: Engineers Registered at the Jordanian Engineers Syndicate | C56: M1 | D56: Number | E56: عدد | F56: ='Source Table'!$F$6 -> Male | G56: ='Source Table'!$F$5 -> ذكر | H56: ='Source Table'!$F$8 -> Foreign | I56: ='Source Table'!$F$7 -> أجنبي | J56: ='Source Table'!$B$13 -> Mining | K56: ='Source Table'!$I$13 -> تعدين | L56: 3 | M56: 2022
A57: المهندسون المسجّلون في نقابة المهندسين الأردنيين | B57: Engineers Registered at the Jordanian Engineers Syndicate | C57: M1 | D57: Number | E57: عدد | F57: ='Source Table'!$F$6 -> Male | G57: ='Source Table'!$F$5 -> ذكر | H57: ='Source Table'!$F$8 -> Foreign | I57: ='Source Table'!$F$7 -> أجنبي | J57: ='Source Table'!$B$14 -> Chemistry | K57: ='Source Table'!$I$14 -> كيمياء | L57: 4 | M57: 2022
A58: المهندسون المسجّلون في نقابة المهندسين الأردنيين | B58: Engineers Registered at the Jordanian Engineers Syndicate | C58: M1 | D58: Number | E58: عدد | F58: ='Source Table'!$C$6 -> Female | G58: ='Source Table'!$C$5 -> أنثى | H58: ='Source Table'!$H$8 -> Jordanian | I58: ='Source Table'!$H$7 -> أردني | J58: ='Source Table'!$B$9 -> Civil | K58: ='Source Table'!$I$9 -> مدني | L58: 12910 | M58: 2022
A59: المهندسون المسجّلون في نقابة المهندسين الأردنيين | B59: Engineers Registered at the Jordanian Engineers Syndicate | C59: M1 | D59: Number | E59: عدد | F59: ='Source Table'!$C$6 -> Female | G59: ='Source Table'!$C$5 -> أنثى | H59: ='Source Table'!$H$8 -> Jordanian | I59: ='Source Table'!$H$7 -> أردني | J59: ='Source Table'!$B$10 -> Architecture | K59: ='Source Table'!$I$10 -> عمارة | L59: 9113 | M59: 2022
A60: المهندسون المسجّلون في نقابة المهندسين الأردنيين | B60: Engineers Registered at the Jordanian Engineers Syndicate | C60: M1 | D60: Number | E60: عدد | F60: ='Source Table'!$C$6 -> Female | G60: ='Source Table'!$C$5 -> أنثى | H60: ='Source Table'!$H$8 -> Jordanian | I60: ='Source Table'!$H$7 -> أردني | J60: ='Source Table'!$B$11 -> Mechanical | K60: ='Source Table'!$I$11 -> ميكانيك | L60: 5175 | M60: 2022
A61: المهندسون المسجّلون في نقابة المهندسين الأردنيين | B61: Engineers Registered at the Jordanian Engineers Syndicate | C61: M1 | D61: Number | E61: عدد | F61: ='Source Table'!$C$6 -> Female | G61: ='Source Table'!$C$5 -> أنثى | H61: ='Source Table'!$H$8 -> Jordanian | I61: ='Source Table'!$H$7 -> أردني | J61: ='Source Table'!$B$12 -> Electricity | K61: ='Source Table'!$I$12 -> كهرباء | L61: 17401 | M61: 2022
A62: المهندسون المسجّلون في نقابة المهندسين الأردنيين | B62: Engineers Registered at the Jordanian Engineers Syndicate | C62: M1 | D62: Number | E62: عدد | F62: ='Source Table'!$C$6 -> Female | G62: ='Source Table'!$C$5 -> أنثى | H62: ='Source Table'!$H$8 -> Jordanian | I62: ='Source Table'!$H$7 -> أردني | J62: ='Source Table'!$B$13 -> Mining | K62: ='Source Table'!$I$13 -> تعدين | L62: 153 | M62: 2022
A63: المهندسون المسجّلون في نقابة المهندسين الأردنيين | B63: Engineers Registered at the Jordanian Engineers Syndicate | C63: M1 | D63: Number | E63: عدد | F63: ='Source Table'!$C$6 -> Female | G63: ='Source Table'!$C$5 -> أنثى | H63: ='Source Table'!$H$8 -> Jordanian | I63: ='Source Table'!$H$7 -> أردني | J63: ='Source Table'!$B$14 -> Chemistry | K63: ='Source Table'!$I$14 -> كيمياء | L63: 5100 | M63: 2022
A64: المهندسون المسجّلون في نقابة المهندسين الأردنيين | B64: Engineers Registered at the Jordanian Engineers Syndicate | C64: M1 | D64: Number | E64: عدد | F64: ='Source Table'!$C$6 -> Female | G64: ='Source Table'!$C$5 -> أنثى | H64: ='Source Table'!$G$8 -> Arab | I64: ='Source Table'!$G$7 -> عربي | J64: ='Source Table'!$B$9 -> Civil | K64: ='Source Table'!$I$9 -> مدني | L64: 196 | M64: 2022
A65: المهندسون المسجّلون في نقابة المهندسين الأردنيين | B65: Engineers Registered at the Jordanian Engineers Syndicate | C65: M1 | D65: Number | E65: عدد | F65: ='Source Table'!$C$6 -> Female | G65: ='Source Table'!$C$5 -> أنثى | H65: ='Source Table'!$G$8 -> Arab | I65: ='Source Table'!$G$7 -> عربي | J65: ='Source Table'!$B$10 -> Architecture | K65: ='Source Table'!$I$10 -> عمارة | L65: 349 | M65: 2022
A66: المهندسون المسجّلون في نقابة المهندسين الأردنيين | B66: Engineers Registered at the Jordanian Engineers Syndicate | C66: M1 | D66: Number | E66: عدد | F66: ='Source Table'!$C$6 -> Female | G66: ='Source Table'!$C$5 -> أنثى | H66: ='Source Table'!$G$8 -> Arab | I66: ='Source Table'!$G$7 -> عربي | J66: ='Source Table'!$B$11 -> Mechanical | K66: ='Source Table'!$I$11 -> ميكانيك | L66: 32 | M66: 2022
A67: المهندسون المسجّلون في نقابة المهندسين الأردنيين | B67: Engineers Registered at the Jordanian Engineers Syndicate | C67: M1 | D67: Number | E67: عدد | F67: ='Source Table'!$C$6 -> Female | G67: ='Source Table'!$C$5 -> أنثى | H67: ='Source Table'!$G$8 -> Arab | I67: ='Source Table'!$G$7 -> عربي | J67: ='Source Table'!$B$12 -> Electricity | K67: ='Source Table'!$I$12 -> كهرباء | L67: 130 | M67: 2022
A68: المهندسون المسجّلون في نقابة المهندسين الأردنيين | B68: Engineers Registered at the Jordanian Engineers Syndicate | C68: M1 | D68: Number | E68: عدد | F68: ='Source Table'!$C$6 -> Female | G68: ='Source Table'!$C$5 -> أنثى | H68: ='Source Table'!$G$8 -> Arab | I68: ='Source Table'!$G$7 -> عربي | J68: ='Source Table'!$B$13 -> Mining | K68: ='Source Table'!$I$13 -> تعدين | L68: 0 | M68: 2022
A69: المهندسون المسجّلون في نقابة المهندسين الأردنيين | B69: Engineers Registered at the Jordanian Engineers Syndicate | C69: M1 | D69: Number | E69: عدد | F69: ='Source Table'!$C$6 -> Female | G69: ='Source Table'!$C$5 -> أنثى | H69: ='Source Table'!$G$8 -> Arab | I69: ='Source Table'!$G$7 -> عربي | J69: ='Source Table'!$B$14 -> Chemistry | K69: ='Source Table'!$I$14 -> كيمياء | L69: 29 | M69: 2022
A70: المهندسون المسجّلون في نقابة المهندسين الأردنيين | B70: Engineers Registered at the Jordanian Engineers Syndicate | C70: M1 | D70: Number | E70: عدد | F70: ='Source Table'!$C$6 -> Female | G70: ='Source Table'!$C$5 -> أنثى | H70: ='Source Table'!$F$8 -> Foreign | I70: ='Source Table'!$F$7 -> أجنبي | J70: ='Source Table'!$B$9 -> Civil | K70: ='Source Table'!$I$9 -> مدني | L70: 23 | M70: 2022
A71: المهندسون المسجّلون في نقابة المهندسين الأردنيين | B71: Engineers Registered at the Jordanian Engineers Syndicate | C71: M1 | D71: Number | E71: عدد | F71: ='Source Table'!$C$6 -> Female | G71: ='Source Table'!$C$5 -> أنثى | H71: ='Source Table'!$F$8 -> Foreign | I71: ='Source Table'!$F$7 -> أجنبي | J71: ='Source Table'!$B$10 -> Architecture | K71: ='Source Table'!$I$10 -> عمارة | L71: 18 | M71: 2022
A72: المهندسون المسجّلون في نقابة المهندسين الأردنيين | B72: Engineers Registered at the Jordanian Engineers Syndicate | C72: M1 | D72: Number | E72: عدد | F72: ='Source Table'!$C$6 -> Female | G72: ='Source Table'!$C$5 -> أنثى | H72: ='Source Table'!$F$8 -> Foreign | I72: ='Source Table'!$F$7 -> أجنبي | J72: ='Source Table'!$B$11 -> Mechanical | K72: ='Source Table'!$I$11 -> ميكانيك | L72: 8 | M72: 2022
A73: المهندسون المسجّلون في نقابة المهندسين الأردنيين | B73: Engineers Registered at the Jordanian Engineers Syndicate | C73: M1 | D73: Number | E73: عدد | F73: ='Source Table'!$C$6 -> Female | G73: ='Source Table'!$C$5 -> أنثى | H73: ='Source Table'!$F$8 -> Foreign | I73: ='Source Table'!$F$7 -> أجنبي | J73: ='Source Table'!$B$12 -> Electricity | K73: ='Source Table'!$I$12 -> كهرباء | L73: 3 | M73: 2022
A74: المهندسون المسجّلون في نقابة المهندسين الأردنيين | B74: Engineers Registered at the Jordanian Engineers Syndicate | C74: M1 | D74: Number | E74: عدد | F74: ='Source Table'!$C$6 -> Female | G74: ='Source Table'!$C$5 -> أنثى | H74: ='Source Table'!$F$8 -> Foreign | I74: ='Source Table'!$F$7 -> أجنبي | J74: ='Source Table'!$B$13 -> Mining | K74: ='Source Table'!$I$13 -> تعدين | L74: 0 | M74: 2022
A75: المهندسون المسجّلون في نقابة المهندسين الأردنيين | B75: Engineers Registered at the Jordanian Engineers Syndicate | C75: M1 | D75: Number | E75: عدد | F75: ='Source Table'!$C$6 -> Female | G75: ='Source Table'!$C$5 -> أنثى | H75: ='Source Table'!$F$8 -> Foreign | I75: ='Source Table'!$F$7 -> أجنبي | J75: ='Source Table'!$B$14 -> Chemistry | K75: ='Source Table'!$I$14 -> كيمياء | L75: 3 | M75: 2022
A76: المهندسون المسجّلون في نقابة المهندسين الأردنيين | B76: Engineers Registered at the Jordanian Engineers Syndicate | C76: M1 | D76: Number | E76: عدد | F76: ='Source Table'!$F$6 -> Male | G76: ='Source Table'!$F$5 -> ذكر | H76: ='Source Table'!$H$8 -> Jordanian | I76: ='Source Table'!$H$7 -> أردني | J76: ='Source Table'!$B$9 -> Civil | K76: ='Source Table'!$I$9 -> مدني | L76: 38390 | M76: 2021
A77: المهندسون المسجّلون في نقابة المهندسين الأردنيين | B77: Engineers Registered at the Jordanian Engineers Syndicate | C77: M1 | D77: Number | E77: عدد | F77: ='Source Table'!$F$6 -> Male | G77: ='Source Table'!$F$5 -> ذكر | H77: ='Source Table'!$H$8 -> Jordanian | I77: ='Source Table'!$H$7 -> أردني | J77: ='Source Table'!$B$10 -> Architecture | K77: ='Source Table'!$I$10 -> عمارة | L77: 6637 | M77: 2021
A78: المهندسون المسجّلون في نقابة المهندسين الأردنيين | B78: Engineers Registered at the Jordanian Engineers Syndicate | C78: M1 | D78: Number | E78: عدد | F78: ='Source Table'!$F$6 -> Male | G78: ='Source Table'!$F$5 -> ذكر | H78: ='Source Table'!$H$8 -> Jordanian | I78: ='Source Table'!$H$7 -> أردني | J78: ='Source Table'!$B$11 -> Mechanical | K78: ='Source Table'!$I$11 -> ميكانيك | L78: 29134 | M78: 2021
A79: المهندسون المسجّلون في نقابة المهندسين الأردنيين | B79: Engineers Registered at the Jordanian Engineers Syndicate | C79: M1 | D79: Number | E79: عدد | F79: ='Source Table'!$F$6 -> Male | G79: ='Source Table'!$F$5 -> ذكر | H79: ='Source Table'!$H$8 -> Jordanian | I79: ='Source Table'!$H$7 -> أردني | J79: ='Source Table'!$B$12 -> Electricity | K79: ='Source Table'!$I$12 -> كهرباء | L79: 43318 | M79: 2021
A80: المهندسون المسجّلون في نقابة المهندسين الأردنيين | B80: Engineers Registered at the Jordanian Engineers Syndicate | C80: M1 | D80: Number | E80: عدد | F80: ='Source Table'!$F$6 -> Male | G80: ='Source Table'!$F$5 -> ذكر | H80: ='Source Table'!$H$8 -> Jordanian | I80: ='Source Table'!$H$7 -> أردني | J80: ='Source Table'!$B$13 -> Mining | K80: ='Source Table'!$I$13 -> تعدين | L80: 1460 | M80: 2021
A81: المهندسون المسجّلون في نقابة المهندسين الأردنيين | B81: Engineers Registered at the Jordanian Engineers Syndicate | C81: M1 | D81: Number | E81: عدد | F81: ='Source Table'!$F$6 -> Male | G81: ='Source Table'!$F$5 -> ذكر | H81: ='Source Table'!$H$8 -> Jordanian | I81: ='Source Table'!$H$7 -> أردني | J81: ='Source Table'!$B$14 -> Chemistry | K81: ='Source Table'!$I$14 -> كيمياء | L81: 4199 | M81: 2021
A82: المهندسون المسجّلون في نقابة المهندسين الأردنيين | B82: Engineers Registered at the Jordanian Engineers Syndicate | C82: M1 | D82: Number | E82: عدد | F82: ='Source Table'!$F$6 -> Male | G82: ='Source Table'!$F$5 -> ذكر | H82: ='Source Table'!$G$8 -> Arab | I82: ='Source Table'!$G$7 -> عربي | J82: ='Source Table'!$B$9 -> Civil | K82: ='Source Table'!$I$9 -> مدني | L82: 1559 | M82: 2021
A83: المهندسون المسجّلون في نقابة المهندسين الأردنيين | B83: Engineers Registered at the Jordanian Engineers Syndicate | C83: M1 | D83: Number | E83: عدد | F83: ='Source Table'!$F$6 -> Male | G83: ='Source Table'!$F$5 -> ذكر | H83: ='Source Table'!$G$8 -> Arab | I83: ='Source Table'!$G$7 -> عربي | J83: ='Source Table'!$B$10 -> Architecture | K83: ='Source Table'!$I$10 -> عمارة | L83: 494 | M83: 2021
A84: المهندسون المسجّلون في نقابة المهندسين الأردنيين | B84: Engineers Registered at the Jordanian Engineers Syndicate | C84: M1 | D84: Number | E84: عدد | F84: ='Source Table'!$F$6 -> Male | G84: ='Source Table'!$F$5 -> ذكر | H84: ='Source Table'!$G$8 -> Arab | I84: ='Source Table'!$G$7 -> عربي | J84: ='Source Table'!$B$11 -> Mechanical | K84: ='Source Table'!$I$11 -> ميكانيك | L84: 513 | M84: 2021
A85: المهندسون المسجّلون في نقابة المهندسين الأردنيين | B85: Engineers Registered at the Jordanian Engineers Syndicate | C85: M1 | D85: Number | E85: عدد | F85: ='Source Table'!$F$6 -> Male | G85: ='Source Table'!$F$5 -> ذكر | H85: ='Source Table'!$G$8 -> Arab | I85: ='Source Table'!$G$7 -> عربي | J85: ='Source Table'!$B$12 -> Electricity | K85: ='Source Table'!$I$12 -> كهرباء | L85: 864 | M85: 2021
A86: المهندسون المسجّلون في نقابة المهندسين الأردنيين | B86: Engineers Registered at the Jordanian Engineers Syndicate | C86: M1 | D86: Number | E86: عدد | F86: ='Source Table'!$F$6 -> Male | G86: ='Source Table'!$F$5 -> ذكر | H86: ='Source Table'!$G$8 -> Arab | I86: ='Source Table'!$G$7 -> عربي | J86: ='Source Table'!$B$13 -> Mining | K86: ='Source Table'!$I$13 -> تعدين | L86: 17 | M86: 2021
A87: المهندسون المسجّلون في نقابة المهندسين الأردنيين | B87: Engineers Registered at the Jordanian Engineers Syndicate | C87: M1 | D87: Number | E87: عدد | F87: ='Source Table'!$F$6 -> Male | G87: ='Source Table'!$F$5 -> ذكر | H87: ='Source Table'!$G$8 -> Arab | I87: ='Source Table'!$G$7 -> عربي | J87: ='Source Table'!$B$14 -> Chemistry | K87: ='Source Table'!$I$14 -> كيمياء | L87: 60 | M87: 2021
A88: المهندسون المسجّلون في نقابة المهندسين الأردنيين | B88: Engineers Registered at the Jordanian Engineers Syndicate | C88: M1 | D88: Number | E88: عدد | F88: ='Source Table'!$F$6 -> Male | G88: ='Source Table'!$F$5 -> ذكر | H88: ='Source Table'!$F$8 -> Foreign | I88: ='Source Table'!$F$7 -> أجنبي | J88: ='Source Table'!$B$9 -> Civil | K88: ='Source Table'!$I$9 -> مدني | L88: 178 | M88: 2021
A89: المهندسون المسجّلون في نقابة المهندسين الأردنيين | B89: Engineers Registered at the Jordanian Engineers Syndicate | C89: M1 | D89: Number | E89: عدد | F89: ='Source Table'!$F$6 -> Male | G89: ='Source Table'!$F$5 -> ذكر | H89: ='Source Table'!$F$8 -> Foreign | I89: ='Source Table'!$F$7 -> أجنبي | J89: ='Source Table'!$B$10 -> Architecture | K89: ='Source Table'!$I$10 -> عمارة | L89: 38 | M89: 2021
A90: المهندسون المسجّلون في نقابة المهندسين الأردنيين | B90: Engineers Registered at the Jordanian Engineers Syndicate | C90: M1 | D90: Number | E90: عدد | F90: ='Source Table'!$F$6 -> Male | G90: ='Source Table'!$F$5 -> ذكر | H90: ='Source Table'!$F$8 -> Foreign | I90: ='Source Table'!$F$7 -> أجنبي | J90: ='Source Table'!$B$11 -> Mechanical | K90: ='Source Table'!$I$11 -> ميكانيك | L90: 36 | M90: 2021
A91: المهندسون المسجّلون في نقابة المهندسين الأردنيين | B91: Engineers Registered at the Jordanian Engineers Syndicate | C91: M1 | D91: Number | E91: عدد | F91: ='Source Table'!$F$6 -> Male | G91: ='Source Table'!$F$5 -> ذكر | H91: ='Source Table'!$F$8 -> Foreign | I91: ='Source Table'!$F$7 -> أجنبي | J91: ='Source Table'!$B$12 -> Electricity | K91: ='Source Table'!$I$12 -> كهرباء | L91: 30 | M91: 2021
A92: المهندسون المسجّلون في نقابة المهندسين الأردنيين | B92: Engineers Registered at the Jordanian Engineers Syndicate | C92: M1 | D92: Number | E92: عدد | F92: ='Source Table'!$F$6 -> Male | G92: ='Source Table'!$F$5 -> ذكر | H92: ='Source Table'!$F$8 -> Foreign | I92: ='Source Table'!$F$7 -> أجنبي | J92: ='Source Table'!$B$13 -> Mining | K92: ='Source Table'!$I$13 -> تعدين | L92: 3 | M92: 2021
A93: المهندسون المسجّلون في نقابة المهندسين الأردنيين | B93: Engineers Registered at the Jordanian Engineers Syndicate | C93: M1 | D93: Number | E93: عدد | F93: ='Source Table'!$F$6 -> Male | G93: ='Source Table'!$F$5 -> ذكر | H93: ='Source Table'!$F$8 -> Foreign | I93: ='Source Table'!$F$7 -> أجنبي | J93: ='Source Table'!$B$14 -> Chemistry | K93: ='Source Table'!$I$14 -> كيمياء | L93: 3 | M93: 2021
A94: المهندسون المسجّلون في نقابة المهندسين الأردنيين | B94: Engineers Registered at the Jordanian Engineers Syndicate | C94: M1 | D94: Number | E94: عدد | F94: ='Source Table'!$C$6 -> Female | G94: ='Source Table'!$C$5 -> أنثى | H94: ='Source Table'!$H$8 -> Jordanian | I94: ='Source Table'!$H$7 -> أردني | J94: ='Source Table'!$B$9 -> Civil | K94: ='Source Table'!$I$9 -> مدني | L94: 11752 | M94: 2021
A95: المهندسون المسجّلون في نقابة المهندسين الأردنيين | B95: Engineers Registered at the Jordanian Engineers Syndicate | C95: M1 | D95: Number | E95: عدد | F95: ='Source Table'!$C$6 -> Female | G95: ='Source Table'!$C$5 -> أنثى | H95: ='Source Table'!$H$8 -> Jordanian | I95: ='Source Table'!$H$7 -> أردني | J95: ='Source Table'!$B$10 -> Architecture | K95: ='Source Table'!$I$10 -> عمارة | L95: 8088 | M95: 2021
A96: المهندسون المسجّلون في نقابة المهندسين الأردنيين | B96: Engineers Registered at the Jordanian Engineers Syndicate | C96: M1 | D96: Number | E96: عدد | F96: ='Source Table'!$C$6 -> Female | G96: ='Source Table'!$C$5 -> أنثى | H96: ='Source Table'!$H$8 -> Jordanian | I96: ='Source Table'!$H$7 -> أردني | J96: ='Source Table'!$B$11 -> Mechanical | K96: ='Source Table'!$I$11 -> ميكانيك | L96: 4655 | M96: 2021
A97: المهندسون المسجّلون في نقابة المهندسين الأردنيين | B97: Engineers Registered at the Jordanian Engineers Syndicate | C97: M1 | D97: Number | E97: عدد | F97: ='Source Table'!$C$6 -> Female | G97: ='Source Table'!$C$5 -> أنثى | H97: ='Source Table'!$H$8 -> Jordanian | I97: ='Source Table'!$H$7 -> أردني | J97: ='Source Table'!$B$12 -> Electricity | K97: ='Source Table'!$I$12 -> كهرباء | L97: 16033 | M97: 2021
A98: المهندسون المسجّلون في نقابة المهندسين الأردنيين | B98: Engineers Registered at the Jordanian Engineers Syndicate | C98: M1 | D98: Number | E98: عدد | F98: ='Source Table'!$C$6 -> Female | G98: ='Source Table'!$C$5 -> أنثى | H98: ='Source Table'!$H$8 -> Jordanian | I98: ='Source Table'!$H$7 -> أردني | J98: ='Source Table'!$B$13 -> Mining | K98: ='Source Table'!$I$13 -> تعدين | L98: 149 | M98: 2021
A99: المهندسون المسجّلون في نقابة المهندسين الأردنيين | B99: Engineers Registered at the Jordanian Engineers Syndicate | C99: M1 | D99: Number | E99: عدد | F99: ='Source Table'!$C$6 -> Female | G99: ='Source Table'!$C$5 -> أنثى | H99: ='Source Table'!$H$8 -> Jordanian | I99: ='Source Table'!$H$7 -> أردني | J99: ='Source Table'!$B$14 -> Chemistry | K99: ='Source Table'!$I$14 -> كيمياء | L99: 4752 | M99: 2021
A100: المهندسون المسجّلون في نقابة المهندسين الأردنيين | B100: Engineers Registered at the Jordanian Engineers Syndicate | C100: M1 | D100: Number | E100: عدد | F100: ='Source Table'!$C$6 -> Female | G100: ='Source Table'!$C$5 -> أنثى | H100: ='Source Table'!$G$8 -> Arab | I100: ='Source Table'!$G$7 -> عربي | J100: ='Source Table'!$B$9 -> Civil | K100: ='Source Table'!$I$9 -> مدني | L100: 196 | M100: 2021
...

Sheet Template Data
A1: Date | B1: =DATE(B2,B3,1) -> 45292
A2: Year | B2: 2024
A3: Month | B3: 1
A4: Measure_Name_Ar | B4: Measure_Name_En | C4: Measure_ID | D4: Unit_EN | E4: Unit_AR | F4: CL_SEX_EN_V1 | G4: CL_SEX_AR_V1 | H4: CL_NATIONALITY_EN_V4 | I4: CL_NATIONALITY_AR_V4 | J4: CL_ENG_SPECALIZATION_EN_V1 | K4: CL_ENG_SPECALIZATION_AR_V1 | L4: Obs_Value | M4: Time_Period_Y | N4: Time_Period_M
A5: اسم المؤشر | B5: Measure Name | C5: رمز المؤشر | D5: Unit | E5: الوحدة | F5: Sex | G5: الجنس | H5: Nationality | I5: الجنسية | J5: Engineers Specialization | K5: التخصص الهندسي | L5: قيمة المؤشر | M5: سنة فترة القياس | N5: شهر فترة القياس

Sheet Help
A2: Step 1: Cover Page | C2: الخطوة 1: Cover Page
A4: Update the template information, to ensure that any meta-information about the template, such as the title, version, and description, is accurate and up-to-date. | C4: قم بتحديث معلومات القالب للتأكد من أن أي معلومات وصفية حول القالب، مثل العنوان والإصدار والوصف، دقيقة ومحدثة.
A6: Step 2: Source Table | C6: الخطوة 2: Source Table
A8: Design your template, ensuring that the time period is mapped correctly to the date information in rows 1-3 of the Template Data Sheet. | C8: قم بتصميم القالب الخاص بك، مع التأكد من أن فترة الوقت مرتبطة بشكل صحيح مع معلومات التاريخ في الصفوف 1-3 في ورقة Template Data.
A10: Step 3: Relational Sheet | C10: الخطوة 3: Relational Sheet
A12: Unpivot the data in the source table into a flat format. Follow these guidelines: | C12: قم بتحويل البيانات في جدول المصدر إلى تنسيق مسطح. اتبع هذه الإرشادات:
A13: 1. Blue Columns: Do not change the names of the blue columns. Update the data as per the current template. | C13: 1. الأعمدة الزرقاء: لا تقم بتغيير أسماء الأعمدة الزرقاء. قم بتحديث البيانات وفقًا للقالب الحالي.
A14: 2. Code Lists: Use the naming convention CL_XXX_EN_V# for code lists, where XXX is the name, and V# is the version, conforming with the definitions in the data dictionary. | C14: 2. قوائم الرموز: استخدم قاعدة التسمية CL_XXX_EN_V# لقوائم الرموز، حيث أن XXX هو الاسم و V# هو الإصدار، وفقًا للتعريفات في قاموس البيانات.
A15: 3. Code List Values: Ensure the code list values match the definitions in the data dictionary. | C15: 3. قيم قائمة الرموز: تأكد من أن قيم قائمة الرموز تتوافق مع التعريفات في قاموس البيانات.
A16: 4. Time_Period_M: Leave empty if the data frequency is yearly. | C16: 4. Time_Period_M: اتركها فارغة إذا كانت دورية البيانات سنوية.
A17: 5. Time_Period_M Format: Use one of these formats: | C17: 5. تنسيق Time_Period_M: استخدم أحد التنسيقات التالية:
A18: Numeric: (1, 2, 3, ..., 12) for months. | C18: رقمي: (1، 2، 3، ...، 12) للأشهر.
... A38: Protect the entire workbook to prevent unauthorized or accidental changes to the structure of the file. | C38: قم بحماية الكتاب بأكمله لمنع التغييرات غير المصرح بها أو غير المقصودة على هيكل الملف.
