Workbook
Name _Toc175817975: 'Relational DB'!$J$4
Name _Toc175817976: 'Relational DB'!$J$10
Name _Toc175817980: 'Relational DB'!$J$5
Name _Toc175817981: 'Relational DB'!$J$11
Name _Toc175817985: 'Relational DB'!$J$6
Name _Toc175817986: 'Relational DB'!$J$12
Name _Toc175817990: 'Relational DB'!$J$7
Name _Toc175817991: 'Relational DB'!$J$13
Name _Toc175817995: 'Relational DB'!$J$8
Name _Toc175817996: 'Relational DB'!$J$14
Name _Toc175818000: 'Relational DB'!$J$9
Name _Toc175818001: 'Relational DB'!$J$15

Sheet Cover Page
A1: Code | B1: SYB_19_2_4
A2: Version | B2: V1
A3: اسم القالب | B3: المهندسون الزراعيون المسجّلون في نقابة المهندسين الزراعيين حسب التخصص والجنس
A4: Template Name | B4: Agricultural Engineers Registered at the Agricultural Engineers Syndicate by Specialization and Sex
A5: دورية البيانات | B5: سنوي
A6: Data Frequency | B6: Annual
A7: الجهة المصدرية | B7: نقابة المهندسين الزراعيين
A8: Data Source | B8: Agricultural Engineers Syndicate

Sheet Source Table
B2: ='Cover Page'!B4 -> Agricultural Engineers Registered at the Agricultural Engineers Syndicate by Specialization and Sex
B3: ='Cover Page'!B3 -> المهندسون الزراعيون المسجّلون في نقابة المهندسين الزراعيين حسب التخصص والجنس
B4: Year | C4: =YEAR('Template Data'!B1) -> 2024 | E4: السنة
B5: Specialization | C5: أنثى | D5: ذكر | E5: التخصص
C6: Female | D6: Male
B7: Plants Protection | E7: الوقاية النباتية
B8: Plants Production | E8: الإنتاج النباتي
B9: Agricultural Economics | E9: الاقتصاد الزراعي
B10: Animal Production | E10: الإنتاج الحيواني
B11: Environment & Irrigation | E11: الموارد المائيةوالبيئة
B12: Nutrition and Industries | E12: التغذية والصناعات

Sheet Relational DB
A1: Relational Sheet
A2: Measure_Name_Ar | B2: Measure_Name_En | C2: Measure_ID | D2: Unit_EN | E2: Unit_AR | F2: CL_SEX_EN_V1 | G2: CL_SEX_AR_V1 | H2: CL_AGR_ENG_SPECALIZATION_EN_V1 | I2: CL_AGR_ENG_SPECALIZATION_AR_V1 | J2: Obs_Value | K2: Time_Period_Y | L2: Time_Period_M
A3: اسم المؤشر | B3: Measure Name | C3: رمز المؤشر | D3: Unit | E3: الوحدة | F3: Sex | G3: الجنس | H3: Agricultural Engineers Specialization | I3: تخصص المهندسون الزراعيون | J3: قيمة المؤشر | K3: سنة فترة القياس | L3: شهر فترة القياس
A4: المهندسون الزراعيون المسجّلون في نقابة المهندسين الزراعيين | B4: Agricultural Engineers Registered at the Agricultural Engineers Syndicate | C4: M1 | D4: Number | E4: عدد | F4: ='Source Table'!$D$6 -> Male | G4: ='Source Table'!$D$5 -> ذكر | H4: ='Source Table'!$B$7 -> Plants Protection | I4: ='Source Table'!$E$7 -> الوقاية النباتية | J4: 820 | K4: 2023
A5: المهندسون الزراعيون المسجّلون في نقابة المهندسين الزراعيين | B5: Agricultural Engineers Registered at the Agricultural Engineers Syndicate | C5: M1 | D5: Number | E5: عدد | F5: ='Source Table'!$D$6 -> Male | G5: ='Source Table'!$D$5 -> ذكر | H5: ='Source Table'!$B$8 -> Plants Production | I5: ='Source Table'!$E$8 -> الإنتاج النباتي | J5: 3312 | K5: 2023
A6: المهندسون الزراعيون المسجّلون في نقابة المهندسين الزراعيين | B6: Agricultural Engineers Registered at the Agricultural Engineers Syndicate | C6: M1 | D6: Number | E6: عدد | F6: ='Source Table'!$D$6 -> Male | G6: ='Source Table'!$D$5 -> ذكر | H6: ='Source Table'!$B$9 -> Agricultural Economics | I6: ='Source Table'!$E$9 -> الاقتصاد الزراعي | J6: 762 | K6: 2023
A7: المهندسون الزراعيون المسجّلون في نقابة المهندسين الزراعيين | B7: Agricultural Engineers Registered at the Agricultural Engineers Syndicate | C7: M1 | D7: Number | E7: عدد | F7: ='Source Table'!$D$6 -> Male | G7: ='Source Table'!$D$5 -> ذكر | H7: ='Source Table'!$B$10 -> Animal Production | I7: ='Source Table'!$E$10 -> الإنتاج الحيواني | J7: 1884 | K7: 2023
A8: المهندسون الزراعيون المسجّلون في نقابة المهندسين الزراعيين | B8: Agricultural Engineers Registered at the Agricultural Engineers Syndicate | C8: M1 | D8: Number | E8: عدد | F8: ='Source Table'!$D$6 -> Male | G8: ='Source Table'!$D$5 -> ذكر | H8: ='Source Table'!$B$11 -> Environment & Irrigation | I8: ='Source Table'!$E$11 -> الموارد المائيةوالبيئة | J8: 1048 | K8: 2023
A9: المهندسون الزراعيون المسجّلون في نقابة المهندسين الزراعيين | B9: Agricultural Engineers Registered at the Agricultural Engineers Syndicate | C9: M1 | D9: Number | E9: عدد | F9: ='Source Table'!$D$6 -> Male | G9: ='Source Table'!$D$5 -> ذكر | H9: ='Source Table'!$B$12 -> Nutrition and Industries | I9: ='Source Table'!$E$12 -> التغذية والصناعات | J9: 1785 | K9: 2023
A10: المهندسون الزراعيون المسجّلون في نقابة المهندسين الزراعيين | B10: Agricultural Engineers Registered at the Agricultural Engineers Syndicate | C10: M1 | D10: Number | E10: عدد | F10: ='Source Table'!$C$6 -> Female | G10: ='Source Table'!$C$5 -> أنثى | H10: ='Source Table'!$B$7 -> Plants Protection | I10: ='Source Table'!$E$7 -> الوقاية النباتية | J10: 451 | K10: 2023
A11: المهندسون الزراعيون المسجّلون في نقابة المهندسين الزراعيين | B11: Agricultural Engineers Registered at the Agricultural Engineers Syndicate | C11: M1 | D11: Number | E11: عدد | F11: ='Source Table'!$C$6 -> Female | G11: ='Source Table'!$C$5 -> أنثى | H11: ='Source Table'!$B$8 -> Plants Production | I11: ='Source Table'!$E$8 -> الإنتاج النباتي | J11: 2467 | K11: 2023
A12: المهندسون الزراعيون المسجّلون في نقابة المهندسين الزراعيين | B12: Agricultural Engineers Registered at the Agricultural Engineers Syndicate | C12: M1 | D12: Number | E12: عدد | F12: ='Source Table'!$C$6 -> Female | G12: ='Source Table'!$C$5 -> أنثى | H12: ='Source Table'!$B$9 -> Agricultural Economics | I12: ='Source Table'!$E$9 -> الاقتصاد الزراعي | J12: 643 | K12: 2023
A13: المهندسون الزراعيون المسجّلون في نقابة المهندسين الزراعيين | B13: Agricultural Engineers Registered at the Agricultural Engineers Syndicate | C13: M1 | D13: Number | E13: عدد | F13: ='Source Table'!$C$6 -> Female | G13: ='Source Table'!$C$5 -> أنثى | H13: ='Source Table'!$B$10 -> Animal Production | I13: ='Source Table'!$E$10 -> الإنتاج الحيواني | J13: 371 | K13: 2023
A14: المهندسون الزراعيون المسجّلون في نقابة المهندسين الزراعيين | B14: Agricultural Engineers Registered at the Agricultural Engineers Syndicate | C14: M1 | D14: Number | E14: عدد | F14: ='Source Table'!$C$6 -> Female | G14: ='Source Table'!$C$5 -> أنثى | H14: ='Source Table'!$B$11 -> Environment & Irrigation | I14: ='Source Table'!$E$11 -> الموارد المائيةوالبيئة | J14: 1883 | K14: 2023
A15: المهندسون الزراعيون المسجّلون في نقابة المهندسين الزراعيين | B15: Agricultural Engineers Registered at the Agricultural Engineers Syndicate | C15: M1 | D15: Number | E15: عدد | F15: ='Source Table'!$C$6 -> Female | G15: ='Source Table'!$C$5 -> أنثى | H15: ='Source Table'!$B$12 -> Nutrition and Industries | I15: ='Source Table'!$E$12 -> التغذية والصناعات | J15: 5119 | K15: 2023
A16: المهندسون الزراعيون المسجّلون في نقابة المهندسين الزراعيين | B16: Agricultural Engineers Registered at the Agricultural Engineers Syndicate | C16: M1 | D16: Number | E16: عدد | F16: ='Source Table'!$D$6 -> Male | G16: ='Source Table'!$D$5 -> ذكر | H16: ='Source Table'!$B$7 -> Plants Protection | I16: ='Source Table'!$E$7 -> الوقاية النباتية | J16: 755 | K16: 2022
A17: المهندسون الزراعيون المسجّلون في نقابة المهندسين الزراعيين | B17: Agricultural Engineers Registered at the Agricultural Engineers Syndicate | C17: M1 | D17: Number | E17: عدد | F17: ='Source Table'!$D$6 -> Male | G17: ='Source Table'!$D$5 -> ذكر | H17: ='Source Table'!$B$8 -> Plants Production | I17: ='Source Table'!$E$8 -> الإنتاج النباتي | J17: 2870 | K17: 2022
A18: المهندسون الزراعيون المسجّلون في نقابة المهندسين الزراعيين | B18: Agricultural Engineers Registered at the Agricultural Engineers Syndicate | C18: M1 | D18: Number | E18: عدد | F18: ='Source Table'!$D$6 -> Male | G18: ='Source Table'!$D$5 -> ذكر | H18: ='Source Table'!$B$9 -> Agricultural Economics | I18: ='Source Table'!$E$9 -> الاقتصاد الزراعي | J18: 747 | K18: 2022
A19: المهندسون الزراعيون المسجّلون في نقابة المهندسين الزراعيين | B19: Agricultural Engineers Registered at the Agricultural Engineers Syndicate | C19: M1 | D19: Number | E19: عدد | F19: ='Source Table'!$D$6 -> Male | G19: ='Source Table'!$D$5 -> ذكر | H19: ='Source Table'!$B$10 -> Animal Production | I19: ='Source Table'!$E$10 -> الإنتاج الحيواني | J19: 1669 | K19: 2022
A20: المهندسون الزراعيون المسجّلون في نقابة المهندسين الزراعيين | B20: Agricultural Engineers Registered at the Agricultural Engineers Syndicate | C20: M1 | D20: Number | E20: عدد | F20: ='Source Table'!$D$6 -> Male | G20: ='Source Table'!$D$5 -> ذكر | H20: ='Source Table'!$B$11 -> Environment & Irrigation | I20: ='Source Table'!$E$11 -> الموارد المائيةوالبيئة | J20: 1001 | K20: 2022
A21: المهندسون الزراعيون المسجّلون في نقابة المهندسين الزراعيين | B21: Agricultural Engineers Registered at the Agricultural Engineers Syndicate | C21: M1 | D21: Number | E21: عدد | F21: ='Source Table'!$D$6 -> Male | G21: ='Source Table'!$D$5 -> ذكر | H21: ='Source Table'!$B$12 -> Nutrition and Industries | I21: ='Source Table'!$E$12 -> التغذية والصناعات | J21: 1650 | K21: 2022
A22: المهندسون الزراعيون المسجّلون في نقابة المهندسين الزراعيين | B22: Agricultural Engineers Registered at the Agricultural Engineers Syndicate | C22: M1 | D22: Number | E22: عدد | F22: ='Source Table'!$C$6 -> Female | G22: ='Source Table'!$C$5 -> أنثى | H22: ='Source Table'!$B$7 -> Plants Protection | I22: ='Source Table'!$E$7 -> الوقاية النباتية | J22: 432 | K22: 2022
A23: المهندسون الزراعيون المسجّلون في نقابة المهندسين الزراعيين | B23: Agricultural Engineers Registered at the Agricultural Engineers Syndicate | C23: M1 | D23: Number | E23: عدد | F23: ='Source Table'!$C$6 -> Female | G23: ='Source Table'!$C$5 -> أنثى | H23: ='Source Table'!$B$8 -> Plants Production | I23: ='Source Table'!$E$8 -> الإنتاج النباتي | J23: 2241 | K23: 2022
A24: المهندسون الزراعيون المسجّلون في نقابة المهندسين الزراعيين | B24: Agricultural Engineers Registered at the Agricultural Engineers Syndicate | C24: M1 | D24: Number | E24: عدد | F24: ='Source Table'!$C$6 -> Female | G24: ='Source Table'!$C$5 -> أنثى | H24: ='Source Table'!$B$9 -> Agricultural Economics | I24: ='Source Table'!$E$9 -> الاقتصاد الزراعي | J24: 635 | K24: 2022
A25: المهندسون الزراعيون المسجّلون في نقابة المهندسين الزراعيين | B25: Agricultural Engineers Registered at the Agricultural Engineers Syndicate | C25: M1 | D25: Number | E25: عدد | F25: ='Source Table'!$C$6 -> Female | G25: ='Source Table'!$C$5 -> أنثى | H25: ='Source Table'!$B$10 -> Animal Production | I25: ='Source Table'!$E$10 -> الإنتاج الحيواني | J25: 332 | K25: 2022
A26: المهندسون الزراعيون المسجّلون في نقابة المهندسين الزراعيين | B26: Agricultural Engineers Registered at the Agricultural Engineers Syndicate | C26: M1 | D26: Number | E26: عدد | F26: ='Source Table'!$C$6 -> Female | G26: ='Source Table'!$C$5 -> أنثى | H26: ='Source Table'!$B$11 -> Environment & Irrigation | I26: ='Source Table'!$E$11 -> الموارد المائيةوالبيئة | J26: 1805 | K26: 2022
A27: المهندسون الزراعيون المسجّلون في نقابة المهندسين الزراعيين | B27: Agricultural Engineers Registered at the Agricultural Engineers Syndicate | C27: M1 | D27: Number | E27: عدد | F27: ='Source Table'!$C$6 -> Female | G27: ='Source Table'!$C$5 -> أنثى | H27: ='Source Table'!$B$12 -> Nutrition and Industries | I27: ='Source Table'!$E$12 -> التغذية والصناعات | J27: 4785 | K27: 2022
A28: المهندسون الزراعيون المسجّلون في نقابة المهندسين الزراعيين | B28: Agricultural Engineers Registered at the Agricultural Engineers Syndicate | C28: M1 | D28: Number | E28: عدد | F28: ='Source Table'!$D$6 -> Male | G28: ='Source Table'!$D$5 -> ذكر | H28: ='Source Table'!$B$7 -> Plants Protection | I28: ='Source Table'!$E$7 -> الوقاية النباتية | J28: 801 | K28: 2020
A29: المهندسون الزراعيون المسجّلون في نقابة المهندسين الزراعيين | B29: Agricultural Engineers Registered at the Agricultural Engineers Syndicate | C29: M1 | D29: Number | E29: عدد | F29: ='Source Table'!$D$6 -> Male | G29: ='Source Table'!$D$5 -> ذكر | H29: ='Source Table'!$B$8 -> Plants Production | I29: ='Source Table'!$E$8 -> الإنتاج النباتي | J29: 2863 | K29: 2020
A30: المهندسون الزراعيون المسجّلون في نقابة المهندسين الزراعيين | B30: Agricultural Engineers Registered at the Agricultural Engineers Syndicate | C30: M1 | D30: Number | E30: عدد | F30: ='Source Table'!$D$6 -> Male | G30: ='Source Table'!$D$5 -> ذكر | H30: ='Source Table'!$B$9 -> Agricultural Economics | I30: ='Source Table'!$E$9 -> الاقتصاد الزراعي | J30: 743 | K30: 2020
A31: المهندسون الزراعيون المسجّلون في نقابة المهندسين الزراعيين | B31: Agricultural Engineers Registered at the Agricultural Engineers Syndicate | C31: M1 | D31: Number | E31: عدد | F31: ='Source Table'!$D$6 -> Male | G31: ='Source Table'!$D$5 -> ذكر | H31: ='Source Table'!$B$10 -> Animal Production | I31: ='Source Table'!$E$10 -> الإنتاج الحيواني | J31: 1658 | K31: 2020
A32: المهندسون الزراعيون المسجّلون في نقابة المهندسين الزراعيين | B32: Agricultural Engineers Registered at the Agricultural Engineers Syndicate | C32: M1 | D32: Number | E32: عدد | F32: ='Source Table'!$D$6 -> Male | G32: ='Source Table'!$D$5 -> ذكر | H32: ='Source Table'!$B$11 -> Environment & Irrigation | I32: ='Source Table'!$E$11 -> الموارد المائيةوالبيئة | J32: 974 | K32: 2020
A33: المهندسون الزراعيون المسجّلون في نقابة المهندسين الزراعيين | B33: Agricultural Engineers Registered at the Agricultural Engineers Syndicate | C33: M1 | D33: Number | E33: عدد | F33: ='Source Table'!$D$6 -> Male | G33: ='Source Table'!$D$5 -> ذكر | H33: ='Source Table'!$B$12 -> Nutrition and Industries | I33: ='Source Table'!$E$12 -> التغذية والصناعات | J33: 1375 | K33: 2020
A34: المهندسون الزراعيون المسجّلون في نقابة المهندسين الزراعيين | B34: Agricultural Engineers Registered at the Agricultural Engineers Syndicate | C34: M1 | D34: Number | E34: عدد | F34: ='Source Table'!$C$6 -> Female | G34: ='Source Table'!$C$5 -> أنثى | H34: ='Source Table'!$B$7 -> Plants Protection | I34: ='Source Table'!$E$7 -> الوقاية النباتية | J34: 425 | K34: 2020
A35: المهندسون الزراعيون المسجّلون في نقابة المهندسين الزراعيين | B35: Agricultural Engineers Registered at the Agricultural Engineers Syndicate | C35: M1 | D35: Number | E35: عدد | F35: ='Source Table'!$C$6 -> Female | G35: ='Source Table'!$C$5 -> أنثى | H35: ='Source Table'!$B$8 -> Plants Production | I35: ='Source Table'!$E$8 -> الإنتاج النباتي | J35: 2166 | K35: 2020
A36: المهندسون الزراعيون المسجّلون في نقابة المهندسين الزراعيين | B36: Agricultural Engineers Registered at the Agricultural Engineers Syndicate | C36: M1 | D36: Number | E36: عدد | F36: ='Source Table'!$C$6 -> Female | G36: ='Source Table'!$C$5 -> أنثى | H36: ='Source Table'!$B$9 -> Agricultural Economics | I36: ='Source Table'!$E$9 -> الاقتصاد الزراعي | J36: 624 | K36: 2020
A37: المهندسون الزراعيون المسجّلون في نقابة المهندسين الزراعيين | B37: Agricultural Engineers Registered at the Agricultural Engineers Syndicate | C37: M1 | D37: Number | E37: عدد | F37: ='Source Table'!$C$6 -> Female | G37: ='Source Table'!$C$5 -> أنثى | H37: ='Source Table'!$B$10 -> Animal Production | I37: ='Source Table'!$E$10 -> الإنتاج الحيواني | J37: 332 | K37: 2020
A38: المهندسون الزراعيون المسجّلون في نقابة المهندسين الزراعيين | B38: Agricultural Engineers Registered at the Agricultural Engineers Syndicate | C38: M1 | D38: Number | E38: عدد | F38: ='Source Table'!$C$6 -> Female | G38: ='Source Table'!$C$5 -> أنثى | H38: ='Source Table'!$B$11 -> Environment & Irrigation | I38: ='Source Table'!$E$11 -> الموارد المائيةوالبيئة | J38: 1681 | K38: 2020
A39: المهندسون الزراعيون المسجّلون في نقابة المهندسين الزراعيين | B39: Agricultural Engineers Registered at the Agricultural Engineers Syndicate | C39: M1 | D39: Number | E39: عدد | F39: ='Source Table'!$C$6 -> Female | G39: ='Source Table'!$C$5 -> أنثى | H39: ='Source Table'!$B$12 -> Nutrition and Industries | I39: ='Source Table'!$E$12 -> التغذية والصناعات | J39: 4061 | K39: 2020
A40: المهندسون الزراعيون المسجّلون في نقابة المهندسين الزراعيين | B40: Agricultural Engineers Registered at the Agricultural Engineers Syndicate | C40: M1 | D40: Number | E40: عدد | F40: ='Source Table'!$D$6 -> Male | G40: ='Source Table'!$D$5 -> ذكر | H40: ='Source Table'!$B$7 -> Plants Protection | I40: ='Source Table'!$E$7 -> الوقاية النباتية | J40: 808 | K40: 2021
A41: المهندسون الزراعيون المسجّلون في نقابة المهندسين الزراعيين | B41: Agricultural Engineers Registered at the Agricultural Engineers Syndicate | C41: M1 | D41: Number | E41: عدد | F41: ='Source Table'!$D$6 -> Male | G41: ='Source Table'!$D$5 -> ذكر | H41: ='Source Table'!$B$8 -> Plants Production | I41: ='Source Table'!$E$8 -> الإنتاج النباتي | J41: 3019 | K41: 2021
A42: المهندسون الزراعيون المسجّلون في نقابة المهندسين الزراعيين | B42: Agricultural Engineers Registered at the Agricultural Engineers Syndicate | C42: M1 | D42: Number | E42: عدد | F42: ='Source Table'!$D$6 -> Male | G42: ='Source Table'!$D$5 -> ذكر | H42: ='Source Table'!$B$9 -> Agricultural Economics | I42: ='Source Table'!$E$9 -> الاقتصاد الزراعي | J42: 762 | K42: 2021
A43: المهندسون الزراعيون المسجّلون في نقابة المهندسين الزراعيين | B43: Agricultural Engineers Registered at the Agricultural Engineers Syndicate | C43: M1 | D43: Number | E43: عدد | F43: ='Source Table'!$D$6 -> Male | G43: ='Source Table'!$D$5 -> ذكر | H43: ='Source Table'!$B$10 -> Animal Production | I43: ='Source Table'!$E$10 -> الإنتاج الحيواني | J43: 1751 | K43: 2021
A44: المهندسون الزراعيون المسجّلون في نقابة المهندسين الزراعيين | B44: Agricultural Engineers Registered at the Agricultural Engineers Syndicate | C44: M1 | D44: Number | E44: عدد | F44: ='Source Table'!$D$6 -> Male | G44: ='Source Table'!$D$5 -> ذكر | H44: ='Source Table'!$B$11 -> Environment & Irrigation | I44: ='Source Table'!$E$11 -> الموارد المائيةوالبيئة | J44: 1010 | K44: 2021
A45: المهندسون الزراعيون المسجّلون في نقابة المهندسين الزراعيين | B45: Agricultural Engineers Registered at the Agricultural Engineers Syndicate | C45: M1 | D45: Number | E45: عدد | F45: ='Source Table'!$D$6 -> Male | G45: ='Source Table'!$D$5 -> ذكر | H45: ='Source Table'!$B$12 -> Nutrition and Industries | I45: ='Source Table'!$E$12 -> التغذية والصناعات | J45: 1531 | K45: 2021
A46: المهندسون الزراعيون المسجّلون في نقابة المهندسين الزراعيين | B46: Agricultural Engineers Registered at the Agricultural Engineers Syndicate | C46: M1 | D46: Number | E46: عدد | F46: ='Source Table'!$C$6 -> Female | G46: ='Source Table'!$C$5 -> أنثى | H46: ='Source Table'!$B$7 -> Plants Protection | I46: ='Source Table'!$E$7 -> الوقاية النباتية | J46: 438 | K46: 2021
A47: المهندسون الزراعيون المسجّلون في نقابة المهندسين الزراعيين | B47: Agricultural Engineers Registered at the Agricultural Engineers Syndicate | C47: M1 | D47: Number | E47: عدد | F47: ='Source Table'!$C$6 -> Female | G47: ='Source Table'!$C$5 -> أنثى | H47: ='Source Table'!$B$8 -> Plants Production | I47: ='Source Table'!$E$8 -> الإنتاج النباتي | J47: 2286 | K47: 2021
A48: المهندسون الزراعيون المسجّلون في نقابة المهندسين الزراعيين | B48: Agricultural Engineers Registered at the Agricultural Engineers Syndicate | C48: M1 | D48: Number | E48: عدد | F48: ='Source Table'!$C$6 -> Female | G48: ='Source Table'!$C$5 -> أنثى | H48: ='Source Table'!$B$9 -> Agricultural Economics | I48: ='Source Table'!$E$9 -> الاقتصاد الزراعي | J48: 631 | K48: 2021
A49: المهندسون الزراعيون المسجّلون في نقابة المهندسين الزراعيين | B49: Agricultural Engineers Registered at the Agricultural Engineers Syndicate | C49: M1 | D49: Number | E49: عدد | F49: ='Source Table'!$C$6 -> Female | G49: ='Source Table'!$C$5 -> أنثى | H49: ='Source Table'!$B$10 -> Animal Production | I49: ='Source Table'!$E$10 -> الإنتاج الحيواني | J49: 342 | K49: 2021
A50: المهندسون الزراعيون المسجّلون في نقابة المهندسين الزراعيين | B50: Agricultural Engineers Registered at the Agricultural Engineers Syndicate | C50: M1 | D50: Number | E50: عدد | F50: ='Source Table'!$C$6 -> Female | G50: ='Source Table'!$C$5 -> أنثى | H50: ='Source Table'!$B$11 -> Environment & Irrigation | I50: ='Source Table'!$E$11 -> الموارد المائيةوالبيئة | J50: 1753 | K50: 2021
A51: المهندسون الزراعيون المسجّلون في نقابة المهندسين الزراعيين | B51: Agricultural Engineers Registered at the Agricultural Engineers Syndicate | C51: M1 | D51: Number | E51: عدد | F51: ='Source Table'!$C$6 -> Female | G51: ='Source Table'!$C$5 -> أنثى | H51: ='Source Table'!$B$12 -> Nutrition and Industries | I51: ='Source Table'!$E$12 -> التغذية والصناعات | J51: 4473 | K51: 2021
A52: المهندسون الزراعيون المسجّلون في نقابة المهندسين الزراعيين | B52: Agricultural Engineers Registered at the Agricultural Engineers Syndicate | C52: M1 | D52: Number | E52: عدد | F52: ='Source Table'!$D$6 -> Male | G52: ='Source Table'!$D$5 -> ذكر | H52: ='Source Table'!$B$7 -> Plants Protection | I52: ='Source Table'!$E$7 -> الوقاية النباتية | J52: 843 | K52: 2019
A53: المهندسون الزراعيون المسجّلون في نقابة المهندسين الزراعيين | B53: Agricultural Engineers Registered at the Agricultural Engineers Syndicate | C53: M1 | D53: Number | E53: عدد | F53: ='Source Table'!$D$6 -> Male | G53: ='Source Table'!$D$5 -> ذكر | H53: ='Source Table'!$B$8 -> Plants Production | I53: ='Source Table'!$E$8 -> الإنتاج النباتي | J53: 2936 | K53: 2019
A54: المهندسون الزراعيون المسجّلون في نقابة المهندسين الزراعيين | B54: Agricultural Engineers Registered at the Agricultural Engineers Syndicate | C54: M1 | D54: Number | E54: عدد | F54: ='Source Table'!$D$6 -> Male | G54: ='Source Table'!$D$5 -> ذكر | H54: ='Source Table'!$B$9 -> Agricultural Economics | I54: ='Source Table'!$E$9 -> الاقتصاد الزراعي | J54: 789 | K54: 2019
A55: المهندسون الزراعيون المسجّلون في نقابة المهندسين الزراعيين | B55: Agricultural Engineers Registered at the Agricultural Engineers Syndicate | C55: M1 | D55: Number | E55: عدد | F55: ='Source Table'!$D$6 -> Male | G55: ='Source Table'!$D$5 -> ذكر | H55: ='Source Table'!$B$10 -> Animal Production | I55: ='Source Table'!$E$10 -> الإنتاج الحيواني | J55: 1616 | K55: 2019
A56: المهندسون الزراعيون المسجّلون في نقابة المهندسين الزراعيين | B56: Agricultural Engineers Registered at the Agricultural Engineers Syndicate | C56: M1 | D56: Number | E56: عدد | F56: ='Source Table'!$D$6 -> Male | G56: ='Source Table'!$D$5 -> ذكر | H56: ='Source Table'!$B$11 -> Environment & Irrigation | I56: ='Source Table'!$E$11 -> الموارد المائيةوالبيئة | J56: 1062 | K56: 2019
A57: المهندسون الزراعيون المسجّلون في نقابة المهندسين الزراعيين | B57: Agricultural Engineers Registered at the Agricultural Engineers Syndicate | C57: M1 | D57: Number | E57: عدد | F57: ='Source Table'!$D$6 -> Male | G57: ='Source Table'!$D$5 -> ذكر | H57: ='Source Table'!$B$12 -> Nutrition and Industries | I57: ='Source Table'!$E$12 -> التغذية والصناعات | J57: 1473 | K57: 2019
A58: المهندسون الزراعيون المسجّلون في نقابة المهندسين الزراعيين | B58: Agricultural Engineers Registered at the Agricultural Engineers Syndicate | C58: M1 | D58: Number | E58: عدد | F58: ='Source Table'!$C$6 -> Female | G58: ='Source Table'!$C$5 -> أنثى | H58: ='Source Table'!$B$7 -> Plants Protection | I58: ='Source Table'!$E$7 -> الوقاية النباتية | J58: 437 | K58: 2019
A59: المهندسون الزراعيون المسجّلون في نقابة المهندسين الزراعيين | B59: Agricultural Engineers Registered at the Agricultural Engineers Syndicate | C59: M1 | D59: Number | E59: عدد | F59: ='Source Table'!$C$6 -> Female | G59: ='Source Table'!$C$5 -> أنثى | H59: ='Source Table'!$B$8 -> Plants Production | I59: ='Source Table'!$E$8 -> الإنتاج النباتي | J59: 2247 | K59: 2019
A60: المهندسون الزراعيون المسجّلون في نقابة المهندسين الزراعيين | B60: Agricultural Engineers Registered at the Agricultural Engineers Syndicate | C60: M1 | D60: Number | E60: عدد | F60: ='Source Table'!$C$6 -> Female | G60: ='Source Table'!$C$5 -> أنثى | H60: ='Source Table'!$B$9 -> Agricultural Economics | I60: ='Source Table'!$E$9 -> الاقتصاد الزراعي | J60: 659 | K60: 2019
A61: المهندسون الزراعيون المسجّلون في نقابة المهندسين الزراعيين | B61: Agricultural Engineers Registered at the Agricultural Engineers Syndicate | C61: M1 | D61: Number | E61: عدد | F61: ='Source Table'!$C$6 -> Female | G61: ='Source Table'!$C$5 -> أنثى | H61: ='Source Table'!$B$10 -> Animal Production | I61: ='Source Table'!$E$10 -> الإنتاج الحيواني | J61: 418 | K61: 2019
A62: المهندسون الزراعيون المسجّلون في نقابة المهندسين الزراعيين | B62: Agricultural Engineers Registered at the Agricultural Engineers Syndicate | C62: M1 | D62: Number | E62: عدد | F62: ='Source Table'!$C$6 -> Female | G62: ='Source Table'!$C$5 -> أنثى | H62: ='Source Table'!$B$11 -> Environment & Irrigation | I62: ='Source Table'!$E$11 -> الموارد المائيةوالبيئة | J62: 1608 | K62: 2019
A63: المهندسون الزراعيون المسجّلون في نقابة المهندسين الزراعيين | B63: Agricultural Engineers Registered at the Agricultural Engineers Syndicate | C63: M1 | D63: Number | E63: عدد | F63: ='Source Table'!$C$6 -> Female | G63: ='Source Table'!$C$5 -> أنثى | H63: ='Source Table'!$B$12 -> Nutrition and Industries | I63: ='Source Table'!$E$12 -> التغذية والصناعات | J63: 3721 | K63: 2019
A64: المهندسون الزراعيون المسجّلون في نقابة المهندسين الزراعيين | B64: Agricultural Engineers Registered at the Agricultural Engineers Syndicate | C64: M1 | D64: Number | E64: عدد | F64: ='Source Table'!$D$6 -> Male | G64: ='Source Table'!$D$5 -> ذكر | H64: ='Source Table'!$B$7 -> Plants Protection | I64: ='Source Table'!$E$7 -> الوقاية النباتية | J64: 821 | K64: 2018
A65: المهندسون الزراعيون المسجّلون في نقابة المهندسين الزراعيين | B65: Agricultural Engineers Registered at the Agricultural Engineers Syndicate | C65: M1 | D65: Number | E65: عدد | F65: ='Source Table'!$D$6 -> Male | G65: ='Source Table'!$D$5 -> ذكر | H65: ='Source Table'!$B$8 -> Plants Production | I65: ='Source Table'!$E$8 -> الإنتاج النباتي | J65: 2823 | K65: 2018
A66: المهندسون الزراعيون المسجّلون في نقابة المهندسين الزراعيين | B66: Agricultural Engineers Registered at the Agricultural Engineers Syndicate | C66: M1 | D66: Number | E66: عدد | F66: ='Source Table'!$D$6 -> Male | G66: ='Source Table'!$D$5 -> ذكر | H66: ='Source Table'!$B$9 -> Agricultural Economics | I66: ='Source Table'!$E$9 -> الاقتصاد الزراعي | J66: 761 | K66: 2018
A67: المهندسون الزراعيون المسجّلون في نقابة المهندسين الزراعيين | B67: Agricultural Engineers Registered at the Agricultural Engineers Syndicate | C67: M1 | D67: Number | E67: عدد | F67: ='Source Table'!$D$6 -> Male | G67: ='Source Table'!$D$5 -> ذكر | H67: ='Source Table'!$B$10 -> Animal Production | I67: ='Source Table'!$E$10 -> الإنتاج الحيواني | J67: 1595 | K67: 2018
A68: المهندسون الزراعيون المسجّلون في نقابة المهندسين الزراعيين | B68: Agricultural Engineers Registered at the Agricultural Engineers Syndicate | C68: M1 | D68: Number | E68: عدد | F68: ='Source Table'!$D$6 -> Male | G68: ='Source Table'!$D$5 -> ذكر | H68: ='Source Table'!$B$11 -> Environment & Irrigation | I68: ='Source Table'!$E$11 -> الموارد المائيةوالبيئة | J68: 954 | K68: 2018
A69: المهندسون الزراعيون المسجّلون في نقابة المهندسين الزراعيين | B69: Agricultural Engineers Registered at the Agricultural Engineers Syndicate | C69: M1 | D69: Number | E69: عدد | F69: ='Source Table'!$D$6 -> Male | G69: ='Source Table'!$D$5 -> ذكر | H69: ='Source Table'!$B$12 -> Nutrition and Industries | I69: ='Source Table'!$E$12 -> التغذية والصناعات | J69: 1168 | K69: 2018
A70: المهندسون الزراعيون المسجّلون في نقابة المهندسين الزراعيين | B70: Agricultural Engineers Registered at the Agricultural Engineers Syndicate | C70: M1 | D70: Number | E70: عدد | F70: ='Source Table'!$C$6 -> Female | G70: ='Source Table'!$C$5 -> أنثى | H70: ='Source Table'!$B$7 -> Plants Protection | I70: ='Source Table'!$E$7 -> الوقاية النباتية | J70: 416 | K70: 2018
A71: المهندسون الزراعيون المسجّلون في نقابة المهندسين الزراعيين | B71: Agricultural Engineers Registered at the Agricultural Engineers Syndicate | C71: M1 | D71: Number | E71: عدد | F71: ='Source Table'!$C$6 -> Female | G71: ='Source Table'!$C$5 -> أنثى | H71: ='Source Table'!$B$8 -> Plants Production | I71: ='Source Table'!$E$8 -> الإنتاج النباتي | J71: 2102 | K71: 2018
A72: المهندسون الزراعيون المسجّلون في نقابة المهندسين الزراعيين | B72: Agricultural Engineers Registered at the Agricultural Engineers Syndicate | C72: M1 | D72: Number | E72: عدد | F72: ='Source Table'!$C$6 -> Female | G72: ='Source Table'!$C$5 -> أنثى | H72: ='Source Table'!$B$9 -> Agricultural Economics | I72: ='Source Table'!$E$9 -> الاقتصاد الزراعي | J72: 634 | K72: 2018
A73: المهندسون الزراعيون المسجّلون في نقابة المهندسين الزراعيين | B73: Agricultural Engineers Registered at the Agricultural Engineers Syndicate | C73: M1 | D73: Number | E73: عدد | F73: ='Source Table'!$C$6 -> Female | G73: ='Source Table'!$C$5 -> أنثى | H73: ='Source Table'!$B$10 -> Animal Production | I73: ='Source Table'!$E$10 -> الإنتاج الحيواني | J73: 312 | K73: 2018
A74: المهندسون الزراعيون المسجّلون في نقابة المهندسين الزراعيين | B74: Agricultural Engineers Registered at the Agricultural Engineers Syndicate | C74: M1 | D74: Number | E74: عدد | F74: ='Source Table'!$C$6 -> Female | G74: ='Source Table'!$C$5 -> أنثى | H74: ='Source Table'!$B$11 -> Environment & Irrigation | I74: ='Source Table'!$E$11 -> الموارد المائيةوالبيئة | J74: 1558 | K74: 2018
A75: المهندسون الزراعيون المسجّلون في نقابة المهندسين الزراعيين | B75: Agricultural Engineers Registered at the Agricultural Engineers Syndicate | C75: M1 | D75: Number | E75: عدد | F75: ='Source Table'!$C$6 -> Female | G75: ='Source Table'!$C$5 -> أنثى | H75: ='Source Table'!$B$12 -> Nutrition and Industries | I75: ='Source Table'!$E$12 -> التغذية والصناعات | J75: 3585 | K75: 2018
A76: المهندسون الزراعيون المسجّلون في نقابة المهندسين الزراعيين | B76: Agricultural Engineers Registered at the Agricultural Engineers Syndicate | C76: M1 | D76: Number | E76: عدد | F76: ='Source Table'!$D$6 -> Male | G76: ='Source Table'!$D$5 -> ذكر | H76: ='Source Table'!$B$7 -> Plants Protection | I76: ='Source Table'!$E$7 -> الوقاية النباتية | J76: 811 | K76: 2017
A77: المهندسون الزراعيون المسجّلون في نقابة المهندسين الزراعيين | B77: Agricultural Engineers Registered at the Agricultural Engineers Syndicate | C77: M1 | D77: Number | E77: عدد | F77: ='Source Table'!$D$6 -> Male | G77: ='Source Table'!$D$5 -> ذكر | H77: ='Source Table'!$B$8 -> Plants Production | I77: ='Source Table'!$E$8 -> الإنتاج النباتي | J77: 2762 | K77: 2017
A78: المهندسون الزراعيون المسجّلون في نقابة المهندسين الزراعيين | B78: Agricultural Engineers Registered at the Agricultural Engineers Syndicate | C78: M1 | D78: Number | E78: عدد | F78: ='Source Table'!$D$6 -> Male | G78: ='Source Table'!$D$5 -> ذكر | H78: ='Source Table'!$B$9 -> Agricultural Economics | I78: ='Source Table'!$E$9 -> الاقتصاد الزراعي | J78: 756 | K78: 2017
A79: المهندسون الزراعيون المسجّلون في نقابة المهندسين الزراعيين | B79: Agricultural Engineers Registered at the Agricultural Engineers Syndicate | C79: M1 | D79: Number | E79: عدد | F79: ='Source Table'!$D$6 -> Male | G79: ='Source Table'!$D$5 -> ذكر | H79: ='Source Table'!$B$10 -> Animal Production | I79: ='Source Table'!$E$10 -> الإنتاج الحيواني | J79: 1570 | K79: 2017
A80: المهندسون الزراعيون المسجّلون في نقابة المهندسين الزراعيين | B80: Agricultural Engineers Registered at the Agricultural Engineers Syndicate | C80: M1 | D80: Number | E80: عدد | F80: ='Source Table'!$D$6 -> Male | G80: ='Source Table'!$D$5 -> ذكر | H80: ='Source Table'!$B$11 -> Environment & Irrigation | I80: ='Source Table'!$E$11 -> الموارد المائيةوالبيئة | J80: 925 | K80: 2017
A81: المهندسون الزراعيون المسجّلون في نقابة المهندسين الزراعيين | B81: Agricultural Engineers Registered at the Agricultural Engineers Syndicate | C81: M1 | D81: Number | E81: عدد | F81: ='Source Table'!$D$6 -> Male | G81: ='Source Table'!$D$5 -> ذكر | H81: ='Source Table'!$B$12 -> Nutrition and Industries | I81: ='Source Table'!$E$12 -> التغذية والصناعات | J81: 1132 | K81: 2017
A82: المهندسون الزراعيون المسجّلون في نقابة المهندسين الزراعيين | B82: Agricultural Engineers Registered at the Agricultural Engineers Syndicate | C82: M1 | D82: Number | E82: عدد | F82: ='Source Table'!$C$6 -> Female | G82: ='Source Table'!$C$5 -> أنثى | H82: ='Source Table'!$B$7 -> Plants Protection | I82: ='Source Table'!$E$7 -> الوقاية النباتية | J82: 411 | K82: 2017
A83: المهندسون الزراعيون المسجّلون في نقابة المهندسين الزراعيين | B83: Agricultural Engineers Registered at the Agricultural Engineers Syndicate | C83: M1 | D83: Number | E83: عدد | F83: ='Source Table'!$C$6 -> Female | G83: ='Source Table'!$C$5 -> أنثى | H83: ='Source Table'!$B$8 -> Plants Production | I83: ='Source Table'!$E$8 -> الإنتاج النباتي | J83: 2013 | K83: 2017
A84: المهندسون الزراعيون المسجّلون في نقابة المهندسين الزراعيين | B84: Agricultural Engineers Registered at the Agricultural Engineers Syndicate | C84: M1 | D84: Number | E84: عدد | F84: ='Source Table'!$C$6 -> Female | G84: ='Source Table'!$C$5 -> أنثى | H84: ='Source Table'!$B$9 -> Agricultural Economics | I84: ='Source Table'!$E$9 -> الاقتصاد الزراعي | J84: 622 | K84: 2017
A85: المهندسون الزراعيون المسجّلون في نقابة المهندسين الزراعيين | B85: Agricultural Engineers Registered at the Agricultural Engineers Syndicate | C85: M1 | D85: Number | E85: عدد | F85: ='Source Table'!$C$6 -> Female | G85: ='Source Table'!$C$5 -> أنثى | H85: ='Source Table'!$B$10 -> Animal Production | I85: ='Source Table'!$E$10 -> الإنتاج الحيواني | J85: 305 | K85: 2017
A86: المهندسون الزراعيون المسجّلون في نقابة المهندسين الزراعيين | B86: Agricultural Engineers Registered at the Agricultural Engineers Syndicate | C86: M1 | D86: Number | E86: عدد | F86: ='Source Table'!$C$6 -> Female | G86: ='Source Table'!$C$5 -> أنثى | H86: ='Source Table'!$B$11 -> Environment & Irrigation | I86: ='Source Table'!$E$11 -> الموارد المائيةوالبيئة | J86: 1460 | K86: 2017
A87: المهندسون الزراعيون المسجّلون في نقابة المهندسين الزراعيين | B87: Agricultural Engineers Registered at the Agricultural Engineers Syndicate | C87: M1 | D87: Number | E87: عدد | F87: ='Source Table'!$C$6 -> Female | G87: ='Source Table'!$C$5 -> أنثى | H87: ='Source Table'!$B$12 -> Nutrition and Industries | I87: ='Source Table'!$E$12 -> التغذية والصناعات | J87: 3313 | K87: 2017
A88: المهندسون الزراعيون المسجّلون في نقابة المهندسين الزراعيين | B88: Agricultural Engineers Registered at the Agricultural Engineers Syndicate | C88: M1 | D88: Number | E88: عدد | F88: ='Source Table'!$D$6 -> Male | G88: ='Source Table'!$D$5 -> ذكر | H88: ='Source Table'!$B$7 -> Plants Protection | I88: ='Source Table'!$E$7 -> الوقاية النباتية | J88: 810 | K88: 2016
A89: المهندسون الزراعيون المسجّلون في نقابة المهندسين الزراعيين | B89: Agricultural Engineers Registered at the Agricultural Engineers Syndicate | C89: M1 | D89: Number | E89: عدد | F89: ='Source Table'!$D$6 -> Male | G89: ='Source Table'!$D$5 -> ذكر | H89: ='Source Table'!$B$8 -> Plants Production | I89: ='Source Table'!$E$8 -> الإنتاج النباتي | J89: 2671 | K89: 2016
A90: المهندسون الزراعيون المسجّلون في نقابة المهندسين الزراعيين | B90: Agricultural Engineers Registered at the Agricultural Engineers Syndicate | C90: M1 | D90: Number | E90: عدد | F90: ='Source Table'!$D$6 -> Male | G90: ='Source Table'!$D$5 -> ذكر | H90: ='Source Table'!$B$9 -> Agricultural Economics | I90: ='Source Table'!$E$9 -> الاقتصاد الزراعي | J90: 753 | K90: 2016
A91: المهندسون الزراعيون المسجّلون في نقابة المهندسين الزراعيين | B91: Agricultural Engineers Registered at the Agricultural Engineers Syndicate | C91: M1 | D91: Number | E91: عدد | F91: ='Source Table'!$D$6 -> Male | G91: ='Source Table'!$D$5 -> ذكر | H91: ='Source Table'!$B$10 -> Animal Production | I91: ='Source Table'!$E$10 -> الإنتاج الحيواني | J91: 1543 | K91: 2016
A92: المهندسون الزراعيون المسجّلون في نقابة المهندسين الزراعيين | B92: Agricultural Engineers Registered at the Agricultural Engineers Syndicate | C92: M1 | D92: Number | E92: عدد | F92: ='Source Table'!$D$6 -> Male | G92: ='Source Table'!$D$5 -> ذكر | H92: ='Source Table'!$B$11 -> Environment & Irrigation | I92: ='Source Table'!$E$11 -> الموارد المائيةوالبيئة | J92: 890 | K92: 2016
A93: المهندسون الزراعيون المسجّلون في نقابة المهندسين الزراعيين | B93: Agricultural Engineers Registered at the Agricultural Engineers Syndicate | C93: M1 | D93: Number | E93: عدد | F93: ='Source Table'!$D$6 -> Male | G93: ='Source Table'!$D$5 -> ذكر | H93: ='Source Table'!$B$12 -> Nutrition and Industries | I93: ='Source Table'!$E$12 -> التغذية والصناعات | J93: 1078 | K93: 2016
A94: المهندسون الزراعيون المسجّلون في نقابة المهندسين الزراعيين | B94: Agricultural Engineers Registered at the Agricultural Engineers Syndicate | C94: M1 | D94: Number | E94: عدد | F94: ='Source Table'!$C$6 -> Female | G94: ='Source Table'!$C$5 -> أنثى | H94: ='Source Table'!$B$7 -> Plants Protection | I94: ='Source Table'!$E$7 -> الوقاية النباتية | J94: 403 | K94: 2016
A95: المهندسون الزراعيون المسجّلون في نقابة المهندسين الزراعيين | B95: Agricultural Engineers Registered at the Agricultural Engineers Syndicate | C95: M1 | D95: Number | E95: عدد | F95: ='Source Table'!$C$6 -> Female | G95: ='Source Table'!$C$5 -> أنثى | H95: ='Source Table'!$B$8 -> Plants Production | I95: ='Source Table'!$E$8 -> الإنتاج النباتي | J95: 1929 | K95: 2016
A96: المهندسون الزراعيون المسجّلون في نقابة المهندسين الزراعيين | B96: Agricultural Engineers Registered at the Agricultural Engineers Syndicate | C96: M1 | D96: Number | E96: عدد | F96: ='Source Table'!$C$6 -> Female | G96: ='Source Table'!$C$5 -> أنثى | H96: ='Source Table'!$B$9 -> Agricultural Economics | I96: ='Source Table'!$E$9 -> الاقتصاد الزراعي | J96: 601 | K96: 2016
A97: المهندسون الزراعيون المسجّلون في نقابة المهندسين الزراعيين | B97: Agricultural Engineers Registered at the Agricultural Engineers Syndicate | C97: M1 | D97: Number | E97: عدد | F97: ='Source Table'!$C$6 -> Female | G97: ='Source Table'!$C$5 -> أنثى | H97: ='Source Table'!$B$10 -> Animal Production | I97: ='Source Table'!$E$10 -> الإنتاج الحيواني | J97: 295 | K97: 2016
A98: المهندسون الزراعيون المسجّلون في نقابة المهندسين الزراعيين | B98: Agricultural Engineers Registered at the Agricultural Engineers Syndicate | C98: M1 | D98: Number | E98: عدد | F98: ='Source Table'!$C$6 -> Female | G98: ='Source Table'!$C$5 -> أنثى | H98: ='Source Table'!$B$11 -> Environment & Irrigation | I98: ='Source Table'!$E$11 -> الموارد المائيةوالبيئة | J98: 1332 | K98: 2016
A99: المهندسون الزراعيون المسجّلون في نقابة المهندسين الزراعيين | B99: Agricultural Engineers Registered at the Agricultural Engineers Syndicate | C99: M1 | D99: Number | E99: عدد | F99: ='Source Table'!$C$6 -> Female | G99: ='Source Table'!$C$5 -> أنثى | H99: ='Source Table'!$B$12 -> Nutrition and Industries | I99: ='Source Table'!$E$12 -> التغذية والصناعات | J99: 3036 | K99: 2016
A100: المهندسون الزراعيون المسجّلون في نقابة المهندسين الزراعيين | B100: Agricultural Engineers Registered at the Agricultural Engineers Syndicate | C100: M1 | D100: Number | E100: عدد | F100: ='Source Table'!$D$6 -> Male | G100: ='Source Table'!$D$5 -> ذكر | H100: ='Source Table'!$B$7 -> Plants Protection | I100: ='Source Table'!$E$7 -> الوقاية النباتية | J100: 793 | K100: 2015
...

Sheet Template Data
A1: Date | B1: =DATE(B2,B3,1) -> 45292
A2: Year | B2: 2024
A3: Month | B3: 1
A4: Measure_Name_Ar | B4: Measure_Name_En | C4: Measure_ID | D4: Unit_EN | E4: Unit_AR | F4: CL_SEX_EN_V1 | G4: CL_SEX_AR_V1 | H4: CL_AGR_ENG_SPECALIZATION_EN_V1 | I4: CL_AGR_ENG_SPECALIZATION_AR_V1 | J4: Obs_Value | K4: Time_Period_Y | L4: Time_Period_M
A5: اسم المؤشر | B5: Measure Name | C5: رمز المؤشر | D5: Unit | E5: الوحدة | F5: Sex | G5: الجنس | H5: Agricultural Engineers Specialization | I5: تخصص المهندسون الزراعيون | J5: قيمة المؤشر | K5: سنة فترة القياس | L5: شهر فترة القياس

Sheet Help
A2: Step 1: Cover Page | C2: الخطوة 1: Cover Page
A4: Update the template information, to ensure that any meta-information about the template, such as the title, version, and description, is accurate and up-to-date. | C4: قم بتحديث معلومات القالب للتأكد من أن أي معلومات وصفية حول القالب، مثل العنوان والإصدار والوصف، دقيقة ومحدثة.
A6: Step 2: Source Table | C6: الخطوة 2: Source Table
A8: Design your template, ensuring that the time period is mapped correctly to the date information in rows 1-3 of the Template Data Sheet. | C8: قم بتصميم القالب الخاص بك، مع التأكد من أن فترة الوقت مرتبطة بشكل صحيح مع معلومات التاريخ في الصفوف 1-3 في ورقة Template Data.
A10: Step 3: Relational Sheet | C10: الخطوة 3: Relational Sheet
A12: Unpivot the data in the source table into a flat format. Follow these guidelines: | C12: قم بتحويل البيانات في جدول المصدر إلى تنسيق مسطح. اتبع هذه الإرشادات:
A13: 1. Blue Columns: Do not change the names of the blue columns. Update the data as per the current template. | C13: 1. الأعمدة الزرقاء: لا تقم بتغيير أسماء الأعمدة الزرقاء. قم بتحديث البيانات وفقًا للقالب الحالي.
A14: 2. Code Lists: Use the naming convention CL_XXX_EN_V# for code lists, where XXX is the name, and V# is the version, conforming with the definitions in the data dictionary. | C14: 2. قوائم الرموز: استخدم قاعدة التسمية CL_XXX_EN_V# لقوائم الرموز، حيث أن XXX هو الاسم و V# هو الإصدار، وفقًا للتعريفات في قاموس البيانات.
A15: 3. Code List Values: Ensure the code list values match the definitions in the data dictionary. | C15: 3. قيم قائمة الرموز: تأكد من أن قيم قائمة الرموز تتوافق مع التعريفات في قاموس البيانات.
A16: 4. Time_Period_M: Leave empty if the data frequency is yearly. | C16: 4. Time_Period_M: اتركها فارغة إذا كانت دورية البيانات سنوية.
A17: 5. Time_Period_M Format: Use one of these formats: | C17: 5. تنسيق Time_Period_M: استخدم أحد التنسيقات التالية:
A18: Numeric: (1, 2, 3, ..., 12) for months. | C18: رقمي: (1، 2، 3، ...، 12) للأشهر.
... A38: Protect the entire workbook to prevent unauthorized or accidental changes to the structure of the file. | C38: قم بحماية الكتاب بأكمله لمنع التغييرات غير المصرح بها أو غير المقصودة على هيكل الملف.
