Workbook
Name _Toc175818022: 'Source Table'!$G$7
Name _Toc175818030: 'Source Table'!$G$8
Name _Toc175818038: 'Relational DB'!$L$4
Name _Toc175818039: 'Relational DB'!$L$29
Name _Toc175818040: 'Relational DB'!$L$54
Name _Toc175818041: 'Relational DB'!$L$79
Name _Toc175818042: 'Relational DB'!$L$104
Name _Toc175818043: 'Relational DB'!$L$129
Name _Toc175818044: 'Relational DB'!$L$154
Name _Toc175818048: 'Relational DB'!$L$5
Name _Toc175818049: 'Relational DB'!$L$30
Name _Toc175818050: 'Relational DB'!$L$55
Name _Toc175818051: 'Relational DB'!$L$80
Name _Toc175818052: 'Relational DB'!$L$105
Name _Toc175818053: 'Relational DB'!$L$130
Name _Toc175818054: 'Relational DB'!$L$155
Name _Toc175818058: 'Relational DB'!$L$6
Name _Toc175818059: 'Relational DB'!$L$31
Name _Toc175818060: 'Relational DB'!$L$56
Name _Toc175818061: 'Relational DB'!$L$81
Name _Toc175818062: 'Relational DB'!$L$106
Name _Toc175818063: 'Relational DB'!$L$131
Name _Toc175818064: 'Relational DB'!$L$156
Name _Toc175818068: 'Relational DB'!$L$7
Name _Toc175818069: 'Relational DB'!$L$32
Name _Toc175818070: 'Relational DB'!$L$57
Name _Toc175818071: 'Relational DB'!$L$82
Name _Toc175818072: 'Relational DB'!$L$107
Name _Toc175818073: 'Relational DB'!$L$132
Name _Toc175818074: 'Relational DB'!$L$157
Name _Toc175818078: 'Relational DB'!$L$8
Name _Toc175818079: 'Relational DB'!$L$33
Name _Toc175818080: 'Relational DB'!$L$58
Name _Toc175818081: 'Relational DB'!$L$83
Name _Toc175818082: 'Relational DB'!$L$108
Name _Toc175818083: 'Relational DB'!$L$133
Name _Toc175818084: 'Relational DB'!$L$158
Name _Toc175818088: 'Relational DB'!$L$9
Name _Toc175818089: 'Relational DB'!$L$34
Name _Toc175818090: 'Relational DB'!$L$59
Name _Toc175818091: 'Relational DB'!$L$84
Name _Toc175818092: 'Relational DB'!$L$109
Name _Toc175818093: 'Relational DB'!$L$134
Name _Toc175818094: 'Relational DB'!$L$159
Name _Toc175818098: 'Relational DB'!$L$10
Name _Toc175818099: 'Relational DB'!$L$35
Name _Toc175818100: 'Relational DB'!$L$60
Name _Toc175818101: 'Relational DB'!$L$85
Name _Toc175818102: 'Relational DB'!$L$110
Name _Toc175818103: 'Relational DB'!$L$135
Name _Toc175818104: 'Relational DB'!$L$160
Name _Toc175818108: 'Relational DB'!$L$11
Name _Toc175818109: 'Relational DB'!$L$36
Name _Toc175818110: 'Relational DB'!$L$61
Name _Toc175818111: 'Relational DB'!$L$86
Name _Toc175818112: 'Relational DB'!$L$111
Name _Toc175818113: 'Relational DB'!$L$136
Name _Toc175818114: 'Relational DB'!$L$161
Name _Toc175818118: 'Relational DB'!$L$12
Name _Toc175818119: 'Relational DB'!$L$37

Sheet Cover Page
A1: Code | B1: SYB_19_2_5
A2: Version | B2: V1
A3: اسم القالب | B3: الأطباء المسجّلون في نقابة الأطباء حسب الاختصاص والجنس ونوع القطاع
A4: Template Name | B4: Physicians Registered at the Physicians Syndicate by Specialization, Sex and Kind of Sector
A5: دورية البيانات | B5: سنوي
A6: Data Frequency | B6: Annual
A7: الجهة المصدرية | B7: نقابة الأطباء الأردنيين
A8: Data Source | B8: Jordanian Medical Syndicate

Sheet Source Table
B2: ='Cover Page'!B4 -> Physicians Registered at the Physicians Syndicate by Specialization, Sex and Kind of Sector
B3: ='Cover Page'!B3 -> الأطباء المسجّلون في نقابة الأطباء حسب الاختصاص والجنس ونوع القطاع
B4: Year | F4: =YEAR('Template Data'!B1) -> 2024 | I4: السنة
B5: Specialization | C5: آخرون | E5: القطاع الخاص | G5: القطاع العام | I5: التخصص
C6: Others | E6: Private Sector | G6: Public Sector
C7: أنثى | D7: ذكر | E7: أنثى | F7: ذكر | G7: أنثى | H7: ذكر
C8: Female | D8: Male | E8: Female | F8: Male | G8: Female | H8: Male
B9: General Practitioner | I9: طبيب عام
B10: Surgeon | I10: جراحة عامة
B11: Internist | I11: باطنية
B12: Gynecologist and Obst. | I12: نسائية وتوليد
B13: Pediatrics | I13: أطفال
B14: Ophthalmologist | I14: العيون
B15: Orthopedic Surg. | I15: العظام
B16: E.N.T.Surg. | I16: أذن وأنف وحنجرة
B17: Neurosurgery | I17: جراحةأعصاب
B18: Cardiothoracic | I18: جراحة قلب
B19: Plastic Surgeon | I19: التجميل
B20: Psychiatry | I20: النفسية
... B33: Others | I33: أخرى

Sheet Relational DB
A1: Relational Sheet
A2: Measure_Name_Ar | B2: Measure_Name_En | C2: Measure_ID | D2: Unit_EN | E2: Unit_AR | F2: CL_SECTOR_EN_V2 | G2: CL_SECTOR_AR_V2 | H2: CL_SEX_EN_V1 | I2: CL_SEX_AR_V1 | J2: CL_PHY_SPECALIZATION_EN_V1 | K2: CL_PHY_SPECALIZATION_AR_V1 | L2: Obs_Value | M2: Time_Period_Y | N2: Time_Period_M
A3: اسم المؤشر | B3: Measure Name | C3: رمز المؤشر | D3: Unit | E3: الوحدة | F3: Sector | G3: القطاع | H3: Sex | I3: الجنس | J3: Physicians Specialization | K3: التخصص الطبي | L3: قيمة المؤشر | M3: سنة فترة القياس | N3: شهر فترة القياس
A4: الأطباء المسجّلون في نقابة الأطباء | B4: Physicians Registered at the Physicians Syndicate | C4: M1 | D4: Number | E4: عدد | F4: ='Source Table'!$G$6 -> Public Sector | G4: ='Source Table'!$G$5 -> القطاع العام | H4: ='Source Table'!$H$8 -> Male | I4: ='Source Table'!$H$7 -> ذكر | J4: ='Source Table'!$B$9 -> General Practitioner | K4: ='Source Table'!$I$9 -> طبيب عام | L4: 4402 | M4: 2023
A5: الأطباء المسجّلون في نقابة الأطباء | B5: Physicians Registered at the Physicians Syndicate | C5: M1 | D5: Number | E5: عدد | F5: ='Source Table'!$G$6 -> Public Sector | G5: ='Source Table'!$G$5 -> القطاع العام | H5: ='Source Table'!$H$8 -> Male | I5: ='Source Table'!$H$7 -> ذكر | J5: ='Source Table'!$B$10 -> Surgeon | K5: ='Source Table'!$I$10 -> جراحة عامة | L5: 655 | M5: 2023
A6: الأطباء المسجّلون في نقابة الأطباء | B6: Physicians Registered at the Physicians Syndicate | C6: M1 | D6: Number | E6: عدد | F6: ='Source Table'!$G$6 -> Public Sector | G6: ='Source Table'!$G$5 -> القطاع العام | H6: ='Source Table'!$H$8 -> Male | I6: ='Source Table'!$H$7 -> ذكر | J6: ='Source Table'!$B$11 -> Internist | K6: ='Source Table'!$I$11 -> باطنية | L6: 487 | M6: 2023
A7: الأطباء المسجّلون في نقابة الأطباء | B7: Physicians Registered at the Physicians Syndicate | C7: M1 | D7: Number | E7: عدد | F7: ='Source Table'!$G$6 -> Public Sector | G7: ='Source Table'!$G$5 -> القطاع العام | H7: ='Source Table'!$H$8 -> Male | I7: ='Source Table'!$H$7 -> ذكر | J7: ='Source Table'!$B$12 -> Gynecologist and Obst. | K7: ='Source Table'!$I$12 -> نسائية وتوليد | L7: 250 | M7: 2023
A8: الأطباء المسجّلون في نقابة الأطباء | B8: Physicians Registered at the Physicians Syndicate | C8: M1 | D8: Number | E8: عدد | F8: ='Source Table'!$G$6 -> Public Sector | G8: ='Source Table'!$G$5 -> القطاع العام | H8: ='Source Table'!$H$8 -> Male | I8: ='Source Table'!$H$7 -> ذكر | J8: ='Source Table'!$B$13 -> Pediatrics | K8: ='Source Table'!$I$13 -> أطفال | L8: 319 | M8: 2023
A9: الأطباء المسجّلون في نقابة الأطباء | B9: Physicians Registered at the Physicians Syndicate | C9: M1 | D9: Number | E9: عدد | F9: ='Source Table'!$G$6 -> Public Sector | G9: ='Source Table'!$G$5 -> القطاع العام | H9: ='Source Table'!$H$8 -> Male | I9: ='Source Table'!$H$7 -> ذكر | J9: ='Source Table'!$B$14 -> Ophthalmologist | K9: ='Source Table'!$I$14 -> العيون | L9: 201 | M9: 2023
A10: الأطباء المسجّلون في نقابة الأطباء | B10: Physicians Registered at the Physicians Syndicate | C10: M1 | D10: Number | E10: عدد | F10: ='Source Table'!$G$6 -> Public Sector | G10: ='Source Table'!$G$5 -> القطاع العام | H10: ='Source Table'!$H$8 -> Male | I10: ='Source Table'!$H$7 -> ذكر | J10: ='Source Table'!$B$15 -> Orthopedic Surg. | K10: ='Source Table'!$I$15 -> العظام | L10: 315 | M10: 2023
A11: الأطباء المسجّلون في نقابة الأطباء | B11: Physicians Registered at the Physicians Syndicate | C11: M1 | D11: Number | E11: عدد | F11: ='Source Table'!$G$6 -> Public Sector | G11: ='Source Table'!$G$5 -> القطاع العام | H11: ='Source Table'!$H$8 -> Male | I11: ='Source Table'!$H$7 -> ذكر | J11: ='Source Table'!$B$16 -> E.N.T.Surg. | K11: ='Source Table'!$I$16 -> أذن وأنف وحنجرة | L11: 195 | M11: 2023
A12: الأطباء المسجّلون في نقابة الأطباء | B12: Physicians Registered at the Physicians Syndicate | C12: M1 | D12: Number | E12: عدد | F12: ='Source Table'!$G$6 -> Public Sector | G12: ='Source Table'!$G$5 -> القطاع العام | H12: ='Source Table'!$H$8 -> Male | I12: ='Source Table'!$H$7 -> ذكر | J12: ='Source Table'!$B$17 -> Neurosurgery | K12: ='Source Table'!$I$17 -> جراحةأعصاب | L12: 66 | M12: 2023
A13: الأطباء المسجّلون في نقابة الأطباء | B13: Physicians Registered at the Physicians Syndicate | C13: M1 | D13: Number | E13: عدد | F13: ='Source Table'!$G$6 -> Public Sector | G13: ='Source Table'!$G$5 -> القطاع العام | H13: ='Source Table'!$H$8 -> Male | I13: ='Source Table'!$H$7 -> ذكر | J13: ='Source Table'!$B$18 -> Cardiothoracic | K13: ='Source Table'!$I$18 -> جراحة قلب | L13: 27 | M13: 2023
A14: الأطباء المسجّلون في نقابة الأطباء | B14: Physicians Registered at the Physicians Syndicate | C14: M1 | D14: Number | E14: عدد | F14: ='Source Table'!$G$6 -> Public Sector | G14: ='Source Table'!$G$5 -> القطاع العام | H14: ='Source Table'!$H$8 -> Male | I14: ='Source Table'!$H$7 -> ذكر | J14: ='Source Table'!$B$19 -> Plastic Surgeon | K14: ='Source Table'!$I$19 -> التجميل | L14: 26 | M14: 2023
A15: الأطباء المسجّلون في نقابة الأطباء | B15: Physicians Registered at the Physicians Syndicate | C15: M1 | D15: Number | E15: عدد | F15: ='Source Table'!$G$6 -> Public Sector | G15: ='Source Table'!$G$5 -> القطاع العام | H15: ='Source Table'!$H$8 -> Male | I15: ='Source Table'!$H$7 -> ذكر | J15: ='Source Table'!$B$20 -> Psychiatry | K15: ='Source Table'!$I$20 -> النفسية | L15: 70 | M15: 2023
A16: الأطباء المسجّلون في نقابة الأطباء | B16: Physicians Registered at the Physicians Syndicate | C16: M1 | D16: Number | E16: عدد | F16: ='Source Table'!$G$6 -> Public Sector | G16: ='Source Table'!$G$5 -> القطاع العام | H16: ='Source Table'!$H$8 -> Male | I16: ='Source Table'!$H$7 -> ذكر | J16: ='Source Table'!$B$21 -> Dermatologist Venereal | K16: ='Source Table'!$I$21 -> جلدية وتناسلية | L16: 87 | M16: 2023
A17: الأطباء المسجّلون في نقابة الأطباء | B17: Physicians Registered at the Physicians Syndicate | C17: M1 | D17: Number | E17: عدد | F17: ='Source Table'!$G$6 -> Public Sector | G17: ='Source Table'!$G$5 -> القطاع العام | H17: ='Source Table'!$H$8 -> Male | I17: ='Source Table'!$H$7 -> ذكر | J17: ='Source Table'!$B$22 -> Neurology/ Nervous | K17: ='Source Table'!$I$22 -> مرض الأعصاب | L17: 21 | M17: 2023
A18: الأطباء المسجّلون في نقابة الأطباء | B18: Physicians Registered at the Physicians Syndicate | C18: M1 | D18: Number | E18: عدد | F18: ='Source Table'!$G$6 -> Public Sector | G18: ='Source Table'!$G$5 -> القطاع العام | H18: ='Source Table'!$H$8 -> Male | I18: ='Source Table'!$H$7 -> ذكر | J18: ='Source Table'!$B$23 -> Pumologist | K18: ='Source Table'!$I$23 -> صدرية | L18: 21 | M18: 2023
A19: الأطباء المسجّلون في نقابة الأطباء | B19: Physicians Registered at the Physicians Syndicate | C19: M1 | D19: Number | E19: عدد | F19: ='Source Table'!$G$6 -> Public Sector | G19: ='Source Table'!$G$5 -> القطاع العام | H19: ='Source Table'!$H$8 -> Male | I19: ='Source Table'!$H$7 -> ذكر | J19: ='Source Table'!$B$24 -> G.I.T. Specialist | K19: ='Source Table'!$I$24 -> جهاز هضمي | L19: 27 | M19: 2023
A20: الأطباء المسجّلون في نقابة الأطباء | B20: Physicians Registered at the Physicians Syndicate | C20: M1 | D20: Number | E20: عدد | F20: ='Source Table'!$G$6 -> Public Sector | G20: ='Source Table'!$G$5 -> القطاع العام | H20: ='Source Table'!$H$8 -> Male | I20: ='Source Table'!$H$7 -> ذكر | J20: ='Source Table'!$B$25 -> Diagnostic Radiology | K20: ='Source Table'!$I$25 -> أشعة تشخيصية | L20: 178 | M20: 2023
A21: الأطباء المسجّلون في نقابة الأطباء | B21: Physicians Registered at the Physicians Syndicate | C21: M1 | D21: Number | E21: عدد | F21: ='Source Table'!$G$6 -> Public Sector | G21: ='Source Table'!$G$5 -> القطاع العام | H21: ='Source Table'!$H$8 -> Male | I21: ='Source Table'!$H$7 -> ذكر | J21: ='Source Table'!$B$26 -> Anesthetic | K21: ='Source Table'!$I$26 -> تخدير وإنعاش | L21: 327 | M21: 2023
A22: الأطباء المسجّلون في نقابة الأطباء | B22: Physicians Registered at the Physicians Syndicate | C22: M1 | D22: Number | E22: عدد | F22: ='Source Table'!$G$6 -> Public Sector | G22: ='Source Table'!$G$5 -> القطاع العام | H22: ='Source Table'!$H$8 -> Male | I22: ='Source Table'!$H$7 -> ذكر | J22: ='Source Table'!$B$27 -> Physiotherapist | K22: ='Source Table'!$I$27 -> طب طبيعي | L22: 62 | M22: 2023
A23: الأطباء المسجّلون في نقابة الأطباء | B23: Physicians Registered at the Physicians Syndicate | C23: M1 | D23: Number | E23: عدد | F23: ='Source Table'!$G$6 -> Public Sector | G23: ='Source Table'!$G$5 -> القطاع العام | H23: ='Source Table'!$H$8 -> Male | I23: ='Source Table'!$H$7 -> ذكر | J23: ='Source Table'!$B$28 -> Forensic | K23: ='Source Table'!$I$28 -> طب شرعي | L23: 41 | M23: 2023
A24: الأطباء المسجّلون في نقابة الأطباء | B24: Physicians Registered at the Physicians Syndicate | C24: M1 | D24: Number | E24: عدد | F24: ='Source Table'!$G$6 -> Public Sector | G24: ='Source Table'!$G$5 -> القطاع العام | H24: ='Source Table'!$H$8 -> Male | I24: ='Source Table'!$H$7 -> ذكر | J24: ='Source Table'!$B$29 -> Family | K24: ='Source Table'!$I$29 -> طب أسرة | L24: 122 | M24: 2023
A25: الأطباء المسجّلون في نقابة الأطباء | B25: Physicians Registered at the Physicians Syndicate | C25: M1 | D25: Number | E25: عدد | F25: ='Source Table'!$G$6 -> Public Sector | G25: ='Source Table'!$G$5 -> القطاع العام | H25: ='Source Table'!$H$8 -> Male | I25: ='Source Table'!$H$7 -> ذكر | J25: ='Source Table'!$B$30 -> Urologist | K25: ='Source Table'!$I$30 -> المسالك البولية | L25: 123 | M25: 2023
A26: الأطباء المسجّلون في نقابة الأطباء | B26: Physicians Registered at the Physicians Syndicate | C26: M1 | D26: Number | E26: عدد | F26: ='Source Table'!$G$6 -> Public Sector | G26: ='Source Table'!$G$5 -> القطاع العام | H26: ='Source Table'!$H$8 -> Male | I26: ='Source Table'!$H$7 -> ذكر | J26: ='Source Table'!$B$31 -> Cardiology | K26: ='Source Table'!$I$31 -> أمراض القلب | L26: 44 | M26: 2023
A27: الأطباء المسجّلون في نقابة الأطباء | B27: Physicians Registered at the Physicians Syndicate | C27: M1 | D27: Number | E27: عدد | F27: ='Source Table'!$G$6 -> Public Sector | G27: ='Source Table'!$G$5 -> القطاع العام | H27: ='Source Table'!$H$8 -> Male | I27: ='Source Table'!$H$7 -> ذكر | J27: ='Source Table'!$B$32 -> Laboratory | K27: ='Source Table'!$I$32 -> مختبرات | L27: 20 | M27: 2023
A28: الأطباء المسجّلون في نقابة الأطباء | B28: Physicians Registered at the Physicians Syndicate | C28: M1 | D28: Number | E28: عدد | F28: ='Source Table'!$G$6 -> Public Sector | G28: ='Source Table'!$G$5 -> القطاع العام | H28: ='Source Table'!$H$8 -> Male | I28: ='Source Table'!$H$7 -> ذكر | J28: ='Source Table'!$B$33 -> Others | K28: ='Source Table'!$I$33 -> أخرى | L28: 571 | M28: 2023
A29: الأطباء المسجّلون في نقابة الأطباء | B29: Physicians Registered at the Physicians Syndicate | C29: M1 | D29: Number | E29: عدد | F29: ='Source Table'!$G$6 -> Public Sector | G29: ='Source Table'!$G$5 -> القطاع العام | H29: ='Source Table'!$G$8 -> Female | I29: ='Source Table'!$G$7 -> أنثى | J29: ='Source Table'!$B$9 -> General Practitioner | K29: ='Source Table'!$I$9 -> طبيب عام | L29: 1032 | M29: 2023
A30: الأطباء المسجّلون في نقابة الأطباء | B30: Physicians Registered at the Physicians Syndicate | C30: M1 | D30: Number | E30: عدد | F30: ='Source Table'!$G$6 -> Public Sector | G30: ='Source Table'!$G$5 -> القطاع العام | H30: ='Source Table'!$G$8 -> Female | I30: ='Source Table'!$G$7 -> أنثى | J30: ='Source Table'!$B$10 -> Surgeon | K30: ='Source Table'!$I$10 -> جراحة عامة | L30: 27 | M30: 2023
A31: الأطباء المسجّلون في نقابة الأطباء | B31: Physicians Registered at the Physicians Syndicate | C31: M1 | D31: Number | E31: عدد | F31: ='Source Table'!$G$6 -> Public Sector | G31: ='Source Table'!$G$5 -> القطاع العام | H31: ='Source Table'!$G$8 -> Female | I31: ='Source Table'!$G$7 -> أنثى | J31: ='Source Table'!$B$11 -> Internist | K31: ='Source Table'!$I$11 -> باطنية | L31: 80 | M31: 2023
A32: الأطباء المسجّلون في نقابة الأطباء | B32: Physicians Registered at the Physicians Syndicate | C32: M1 | D32: Number | E32: عدد | F32: ='Source Table'!$G$6 -> Public Sector | G32: ='Source Table'!$G$5 -> القطاع العام | H32: ='Source Table'!$G$8 -> Female | I32: ='Source Table'!$G$7 -> أنثى | J32: ='Source Table'!$B$12 -> Gynecologist and Obst. | K32: ='Source Table'!$I$12 -> نسائية وتوليد | L32: 139 | M32: 2023
A33: الأطباء المسجّلون في نقابة الأطباء | B33: Physicians Registered at the Physicians Syndicate | C33: M1 | D33: Number | E33: عدد | F33: ='Source Table'!$G$6 -> Public Sector | G33: ='Source Table'!$G$5 -> القطاع العام | H33: ='Source Table'!$G$8 -> Female | I33: ='Source Table'!$G$7 -> أنثى | J33: ='Source Table'!$B$13 -> Pediatrics | K33: ='Source Table'!$I$13 -> أطفال | L33: 202 | M33: 2023
A34: الأطباء المسجّلون في نقابة الأطباء | B34: Physicians Registered at the Physicians Syndicate | C34: M1 | D34: Number | E34: عدد | F34: ='Source Table'!$G$6 -> Public Sector | G34: ='Source Table'!$G$5 -> القطاع العام | H34: ='Source Table'!$G$8 -> Female | I34: ='Source Table'!$G$7 -> أنثى | J34: ='Source Table'!$B$14 -> Ophthalmologist | K34: ='Source Table'!$I$14 -> العيون | L34: 92 | M34: 2023
A35: الأطباء المسجّلون في نقابة الأطباء | B35: Physicians Registered at the Physicians Syndicate | C35: M1 | D35: Number | E35: عدد | F35: ='Source Table'!$G$6 -> Public Sector | G35: ='Source Table'!$G$5 -> القطاع العام | H35: ='Source Table'!$G$8 -> Female | I35: ='Source Table'!$G$7 -> أنثى | J35: ='Source Table'!$B$15 -> Orthopedic Surg. | K35: ='Source Table'!$I$15 -> العظام | L35: 0 | M35: 2023
A36: الأطباء المسجّلون في نقابة الأطباء | B36: Physicians Registered at the Physicians Syndicate | C36: M1 | D36: Number | E36: عدد | F36: ='Source Table'!$G$6 -> Public Sector | G36: ='Source Table'!$G$5 -> القطاع العام | H36: ='Source Table'!$G$8 -> Female | I36: ='Source Table'!$G$7 -> أنثى | J36: ='Source Table'!$B$16 -> E.N.T.Surg. | K36: ='Source Table'!$I$16 -> أذن وأنف وحنجرة | L36: 35 | M36: 2023
A37: الأطباء المسجّلون في نقابة الأطباء | B37: Physicians Registered at the Physicians Syndicate | C37: M1 | D37: Number | E37: عدد | F37: ='Source Table'!$G$6 -> Public Sector | G37: ='Source Table'!$G$5 -> القطاع العام | H37: ='Source Table'!$G$8 -> Female | I37: ='Source Table'!$G$7 -> أنثى | J37: ='Source Table'!$B$17 -> Neurosurgery | K37: ='Source Table'!$I$17 -> جراحةأعصاب | L37: 1 | M37: 2023
A38: الأطباء المسجّلون في نقابة الأطباء | B38: Physicians Registered at the Physicians Syndicate | C38: M1 | D38: Number | E38: عدد | F38: ='Source Table'!$G$6 -> Public Sector | G38: ='Source Table'!$G$5 -> القطاع العام | H38: ='Source Table'!$G$8 -> Female | I38: ='Source Table'!$G$7 -> أنثى | J38: ='Source Table'!$B$18 -> Cardiothoracic | K38: ='Source Table'!$I$18 -> جراحة قلب | L38: 0 | M38: 2023
A39: الأطباء المسجّلون في نقابة الأطباء | B39: Physicians Registered at the Physicians Syndicate | C39: M1 | D39: Number | E39: عدد | F39: ='Source Table'!$G$6 -> Public Sector | G39: ='Source Table'!$G$5 -> القطاع العام | H39: ='Source Table'!$G$8 -> Female | I39: ='Source Table'!$G$7 -> أنثى | J39: ='Source Table'!$B$19 -> Plastic Surgeon | K39: ='Source Table'!$I$19 -> التجميل | L39: 0 | M39: 2023
A40: الأطباء المسجّلون في نقابة الأطباء | B40: Physicians Registered at the Physicians Syndicate | C40: M1 | D40: Number | E40: عدد | F40: ='Source Table'!$G$6 -> Public Sector | G40: ='Source Table'!$G$5 -> القطاع العام | H40: ='Source Table'!$G$8 -> Female | I40: ='Source Table'!$G$7 -> أنثى | J40: ='Source Table'!$B$20 -> Psychiatry | K40: ='Source Table'!$I$20 -> النفسية | L40: 16 | M40: 2023
A41: الأطباء المسجّلون في نقابة الأطباء | B41: Physicians Registered at the Physicians Syndicate | C41: M1 | D41: Number | E41: عدد | F41: ='Source Table'!$G$6 -> Public Sector | G41: ='Source Table'!$G$5 -> القطاع العام | H41: ='Source Table'!$G$8 -> Female | I41: ='Source Table'!$G$7 -> أنثى | J41: ='Source Table'!$B$21 -> Dermatologist Venereal | K41: ='Source Table'!$I$21 -> جلدية وتناسلية | L41: 45 | M41: 2023
A42: الأطباء المسجّلون في نقابة الأطباء | B42: Physicians Registered at the Physicians Syndicate | C42: M1 | D42: Number | E42: عدد | F42: ='Source Table'!$G$6 -> Public Sector | G42: ='Source Table'!$G$5 -> القطاع العام | H42: ='Source Table'!$G$8 -> Female | I42: ='Source Table'!$G$7 -> أنثى | J42: ='Source Table'!$B$22 -> Neurology/ Nervous | K42: ='Source Table'!$I$22 -> مرض الأعصاب | L42: 5 | M42: 2023
A43: الأطباء المسجّلون في نقابة الأطباء | B43: Physicians Registered at the Physicians Syndicate | C43: M1 | D43: Number | E43: عدد | F43: ='Source Table'!$G$6 -> Public Sector | G43: ='Source Table'!$G$5 -> القطاع العام | H43: ='Source Table'!$G$8 -> Female | I43: ='Source Table'!$G$7 -> أنثى | J43: ='Source Table'!$B$23 -> Pumologist | K43: ='Source Table'!$I$23 -> صدرية | L43: 2 | M43: 2023
A44: الأطباء المسجّلون في نقابة الأطباء | B44: Physicians Registered at the Physicians Syndicate | C44: M1 | D44: Number | E44: عدد | F44: ='Source Table'!$G$6 -> Public Sector | G44: ='Source Table'!$G$5 -> القطاع العام | H44: ='Source Table'!$G$8 -> Female | I44: ='Source Table'!$G$7 -> أنثى | J44: ='Source Table'!$B$24 -> G.I.T. Specialist | K44: ='Source Table'!$I$24 -> جهاز هضمي | L44: 4 | M44: 2023
A45: الأطباء المسجّلون في نقابة الأطباء | B45: Physicians Registered at the Physicians Syndicate | C45: M1 | D45: Number | E45: عدد | F45: ='Source Table'!$G$6 -> Public Sector | G45: ='Source Table'!$G$5 -> القطاع العام | H45: ='Source Table'!$G$8 -> Female | I45: ='Source Table'!$G$7 -> أنثى | J45: ='Source Table'!$B$25 -> Diagnostic Radiology | K45: ='Source Table'!$I$25 -> أشعة تشخيصية | L45: 83 | M45: 2023
A46: الأطباء المسجّلون في نقابة الأطباء | B46: Physicians Registered at the Physicians Syndicate | C46: M1 | D46: Number | E46: عدد | F46: ='Source Table'!$G$6 -> Public Sector | G46: ='Source Table'!$G$5 -> القطاع العام | H46: ='Source Table'!$G$8 -> Female | I46: ='Source Table'!$G$7 -> أنثى | J46: ='Source Table'!$B$26 -> Anesthetic | K46: ='Source Table'!$I$26 -> تخدير وإنعاش | L46: 23 | M46: 2023
A47: الأطباء المسجّلون في نقابة الأطباء | B47: Physicians Registered at the Physicians Syndicate | C47: M1 | D47: Number | E47: عدد | F47: ='Source Table'!$G$6 -> Public Sector | G47: ='Source Table'!$G$5 -> القطاع العام | H47: ='Source Table'!$G$8 -> Female | I47: ='Source Table'!$G$7 -> أنثى | J47: ='Source Table'!$B$27 -> Physiotherapist | K47: ='Source Table'!$I$27 -> طب طبيعي | L47: 15 | M47: 2023
A48: الأطباء المسجّلون في نقابة الأطباء | B48: Physicians Registered at the Physicians Syndicate | C48: M1 | D48: Number | E48: عدد | F48: ='Source Table'!$G$6 -> Public Sector | G48: ='Source Table'!$G$5 -> القطاع العام | H48: ='Source Table'!$G$8 -> Female | I48: ='Source Table'!$G$7 -> أنثى | J48: ='Source Table'!$B$28 -> Forensic | K48: ='Source Table'!$I$28 -> طب شرعي | L48: 4 | M48: 2023
A49: الأطباء المسجّلون في نقابة الأطباء | B49: Physicians Registered at the Physicians Syndicate | C49: M1 | D49: Number | E49: عدد | F49: ='Source Table'!$G$6 -> Public Sector | G49: ='Source Table'!$G$5 -> القطاع العام | H49: ='Source Table'!$G$8 -> Female | I49: ='Source Table'!$G$7 -> أنثى | J49: ='Source Table'!$B$29 -> Family | K49: ='Source Table'!$I$29 -> طب أسرة | L49: 176 | M49: 2023
A50: الأطباء المسجّلون في نقابة الأطباء | B50: Physicians Registered at the Physicians Syndicate | C50: M1 | D50: Number | E50: عدد | F50: ='Source Table'!$G$6 -> Public Sector | G50: ='Source Table'!$G$5 -> القطاع العام | H50: ='Source Table'!$G$8 -> Female | I50: ='Source Table'!$G$7 -> أنثى | J50: ='Source Table'!$B$30 -> Urologist | K50: ='Source Table'!$I$30 -> المسالك البولية | L50: 1 | M50: 2023
A51: الأطباء المسجّلون في نقابة الأطباء | B51: Physicians Registered at the Physicians Syndicate | C51: M1 | D51: Number | E51: عدد | F51: ='Source Table'!$G$6 -> Public Sector | G51: ='Source Table'!$G$5 -> القطاع العام | H51: ='Source Table'!$G$8 -> Female | I51: ='Source Table'!$G$7 -> أنثى | J51: ='Source Table'!$B$31 -> Cardiology | K51: ='Source Table'!$I$31 -> أمراض القلب | L51: 3 | M51: 2023
A52: الأطباء المسجّلون في نقابة الأطباء | B52: Physicians Registered at the Physicians Syndicate | C52: M1 | D52: Number | E52: عدد | F52: ='Source Table'!$G$6 -> Public Sector | G52: ='Source Table'!$G$5 -> القطاع العام | H52: ='Source Table'!$G$8 -> Female | I52: ='Source Table'!$G$7 -> أنثى | J52: ='Source Table'!$B$32 -> Laboratory | K52: ='Source Table'!$I$32 -> مختبرات | L52: 17 | M52: 2023
A53: الأطباء المسجّلون في نقابة الأطباء | B53: Physicians Registered at the Physicians Syndicate | C53: M1 | D53: Number | E53: عدد | F53: ='Source Table'!$G$6 -> Public Sector | G53: ='Source Table'!$G$5 -> القطاع العام | H53: ='Source Table'!$G$8 -> Female | I53: ='Source Table'!$G$7 -> أنثى | J53: ='Source Table'!$B$33 -> Others | K53: ='Source Table'!$I$33 -> أخرى | L53: 141 | M53: 2023
A54: الأطباء المسجّلون في نقابة الأطباء | B54: Physicians Registered at the Physicians Syndicate | C54: M1 | D54: Number | E54: عدد | F54: ='Source Table'!$E$6 -> Private Sector | G54: ='Source Table'!$E$5 -> القطاع الخاص | H54: ='Source Table'!$H$8 -> Male | I54: ='Source Table'!$H$7 -> ذكر | J54: ='Source Table'!$B$9 -> General Practitioner | K54: ='Source Table'!$I$9 -> طبيب عام | L54: 2319 | M54: 2023
A55: الأطباء المسجّلون في نقابة الأطباء | B55: Physicians Registered at the Physicians Syndicate | C55: M1 | D55: Number | E55: عدد | F55: ='Source Table'!$E$6 -> Private Sector | G55: ='Source Table'!$E$5 -> القطاع الخاص | H55: ='Source Table'!$H$8 -> Male | I55: ='Source Table'!$H$7 -> ذكر | J55: ='Source Table'!$B$10 -> Surgeon | K55: ='Source Table'!$I$10 -> جراحة عامة | L55: 512 | M55: 2023
A56: الأطباء المسجّلون في نقابة الأطباء | B56: Physicians Registered at the Physicians Syndicate | C56: M1 | D56: Number | E56: عدد | F56: ='Source Table'!$E$6 -> Private Sector | G56: ='Source Table'!$E$5 -> القطاع الخاص | H56: ='Source Table'!$H$8 -> Male | I56: ='Source Table'!$H$7 -> ذكر | J56: ='Source Table'!$B$11 -> Internist | K56: ='Source Table'!$I$11 -> باطنية | L56: 602 | M56: 2023
A57: الأطباء المسجّلون في نقابة الأطباء | B57: Physicians Registered at the Physicians Syndicate | C57: M1 | D57: Number | E57: عدد | F57: ='Source Table'!$E$6 -> Private Sector | G57: ='Source Table'!$E$5 -> القطاع الخاص | H57: ='Source Table'!$H$8 -> Male | I57: ='Source Table'!$H$7 -> ذكر | J57: ='Source Table'!$B$12 -> Gynecologist and Obst. | K57: ='Source Table'!$I$12 -> نسائية وتوليد | L57: 437 | M57: 2023
A58: الأطباء المسجّلون في نقابة الأطباء | B58: Physicians Registered at the Physicians Syndicate | C58: M1 | D58: Number | E58: عدد | F58: ='Source Table'!$E$6 -> Private Sector | G58: ='Source Table'!$E$5 -> القطاع الخاص | H58: ='Source Table'!$H$8 -> Male | I58: ='Source Table'!$H$7 -> ذكر | J58: ='Source Table'!$B$13 -> Pediatrics | K58: ='Source Table'!$I$13 -> أطفال | L58: 412 | M58: 2023
A59: الأطباء المسجّلون في نقابة الأطباء | B59: Physicians Registered at the Physicians Syndicate | C59: M1 | D59: Number | E59: عدد | F59: ='Source Table'!$E$6 -> Private Sector | G59: ='Source Table'!$E$5 -> القطاع الخاص | H59: ='Source Table'!$H$8 -> Male | I59: ='Source Table'!$H$7 -> ذكر | J59: ='Source Table'!$B$14 -> Ophthalmologist | K59: ='Source Table'!$I$14 -> العيون | L59: 235 | M59: 2023
A60: الأطباء المسجّلون في نقابة الأطباء | B60: Physicians Registered at the Physicians Syndicate | C60: M1 | D60: Number | E60: عدد | F60: ='Source Table'!$E$6 -> Private Sector | G60: ='Source Table'!$E$5 -> القطاع الخاص | H60: ='Source Table'!$H$8 -> Male | I60: ='Source Table'!$H$7 -> ذكر | J60: ='Source Table'!$B$15 -> Orthopedic Surg. | K60: ='Source Table'!$I$15 -> العظام | L60: 315 | M60: 2023
A61: الأطباء المسجّلون في نقابة الأطباء | B61: Physicians Registered at the Physicians Syndicate | C61: M1 | D61: Number | E61: عدد | F61: ='Source Table'!$E$6 -> Private Sector | G61: ='Source Table'!$E$5 -> القطاع الخاص | H61: ='Source Table'!$H$8 -> Male | I61: ='Source Table'!$H$7 -> ذكر | J61: ='Source Table'!$B$16 -> E.N.T.Surg. | K61: ='Source Table'!$I$16 -> أذن وأنف وحنجرة | L61: 187 | M61: 2023
A62: الأطباء المسجّلون في نقابة الأطباء | B62: Physicians Registered at the Physicians Syndicate | C62: M1 | D62: Number | E62: عدد | F62: ='Source Table'!$E$6 -> Private Sector | G62: ='Source Table'!$E$5 -> القطاع الخاص | H62: ='Source Table'!$H$8 -> Male | I62: ='Source Table'!$H$7 -> ذكر | J62: ='Source Table'!$B$17 -> Neurosurgery | K62: ='Source Table'!$I$17 -> جراحةأعصاب | L62: 71 | M62: 2023
A63: الأطباء المسجّلون في نقابة الأطباء | B63: Physicians Registered at the Physicians Syndicate | C63: M1 | D63: Number | E63: عدد | F63: ='Source Table'!$E$6 -> Private Sector | G63: ='Source Table'!$E$5 -> القطاع الخاص | H63: ='Source Table'!$H$8 -> Male | I63: ='Source Table'!$H$7 -> ذكر | J63: ='Source Table'!$B$18 -> Cardiothoracic | K63: ='Source Table'!$I$18 -> جراحة قلب | L63: 26 | M63: 2023
A64: الأطباء المسجّلون في نقابة الأطباء | B64: Physicians Registered at the Physicians Syndicate | C64: M1 | D64: Number | E64: عدد | F64: ='Source Table'!$E$6 -> Private Sector | G64: ='Source Table'!$E$5 -> القطاع الخاص | H64: ='Source Table'!$H$8 -> Male | I64: ='Source Table'!$H$7 -> ذكر | J64: ='Source Table'!$B$19 -> Plastic Surgeon | K64: ='Source Table'!$I$19 -> التجميل | L64: 48 | M64: 2023
A65: الأطباء المسجّلون في نقابة الأطباء | B65: Physicians Registered at the Physicians Syndicate | C65: M1 | D65: Number | E65: عدد | F65: ='Source Table'!$E$6 -> Private Sector | G65: ='Source Table'!$E$5 -> القطاع الخاص | H65: ='Source Table'!$H$8 -> Male | I65: ='Source Table'!$H$7 -> ذكر | J65: ='Source Table'!$B$20 -> Psychiatry | K65: ='Source Table'!$I$20 -> النفسية | L65: 89 | M65: 2023
A66: الأطباء المسجّلون في نقابة الأطباء | B66: Physicians Registered at the Physicians Syndicate | C66: M1 | D66: Number | E66: عدد | F66: ='Source Table'!$E$6 -> Private Sector | G66: ='Source Table'!$E$5 -> القطاع الخاص | H66: ='Source Table'!$H$8 -> Male | I66: ='Source Table'!$H$7 -> ذكر | J66: ='Source Table'!$B$21 -> Dermatologist Venereal | K66: ='Source Table'!$I$21 -> جلدية وتناسلية | L66: 162 | M66: 2023
A67: الأطباء المسجّلون في نقابة الأطباء | B67: Physicians Registered at the Physicians Syndicate | C67: M1 | D67: Number | E67: عدد | F67: ='Source Table'!$E$6 -> Private Sector | G67: ='Source Table'!$E$5 -> القطاع الخاص | H67: ='Source Table'!$H$8 -> Male | I67: ='Source Table'!$H$7 -> ذكر | J67: ='Source Table'!$B$22 -> Neurology/ Nervous | K67: ='Source Table'!$I$22 -> مرض الأعصاب | L67: 42 | M67: 2023
A68: الأطباء المسجّلون في نقابة الأطباء | B68: Physicians Registered at the Physicians Syndicate | C68: M1 | D68: Number | E68: عدد | F68: ='Source Table'!$E$6 -> Private Sector | G68: ='Source Table'!$E$5 -> القطاع الخاص | H68: ='Source Table'!$H$8 -> Male | I68: ='Source Table'!$H$7 -> ذكر | J68: ='Source Table'!$B$23 -> Pumologist | K68: ='Source Table'!$I$23 -> صدرية | L68: 54 | M68: 2023
A69: الأطباء المسجّلون في نقابة الأطباء | B69: Physicians Registered at the Physicians Syndicate | C69: M1 | D69: Number | E69: عدد | F69: ='Source Table'!$E$6 -> Private Sector | G69: ='Source Table'!$E$5 -> القطاع الخاص | H69: ='Source Table'!$H$8 -> Male | I69: ='Source Table'!$H$7 -> ذكر | J69: ='Source Table'!$B$24 -> G.I.T. Specialist | K69: ='Source Table'!$I$24 -> جهاز هضمي | L69: 73 | M69: 2023
A70: الأطباء المسجّلون في نقابة الأطباء | B70: Physicians Registered at the Physicians Syndicate | C70: M1 | D70: Number | E70: عدد | F70: ='Source Table'!$E$6 -> Private Sector | G70: ='Source Table'!$E$5 -> القطاع الخاص | H70: ='Source Table'!$H$8 -> Male | I70: ='Source Table'!$H$7 -> ذكر | J70: ='Source Table'!$B$25 -> Diagnostic Radiology | K70: ='Source Table'!$I$25 -> أشعة تشخيصية | L70: 184 | M70: 2023
A71: الأطباء المسجّلون في نقابة الأطباء | B71: Physicians Registered at the Physicians Syndicate | C71: M1 | D71: Number | E71: عدد | F71: ='Source Table'!$E$6 -> Private Sector | G71: ='Source Table'!$E$5 -> القطاع الخاص | H71: ='Source Table'!$H$8 -> Male | I71: ='Source Table'!$H$7 -> ذكر | J71: ='Source Table'!$B$26 -> Anesthetic | K71: ='Source Table'!$I$26 -> تخدير وإنعاش | L71: 269 | M71: 2023
A72: الأطباء المسجّلون في نقابة الأطباء | B72: Physicians Registered at the Physicians Syndicate | C72: M1 | D72: Number | E72: عدد | F72: ='Source Table'!$E$6 -> Private Sector | G72: ='Source Table'!$E$5 -> القطاع الخاص | H72: ='Source Table'!$H$8 -> Male | I72: ='Source Table'!$H$7 -> ذكر | J72: ='Source Table'!$B$27 -> Physiotherapist | K72: ='Source Table'!$I$27 -> طب طبيعي | L72: 26 | M72: 2023
A73: الأطباء المسجّلون في نقابة الأطباء | B73: Physicians Registered at the Physicians Syndicate | C73: M1 | D73: Number | E73: عدد | F73: ='Source Table'!$E$6 -> Private Sector | G73: ='Source Table'!$E$5 -> القطاع الخاص | H73: ='Source Table'!$H$8 -> Male | I73: ='Source Table'!$H$7 -> ذكر | J73: ='Source Table'!$B$28 -> Forensic | K73: ='Source Table'!$I$28 -> طب شرعي | L73: 3 | M73: 2023
A74: الأطباء المسجّلون في نقابة الأطباء | B74: Physicians Registered at the Physicians Syndicate | C74: M1 | D74: Number | E74: عدد | F74: ='Source Table'!$E$6 -> Private Sector | G74: ='Source Table'!$E$5 -> القطاع الخاص | H74: ='Source Table'!$H$8 -> Male | I74: ='Source Table'!$H$7 -> ذكر | J74: ='Source Table'!$B$29 -> Family | K74: ='Source Table'!$I$29 -> طب أسرة | L74: 44 | M74: 2023
A75: الأطباء المسجّلون في نقابة الأطباء | B75: Physicians Registered at the Physicians Syndicate | C75: M1 | D75: Number | E75: عدد | F75: ='Source Table'!$E$6 -> Private Sector | G75: ='Source Table'!$E$5 -> القطاع الخاص | H75: ='Source Table'!$H$8 -> Male | I75: ='Source Table'!$H$7 -> ذكر | J75: ='Source Table'!$B$30 -> Urologist | K75: ='Source Table'!$I$30 -> المسالك البولية | L75: 139 | M75: 2023
A76: الأطباء المسجّلون في نقابة الأطباء | B76: Physicians Registered at the Physicians Syndicate | C76: M1 | D76: Number | E76: عدد | F76: ='Source Table'!$E$6 -> Private Sector | G76: ='Source Table'!$E$5 -> القطاع الخاص | H76: ='Source Table'!$H$8 -> Male | I76: ='Source Table'!$H$7 -> ذكر | J76: ='Source Table'!$B$31 -> Cardiology | K76: ='Source Table'!$I$31 -> أمراض القلب | L76: 100 | M76: 2023
A77: الأطباء المسجّلون في نقابة الأطباء | B77: Physicians Registered at the Physicians Syndicate | C77: M1 | D77: Number | E77: عدد | F77: ='Source Table'!$E$6 -> Private Sector | G77: ='Source Table'!$E$5 -> القطاع الخاص | H77: ='Source Table'!$H$8 -> Male | I77: ='Source Table'!$H$7 -> ذكر | J77: ='Source Table'!$B$32 -> Laboratory | K77: ='Source Table'!$I$32 -> مختبرات | L77: 16 | M77: 2023
A78: الأطباء المسجّلون في نقابة الأطباء | B78: Physicians Registered at the Physicians Syndicate | C78: M1 | D78: Number | E78: عدد | F78: ='Source Table'!$E$6 -> Private Sector | G78: ='Source Table'!$E$5 -> القطاع الخاص | H78: ='Source Table'!$H$8 -> Male | I78: ='Source Table'!$H$7 -> ذكر | J78: ='Source Table'!$B$33 -> Others | K78: ='Source Table'!$I$33 -> أخرى | L78: 479 | M78: 2023
A79: الأطباء المسجّلون في نقابة الأطباء | B79: Physicians Registered at the Physicians Syndicate | C79: M1 | D79: Number | E79: عدد | F79: ='Source Table'!$E$6 -> Private Sector | G79: ='Source Table'!$E$5 -> القطاع الخاص | H79: ='Source Table'!$G$8 -> Female | I79: ='Source Table'!$G$7 -> أنثى | J79: ='Source Table'!$B$9 -> General Practitioner | K79: ='Source Table'!$I$9 -> طبيب عام | L79: 632 | M79: 2023
A80: الأطباء المسجّلون في نقابة الأطباء | B80: Physicians Registered at the Physicians Syndicate | C80: M1 | D80: Number | E80: عدد | F80: ='Source Table'!$E$6 -> Private Sector | G80: ='Source Table'!$E$5 -> القطاع الخاص | H80: ='Source Table'!$G$8 -> Female | I80: ='Source Table'!$G$7 -> أنثى | J80: ='Source Table'!$B$10 -> Surgeon | K80: ='Source Table'!$I$10 -> جراحة عامة | L80: 18 | M80: 2023
A81: الأطباء المسجّلون في نقابة الأطباء | B81: Physicians Registered at the Physicians Syndicate | C81: M1 | D81: Number | E81: عدد | F81: ='Source Table'!$E$6 -> Private Sector | G81: ='Source Table'!$E$5 -> القطاع الخاص | H81: ='Source Table'!$G$8 -> Female | I81: ='Source Table'!$G$7 -> أنثى | J81: ='Source Table'!$B$11 -> Internist | K81: ='Source Table'!$I$11 -> باطنية | L81: 96 | M81: 2023
A82: الأطباء المسجّلون في نقابة الأطباء | B82: Physicians Registered at the Physicians Syndicate | C82: M1 | D82: Number | E82: عدد | F82: ='Source Table'!$E$6 -> Private Sector | G82: ='Source Table'!$E$5 -> القطاع الخاص | H82: ='Source Table'!$G$8 -> Female | I82: ='Source Table'!$G$7 -> أنثى | J82: ='Source Table'!$B$12 -> Gynecologist and Obst. | K82: ='Source Table'!$I$12 -> نسائية وتوليد | L82: 315 | M82: 2023
A83: الأطباء المسجّلون في نقابة الأطباء | B83: Physicians Registered at the Physicians Syndicate | C83: M1 | D83: Number | E83: عدد | F83: ='Source Table'!$E$6 -> Private Sector | G83: ='Source Table'!$E$5 -> القطاع الخاص | H83: ='Source Table'!$G$8 -> Female | I83: ='Source Table'!$G$7 -> أنثى | J83: ='Source Table'!$B$13 -> Pediatrics | K83: ='Source Table'!$I$13 -> أطفال | L83: 152 | M83: 2023
A84: الأطباء المسجّلون في نقابة الأطباء | B84: Physicians Registered at the Physicians Syndicate | C84: M1 | D84: Number | E84: عدد | F84: ='Source Table'!$E$6 -> Private Sector | G84: ='Source Table'!$E$5 -> القطاع الخاص | H84: ='Source Table'!$G$8 -> Female | I84: ='Source Table'!$G$7 -> أنثى | J84: ='Source Table'!$B$14 -> Ophthalmologist | K84: ='Source Table'!$I$14 -> العيون | L84: 61 | M84: 2023
A85: الأطباء المسجّلون في نقابة الأطباء | B85: Physicians Registered at the Physicians Syndicate | C85: M1 | D85: Number | E85: عدد | F85: ='Source Table'!$E$6 -> Private Sector | G85: ='Source Table'!$E$5 -> القطاع الخاص | H85: ='Source Table'!$G$8 -> Female | I85: ='Source Table'!$G$7 -> أنثى | J85: ='Source Table'!$B$15 -> Orthopedic Surg. | K85: ='Source Table'!$I$15 -> العظام | L85: 1 | M85: 2023
A86: الأطباء المسجّلون في نقابة الأطباء | B86: Physicians Registered at the Physicians Syndicate | C86: M1 | D86: Number | E86: عدد | F86: ='Source Table'!$E$6 -> Private Sector | G86: ='Source Table'!$E$5 -> القطاع الخاص | H86: ='Source Table'!$G$8 -> Female | I86: ='Source Table'!$G$7 -> أنثى | J86: ='Source Table'!$B$16 -> E.N.T.Surg. | K86: ='Source Table'!$I$16 -> أذن وأنف وحنجرة | L86: 9 | M86: 2023
A87: الأطباء المسجّلون في نقابة الأطباء | B87: Physicians Registered at the Physicians Syndicate | C87: M1 | D87: Number | E87: عدد | F87: ='Source Table'!$E$6 -> Private Sector | G87: ='Source Table'!$E$5 -> القطاع الخاص | H87: ='Source Table'!$G$8 -> Female | I87: ='Source Table'!$G$7 -> أنثى | J87: ='Source Table'!$B$17 -> Neurosurgery | K87: ='Source Table'!$I$17 -> جراحةأعصاب | L87: 3 | M87: 2023
A88: الأطباء المسجّلون في نقابة الأطباء | B88: Physicians Registered at the Physicians Syndicate | C88: M1 | D88: Number | E88: عدد | F88: ='Source Table'!$E$6 -> Private Sector | G88: ='Source Table'!$E$5 -> القطاع الخاص | H88: ='Source Table'!$G$8 -> Female | I88: ='Source Table'!$G$7 -> أنثى | J88: ='Source Table'!$B$18 -> Cardiothoracic | K88: ='Source Table'!$I$18 -> جراحة قلب | L88: 0 | M88: 2023
A89: الأطباء المسجّلون في نقابة الأطباء | B89: Physicians Registered at the Physicians Syndicate | C89: M1 | D89: Number | E89: عدد | F89: ='Source Table'!$E$6 -> Private Sector | G89: ='Source Table'!$E$5 -> القطاع الخاص | H89: ='Source Table'!$G$8 -> Female | I89: ='Source Table'!$G$7 -> أنثى | J89: ='Source Table'!$B$19 -> Plastic Surgeon | K89: ='Source Table'!$I$19 -> التجميل | L89: 4 | M89: 2023
A90: الأطباء المسجّلون في نقابة الأطباء | B90: Physicians Registered at the Physicians Syndicate | C90: M1 | D90: Number | E90: عدد | F90: ='Source Table'!$E$6 -> Private Sector | G90: ='Source Table'!$E$5 -> القطاع الخاص | H90: ='Source Table'!$G$8 -> Female | I90: ='Source Table'!$G$7 -> أنثى | J90: ='Source Table'!$B$20 -> Psychiatry | K90: ='Source Table'!$I$20 -> النفسية | L90: 9 | M90: 2023
A91: الأطباء المسجّلون في نقابة الأطباء | B91: Physicians Registered at the Physicians Syndicate | C91: M1 | D91: Number | E91: عدد | F91: ='Source Table'!$E$6 -> Private Sector | G91: ='Source Table'!$E$5 -> القطاع الخاص | H91: ='Source Table'!$G$8 -> Female | I91: ='Source Table'!$G$7 -> أنثى | J91: ='Source Table'!$B$21 -> Dermatologist Venereal | K91: ='Source Table'!$I$21 -> جلدية وتناسلية | L91: 86 | M91: 2023
A92: الأطباء المسجّلون في نقابة الأطباء | B92: Physicians Registered at the Physicians Syndicate | C92: M1 | D92: Number | E92: عدد | F92: ='Source Table'!$E$6 -> Private Sector | G92: ='Source Table'!$E$5 -> القطاع الخاص | H92: ='Source Table'!$G$8 -> Female | I92: ='Source Table'!$G$7 -> أنثى | J92: ='Source Table'!$B$22 -> Neurology/ Nervous | K92: ='Source Table'!$I$22 -> مرض الأعصاب | L92: 4 | M92: 2023
A93: الأطباء المسجّلون في نقابة الأطباء | B93: Physicians Registered at the Physicians Syndicate | C93: M1 | D93: Number | E93: عدد | F93: ='Source Table'!$E$6 -> Private Sector | G93: ='Source Table'!$E$5 -> القطاع الخاص | H93: ='Source Table'!$G$8 -> Female | I93: ='Source Table'!$G$7 -> أنثى | J93: ='Source Table'!$B$23 -> Pumologist | K93: ='Source Table'!$I$23 -> صدرية | L93: 0 | M93: 2023
A94: الأطباء المسجّلون في نقابة الأطباء | B94: Physicians Registered at the Physicians Syndicate | C94: M1 | D94: Number | E94: عدد | F94: ='Source Table'!$E$6 -> Private Sector | G94: ='Source Table'!$E$5 -> القطاع الخاص | H94: ='Source Table'!$G$8 -> Female | I94: ='Source Table'!$G$7 -> أنثى | J94: ='Source Table'!$B$24 -> G.I.T. Specialist | K94: ='Source Table'!$I$24 -> جهاز هضمي | L94: 9 | M94: 2023
A95: الأطباء المسجّلون في نقابة الأطباء | B95: Physicians Registered at the Physicians Syndicate | C95: M1 | D95: Number | E95: عدد | F95: ='Source Table'!$E$6 -> Private Sector | G95: ='Source Table'!$E$5 -> القطاع الخاص | H95: ='Source Table'!$G$8 -> Female | I95: ='Source Table'!$G$7 -> أنثى | J95: ='Source Table'!$B$25 -> Diagnostic Radiology | K95: ='Source Table'!$I$25 -> أشعة تشخيصية | L95: 47 | M95: 2023
A96: الأطباء المسجّلون في نقابة الأطباء | B96: Physicians Registered at the Physicians Syndicate | C96: M1 | D96: Number | E96: عدد | F96: ='Source Table'!$E$6 -> Private Sector | G96: ='Source Table'!$E$5 -> القطاع الخاص | H96: ='Source Table'!$G$8 -> Female | I96: ='Source Table'!$G$7 -> أنثى | J96: ='Source Table'!$B$26 -> Anesthetic | K96: ='Source Table'!$I$26 -> تخدير وإنعاش | L96: 29 | M96: 2023
A97: الأطباء المسجّلون في نقابة الأطباء | B97: Physicians Registered at the Physicians Syndicate | C97: M1 | D97: Number | E97: عدد | F97: ='Source Table'!$E$6 -> Private Sector | G97: ='Source Table'!$E$5 -> القطاع الخاص | H97: ='Source Table'!$G$8 -> Female | I97: ='Source Table'!$G$7 -> أنثى | J97: ='Source Table'!$B$27 -> Physiotherapist | K97: ='Source Table'!$I$27 -> طب طبيعي | L97: 3 | M97: 2023
A98: الأطباء المسجّلون في نقابة الأطباء | B98: Physicians Registered at the Physicians Syndicate | C98: M1 | D98: Number | E98: عدد | F98: ='Source Table'!$E$6 -> Private Sector | G98: ='Source Table'!$E$5 -> القطاع الخاص | H98: ='Source Table'!$G$8 -> Female | I98: ='Source Table'!$G$7 -> أنثى | J98: ='Source Table'!$B$28 -> Forensic | K98: ='Source Table'!$I$28 -> طب شرعي | L98: 0 | M98: 2023
A99: الأطباء المسجّلون في نقابة الأطباء | B99: Physicians Registered at the Physicians Syndicate | C99: M1 | D99: Number | E99: عدد | F99: ='Source Table'!$E$6 -> Private Sector | G99: ='Source Table'!$E$5 -> القطاع الخاص | H99: ='Source Table'!$G$8 -> Female | I99: ='Source Table'!$G$7 -> أنثى | J99: ='Source Table'!$B$29 -> Family | K99: ='Source Table'!$I$29 -> طب أسرة | L99: 26 | M99: 2023
A100: الأطباء المسجّلون في نقابة الأطباء | B100: Physicians Registered at the Physicians Syndicate | C100: M1 | D100: Number | E100: عدد | F100: ='Source Table'!$E$6 -> Private Sector | G100: ='Source Table'!$E$5 -> القطاع الخاص | H100: ='Source Table'!$G$8 -> Female | I100: ='Source Table'!$G$7 -> أنثى | J100: ='Source Table'!$B$30 -> Urologist | K100: ='Source Table'!$I$30 -> المسالك البولية | L100: 2 | M100: 2023
...

Sheet Template Data
A1: Date | B1: =DATE(B2,B3,1) -> 45292
A2: Year | B2: 2024
A3: Month | B3: 1
A4: Measure_Name_Ar | B4: Measure_Name_En | C4: Measure_ID | D4: Unit_EN | E4: Unit_AR | F4: CL_SECTOR_EN_V2 | G4: CL_SECTOR_AR_V2 | H4: CL_SEX_EN_V1 | I4: CL_SEX_AR_V1 | J4: CL_PHY_SPECALIZATION_EN_V1 | K4: CL_PHY_SPECALIZATION_AR_V1 | L4: Obs_Value | M4: Time_Period_Y | N4: Time_Period_M
A5: اسم المؤشر | B5: Measure Name | C5: رمز المؤشر | D5: Unit | E5: الوحدة | F5: Sector | G5: القطاع | H5: Sex | I5: الجنس | J5: Physicians Specialization | K5: التخصص الطبي | L5: قيمة المؤشر | M5: سنة فترة القياس | N5: شهر فترة القياس

Sheet Help
A2: Step 1: Cover Page | C2: الخطوة 1: Cover Page
A4: Update the template information, to ensure that any meta-information about the template, such as the title, version, and description, is accurate and up-to-date. | C4: قم بتحديث معلومات القالب للتأكد من أن أي معلومات وصفية حول القالب، مثل العنوان والإصدار والوصف، دقيقة ومحدثة.
A6: Step 2: Source Table | C6: الخطوة 2: Source Table
A8: Design your template, ensuring that the time period is mapped correctly to the date information in rows 1-3 of the Template Data Sheet. | C8: قم بتصميم القالب الخاص بك، مع التأكد من أن فترة الوقت مرتبطة بشكل صحيح مع معلومات التاريخ في الصفوف 1-3 في ورقة Template Data.
A10: Step 3: Relational Sheet | C10: الخطوة 3: Relational Sheet
A12: Unpivot the data in the source table into a flat format. Follow these guidelines: | C12: قم بتحويل البيانات في جدول المصدر إلى تنسيق مسطح. اتبع هذه الإرشادات:
A13: 1. Blue Columns: Do not change the names of the blue columns. Update the data as per the current template. | C13: 1. الأعمدة الزرقاء: لا تقم بتغيير أسماء الأعمدة الزرقاء. قم بتحديث البيانات وفقًا للقالب الحالي.
A14: 2. Code Lists: Use the naming convention CL_XXX_EN_V# for code lists, where XXX is the name, and V# is the version, conforming with the definitions in the data dictionary. | C14: 2. قوائم الرموز: استخدم قاعدة التسمية CL_XXX_EN_V# لقوائم الرموز، حيث أن XXX هو الاسم و V# هو الإصدار، وفقًا للتعريفات في قاموس البيانات.
A15: 3. Code List Values: Ensure the code list values match the definitions in the data dictionary. | C15: 3. قيم قائمة الرموز: تأكد من أن قيم قائمة الرموز تتوافق مع التعريفات في قاموس البيانات.
A16: 4. Time_Period_M: Leave empty if the data frequency is yearly. | C16: 4. Time_Period_M: اتركها فارغة إذا كانت دورية البيانات سنوية.
A17: 5. Time_Period_M Format: Use one of these formats: | C17: 5. تنسيق Time_Period_M: استخدم أحد التنسيقات التالية:
A18: Numeric: (1, 2, 3, ..., 12) for months. | C18: رقمي: (1، 2، 3، ...، 12) للأشهر.
... A38: Protect the entire workbook to prevent unauthorized or accidental changes to the structure of the file. | C38: قم بحماية الكتاب بأكمله لمنع التغييرات غير المصرح بها أو غير المقصودة على هيكل الملف.
