Workbook

Sheet Cover Page
A1: Code | B1: SYB3_3_20
A2: Version | B2: V1
A3: اسم القالب | B3: وقوعات الطلاق المسجلة حسب المحافظة وأرباع السنة
A4: Template Name | B4: Registered Divorce by Governorate and Quarters of the Year
A5: دورية البيانات | B5: سنوي
A6: Data Frequency | B6: Yearly
A7: الجهة المصدرية | B7: المحاكم الشرعية
A8: Data Source | B8: Shariah Courts

Sheet Source Table
B2: ='Cover Page'!B4 -> Registered Divorce by Governorate and Quarters of the Year
B3: ='Cover Page'!B3 -> وقوعات الطلاق المسجلة حسب المحافظة وأرباع السنة
B4: Year | C4: 2024 | G4: السنة
B5: Governorate | C5: 1st Quarter | D5: 2nd Quarter | E5: 3rd Quarter | F5: 4th Quarter | G5: المحافظة
C6: الربع الأول | D6: الربع الثاني | E6: الربع الثالث | F6: الربع الرابع
B8: Amman | G8: العاصمة
B9: Balqa | G9: البلقاء
B10: Zarqa | G10: الزرقاء
B11: Madaba | G11: مأدبا
B12: Irbid | G12: إربد
B13: Mafraq | G13: المفرق
B14: Jarash | G14: جرش
B15: Ajloun | G15: عجلون
B16: Karak | G16: الكرك
B17: Tafiela | G17: الطفيله
B18: Ma'an | G18: معان
B19: Aqaba | G19: العقبة

Sheet Relational DB
A1: Relational Sheet
A2: Measure_Name_Ar | B2: Measure_Name_En | C2: Measure_ID | D2: Unit_EN | E2: Unit_AR | F2: CL_GOVERNORATE_EN_V1 | G2: CL_GOVERNORATE_AR_V1 | H2: Obs_Value | I2: Time_Period_Y | J2: Time_Period_M
A3: اسم المؤشر | B3: Measure Name | C3: رمز المؤشر | D3: Unit | E3: الوحدة | F3: Governorate | G3: المحافظة | H3: قيمة المؤشر | I3: سنة فترة القياس | J3: شهر فترة القياس
A4: وقوعات الطلاق المسجلة | B4: Registered Divorce | C4: M1 | D4: Number | E4: عدد | F4: ='Source Table'!$B$8 -> Amman | G4: ='Source Table'!$G$8 -> العاصمة | H4: 1697 | I4: 2023 | J4: Jan
A5: وقوعات الطلاق المسجلة | B5: Registered Divorce | C5: M1 | D5: Number | E5: عدد | F5: ='Source Table'!$B$9 -> Balqa | G5: ='Source Table'!$G$9 -> البلقاء | H5: 321 | I5: 2023 | J5: Jan
A6: وقوعات الطلاق المسجلة | B6: Registered Divorce | C6: M1 | D6: Number | E6: عدد | F6: ='Source Table'!$B$10 -> Zarqa | G6: ='Source Table'!$G$10 -> الزرقاء | H6: 746 | I6: 2023 | J6: Jan
A7: وقوعات الطلاق المسجلة | B7: Registered Divorce | C7: M1 | D7: Number | E7: عدد | F7: ='Source Table'!$B$11 -> Madaba | G7: ='Source Table'!$G$11 -> مأدبا | H7: 139 | I7: 2023 | J7: Jan
A8: وقوعات الطلاق المسجلة | B8: Registered Divorce | C8: M1 | D8: Number | E8: عدد | F8: ='Source Table'!$B$12 -> Irbid | G8: ='Source Table'!$G$12 -> إربد | H8: 794 | I8: 2023 | J8: Jan
A9: وقوعات الطلاق المسجلة | B9: Registered Divorce | C9: M1 | D9: Number | E9: عدد | F9: ='Source Table'!$B$13 -> Mafraq | G9: ='Source Table'!$G$13 -> المفرق | H9: 282 | I9: 2023 | J9: Jan
A10: وقوعات الطلاق المسجلة | B10: Registered Divorce | C10: M1 | D10: Number | E10: عدد | F10: ='Source Table'!$B$14 -> Jarash | G10: ='Source Table'!$G$14 -> جرش | H10: 126 | I10: 2023 | J10: Jan
A11: وقوعات الطلاق المسجلة | B11: Registered Divorce | C11: M1 | D11: Number | E11: عدد | F11: ='Source Table'!$B$15 -> Ajloun | G11: ='Source Table'!$G$15 -> عجلون | H11: 74 | I11: 2023 | J11: Jan
A12: وقوعات الطلاق المسجلة | B12: Registered Divorce | C12: M1 | D12: Number | E12: عدد | F12: ='Source Table'!$B$16 -> Karak | G12: ='Source Table'!$G$16 -> الكرك | H12: 117 | I12: 2023 | J12: Jan
A13: وقوعات الطلاق المسجلة | B13: Registered Divorce | C13: M1 | D13: Number | E13: عدد | F13: ='Source Table'!$B$17 -> Tafiela | G13: ='Source Table'!$G$17 -> الطفيله | H13: 42 | I13: 2023 | J13: Jan
A14: وقوعات الطلاق المسجلة | B14: Registered Divorce | C14: M1 | D14: Number | E14: عدد | F14: ='Source Table'!$B$18 -> Ma'an | G14: ='Source Table'!$G$18 -> معان | H14: 82 | I14: 2023 | J14: Jan
A15: وقوعات الطلاق المسجلة | B15: Registered Divorce | C15: M1 | D15: Number | E15: عدد | F15: ='Source Table'!$B$19 -> Aqaba | G15: ='Source Table'!$G$19 -> العقبة | H15: 118 | I15: 2023 | J15: Jan
A16: وقوعات الطلاق المسجلة | B16: Registered Divorce | C16: M1 | D16: Number | E16: عدد | F16: ='Source Table'!$B$8 -> Amman | G16: ='Source Table'!$G$8 -> العاصمة | H16: 1602 | I16: 2023 | J16: Apr
A17: وقوعات الطلاق المسجلة | B17: Registered Divorce | C17: M1 | D17: Number | E17: عدد | F17: ='Source Table'!$B$9 -> Balqa | G17: ='Source Table'!$G$9 -> البلقاء | H17: 279 | I17: 2023 | J17: Apr
A18: وقوعات الطلاق المسجلة | B18: Registered Divorce | C18: M1 | D18: Number | E18: عدد | F18: ='Source Table'!$B$10 -> Zarqa | G18: ='Source Table'!$G$10 -> الزرقاء | H18: 638 | I18: 2023 | J18: Apr
A19: وقوعات الطلاق المسجلة | B19: Registered Divorce | C19: M1 | D19: Number | E19: عدد | F19: ='Source Table'!$B$11 -> Madaba | G19: ='Source Table'!$G$11 -> مأدبا | H19: 131 | I19: 2023 | J19: Apr
A20: وقوعات الطلاق المسجلة | B20: Registered Divorce | C20: M1 | D20: Number | E20: عدد | F20: ='Source Table'!$B$12 -> Irbid | G20: ='Source Table'!$G$12 -> إربد | H20: 788 | I20: 2023 | J20: Apr
A21: وقوعات الطلاق المسجلة | B21: Registered Divorce | C21: M1 | D21: Number | E21: عدد | F21: ='Source Table'!$B$13 -> Mafraq | G21: ='Source Table'!$G$13 -> المفرق | H21: 276 | I21: 2023 | J21: Apr
A22: وقوعات الطلاق المسجلة | B22: Registered Divorce | C22: M1 | D22: Number | E22: عدد | F22: ='Source Table'!$B$14 -> Jarash | G22: ='Source Table'!$G$14 -> جرش | H22: 94 | I22: 2023 | J22: Apr
A23: وقوعات الطلاق المسجلة | B23: Registered Divorce | C23: M1 | D23: Number | E23: عدد | F23: ='Source Table'!$B$15 -> Ajloun | G23: ='Source Table'!$G$15 -> عجلون | H23: 72 | I23: 2023 | J23: Apr
A24: وقوعات الطلاق المسجلة | B24: Registered Divorce | C24: M1 | D24: Number | E24: عدد | F24: ='Source Table'!$B$16 -> Karak | G24: ='Source Table'!$G$16 -> الكرك | H24: 133 | I24: 2023 | J24: Apr
A25: وقوعات الطلاق المسجلة | B25: Registered Divorce | C25: M1 | D25: Number | E25: عدد | F25: ='Source Table'!$B$17 -> Tafiela | G25: ='Source Table'!$G$17 -> الطفيله | H25: 35 | I25: 2023 | J25: Apr
A26: وقوعات الطلاق المسجلة | B26: Registered Divorce | C26: M1 | D26: Number | E26: عدد | F26: ='Source Table'!$B$18 -> Ma'an | G26: ='Source Table'!$G$18 -> معان | H26: 73 | I26: 2023 | J26: Apr
A27: وقوعات الطلاق المسجلة | B27: Registered Divorce | C27: M1 | D27: Number | E27: عدد | F27: ='Source Table'!$B$19 -> Aqaba | G27: ='Source Table'!$G$19 -> العقبة | H27: 123 | I27: 2023 | J27: Apr
A28: وقوعات الطلاق المسجلة | B28: Registered Divorce | C28: M1 | D28: Number | E28: عدد | F28: ='Source Table'!$B$8 -> Amman | G28: ='Source Table'!$G$8 -> العاصمة | H28: 2092 | I28: 2023 | J28: Jul
A29: وقوعات الطلاق المسجلة | B29: Registered Divorce | C29: M1 | D29: Number | E29: عدد | F29: ='Source Table'!$B$9 -> Balqa | G29: ='Source Table'!$G$9 -> البلقاء | H29: 358 | I29: 2023 | J29: Jul
A30: وقوعات الطلاق المسجلة | B30: Registered Divorce | C30: M1 | D30: Number | E30: عدد | F30: ='Source Table'!$B$10 -> Zarqa | G30: ='Source Table'!$G$10 -> الزرقاء | H30: 917 | I30: 2023 | J30: Jul
A31: وقوعات الطلاق المسجلة | B31: Registered Divorce | C31: M1 | D31: Number | E31: عدد | F31: ='Source Table'!$B$11 -> Madaba | G31: ='Source Table'!$G$11 -> مأدبا | H31: 166 | I31: 2023 | J31: Jul
A32: وقوعات الطلاق المسجلة | B32: Registered Divorce | C32: M1 | D32: Number | E32: عدد | F32: ='Source Table'!$B$12 -> Irbid | G32: ='Source Table'!$G$12 -> إربد | H32: 1023 | I32: 2023 | J32: Jul
A33: وقوعات الطلاق المسجلة | B33: Registered Divorce | C33: M1 | D33: Number | E33: عدد | F33: ='Source Table'!$B$13 -> Mafraq | G33: ='Source Table'!$G$13 -> المفرق | H33: 331 | I33: 2023 | J33: Jul
A34: وقوعات الطلاق المسجلة | B34: Registered Divorce | C34: M1 | D34: Number | E34: عدد | F34: ='Source Table'!$B$14 -> Jarash | G34: ='Source Table'!$G$14 -> جرش | H34: 106 | I34: 2023 | J34: Jul
A35: وقوعات الطلاق المسجلة | B35: Registered Divorce | C35: M1 | D35: Number | E35: عدد | F35: ='Source Table'!$B$15 -> Ajloun | G35: ='Source Table'!$G$15 -> عجلون | H35: 91 | I35: 2023 | J35: Jul
A36: وقوعات الطلاق المسجلة | B36: Registered Divorce | C36: M1 | D36: Number | E36: عدد | F36: ='Source Table'!$B$16 -> Karak | G36: ='Source Table'!$G$16 -> الكرك | H36: 145 | I36: 2023 | J36: Jul
A37: وقوعات الطلاق المسجلة | B37: Registered Divorce | C37: M1 | D37: Number | E37: عدد | F37: ='Source Table'!$B$17 -> Tafiela | G37: ='Source Table'!$G$17 -> الطفيله | H37: 41 | I37: 2023 | J37: Jul
A38: وقوعات الطلاق المسجلة | B38: Registered Divorce | C38: M1 | D38: Number | E38: عدد | F38: ='Source Table'!$B$18 -> Ma'an | G38: ='Source Table'!$G$18 -> معان | H38: 130 | I38: 2023 | J38: Jul
A39: وقوعات الطلاق المسجلة | B39: Registered Divorce | C39: M1 | D39: Number | E39: عدد | F39: ='Source Table'!$B$19 -> Aqaba | G39: ='Source Table'!$G$19 -> العقبة | H39: 136 | I39: 2023 | J39: Jul
A40: وقوعات الطلاق المسجلة | B40: Registered Divorce | C40: M1 | D40: Number | E40: عدد | F40: ='Source Table'!$B$8 -> Amman | G40: ='Source Table'!$G$8 -> العاصمة | H40: 1928 | I40: 2023 | J40: Oct
A41: وقوعات الطلاق المسجلة | B41: Registered Divorce | C41: M1 | D41: Number | E41: عدد | F41: ='Source Table'!$B$9 -> Balqa | G41: ='Source Table'!$G$9 -> البلقاء | H41: 287 | I41: 2023 | J41: Oct
A42: وقوعات الطلاق المسجلة | B42: Registered Divorce | C42: M1 | D42: Number | E42: عدد | F42: ='Source Table'!$B$10 -> Zarqa | G42: ='Source Table'!$G$10 -> الزرقاء | H42: 691 | I42: 2023 | J42: Oct
A43: وقوعات الطلاق المسجلة | B43: Registered Divorce | C43: M1 | D43: Number | E43: عدد | F43: ='Source Table'!$B$11 -> Madaba | G43: ='Source Table'!$G$11 -> مأدبا | H43: 126 | I43: 2023 | J43: Oct
A44: وقوعات الطلاق المسجلة | B44: Registered Divorce | C44: M1 | D44: Number | E44: عدد | F44: ='Source Table'!$B$12 -> Irbid | G44: ='Source Table'!$G$12 -> إربد | H44: 787 | I44: 2023 | J44: Oct
A45: وقوعات الطلاق المسجلة | B45: Registered Divorce | C45: M1 | D45: Number | E45: عدد | F45: ='Source Table'!$B$13 -> Mafraq | G45: ='Source Table'!$G$13 -> المفرق | H45: 298 | I45: 2023 | J45: Oct
A46: وقوعات الطلاق المسجلة | B46: Registered Divorce | C46: M1 | D46: Number | E46: عدد | F46: ='Source Table'!$B$14 -> Jarash | G46: ='Source Table'!$G$14 -> جرش | H46: 109 | I46: 2023 | J46: Oct
A47: وقوعات الطلاق المسجلة | B47: Registered Divorce | C47: M1 | D47: Number | E47: عدد | F47: ='Source Table'!$B$15 -> Ajloun | G47: ='Source Table'!$G$15 -> عجلون | H47: 85 | I47: 2023 | J47: Oct
A48: وقوعات الطلاق المسجلة | B48: Registered Divorce | C48: M1 | D48: Number | E48: عدد | F48: ='Source Table'!$B$16 -> Karak | G48: ='Source Table'!$G$16 -> الكرك | H48: 132 | I48: 2023 | J48: Oct
A49: وقوعات الطلاق المسجلة | B49: Registered Divorce | C49: M1 | D49: Number | E49: عدد | F49: ='Source Table'!$B$17 -> Tafiela | G49: ='Source Table'!$G$17 -> الطفيله | H49: 44 | I49: 2023 | J49: Oct
A50: وقوعات الطلاق المسجلة | B50: Registered Divorce | C50: M1 | D50: Number | E50: عدد | F50: ='Source Table'!$B$18 -> Ma'an | G50: ='Source Table'!$G$18 -> معان | H50: 98 | I50: 2023 | J50: Oct
A51: وقوعات الطلاق المسجلة | B51: Registered Divorce | C51: M1 | D51: Number | E51: عدد | F51: ='Source Table'!$B$19 -> Aqaba | G51: ='Source Table'!$G$19 -> العقبة | H51: 133 | I51: 2023 | J51: Oct
A52: وقوعات الطلاق المسجلة | B52: Registered Divorce | C52: M1 | D52: Number | E52: عدد | F52: ='Source Table'!$B$8 -> Amman | G52: ='Source Table'!$G$8 -> العاصمة | H52: 1726 | I52: 2022 | J52: Jan
A53: وقوعات الطلاق المسجلة | B53: Registered Divorce | C53: M1 | D53: Number | E53: عدد | F53: ='Source Table'!$B$9 -> Balqa | G53: ='Source Table'!$G$9 -> البلقاء | H53: 309 | I53: 2022 | J53: Jan
A54: وقوعات الطلاق المسجلة | B54: Registered Divorce | C54: M1 | D54: Number | E54: عدد | F54: ='Source Table'!$B$10 -> Zarqa | G54: ='Source Table'!$G$10 -> الزرقاء | H54: 823 | I54: 2022 | J54: Jan
A55: وقوعات الطلاق المسجلة | B55: Registered Divorce | C55: M1 | D55: Number | E55: عدد | F55: ='Source Table'!$B$11 -> Madaba | G55: ='Source Table'!$G$11 -> مأدبا | H55: 137 | I55: 2022 | J55: Jan
A56: وقوعات الطلاق المسجلة | B56: Registered Divorce | C56: M1 | D56: Number | E56: عدد | F56: ='Source Table'!$B$12 -> Irbid | G56: ='Source Table'!$G$12 -> إربد | H56: 827 | I56: 2022 | J56: Jan
A57: وقوعات الطلاق المسجلة | B57: Registered Divorce | C57: M1 | D57: Number | E57: عدد | F57: ='Source Table'!$B$13 -> Mafraq | G57: ='Source Table'!$G$13 -> المفرق | H57: 278 | I57: 2022 | J57: Jan
A58: وقوعات الطلاق المسجلة | B58: Registered Divorce | C58: M1 | D58: Number | E58: عدد | F58: ='Source Table'!$B$14 -> Jarash | G58: ='Source Table'!$G$14 -> جرش | H58: 119 | I58: 2022 | J58: Jan
A59: وقوعات الطلاق المسجلة | B59: Registered Divorce | C59: M1 | D59: Number | E59: عدد | F59: ='Source Table'!$B$15 -> Ajloun | G59: ='Source Table'!$G$15 -> عجلون | H59: 74 | I59: 2022 | J59: Jan
A60: وقوعات الطلاق المسجلة | B60: Registered Divorce | C60: M1 | D60: Number | E60: عدد | F60: ='Source Table'!$B$16 -> Karak | G60: ='Source Table'!$G$16 -> الكرك | H60: 134 | I60: 2022 | J60: Jan
A61: وقوعات الطلاق المسجلة | B61: Registered Divorce | C61: M1 | D61: Number | E61: عدد | F61: ='Source Table'!$B$17 -> Tafiela | G61: ='Source Table'!$G$17 -> الطفيله | H61: 41 | I61: 2022 | J61: Jan
A62: وقوعات الطلاق المسجلة | B62: Registered Divorce | C62: M1 | D62: Number | E62: عدد | F62: ='Source Table'!$B$18 -> Ma'an | G62: ='Source Table'!$G$18 -> معان | H62: 83 | I62: 2022 | J62: Jan
A63: وقوعات الطلاق المسجلة | B63: Registered Divorce | C63: M1 | D63: Number | E63: عدد | F63: ='Source Table'!$B$19 -> Aqaba | G63: ='Source Table'!$G$19 -> العقبة | H63: 138 | I63: 2022 | J63: Jan
A64: وقوعات الطلاق المسجلة | B64: Registered Divorce | C64: M1 | D64: Number | E64: عدد | F64: ='Source Table'!$B$8 -> Amman | G64: ='Source Table'!$G$8 -> العاصمة | H64: 1668 | I64: 2022 | J64: Apr
A65: وقوعات الطلاق المسجلة | B65: Registered Divorce | C65: M1 | D65: Number | E65: عدد | F65: ='Source Table'!$B$9 -> Balqa | G65: ='Source Table'!$G$9 -> البلقاء | H65: 310 | I65: 2022 | J65: Apr
A66: وقوعات الطلاق المسجلة | B66: Registered Divorce | C66: M1 | D66: Number | E66: عدد | F66: ='Source Table'!$B$10 -> Zarqa | G66: ='Source Table'!$G$10 -> الزرقاء | H66: 809 | I66: 2022 | J66: Apr
A67: وقوعات الطلاق المسجلة | B67: Registered Divorce | C67: M1 | D67: Number | E67: عدد | F67: ='Source Table'!$B$11 -> Madaba | G67: ='Source Table'!$G$11 -> مأدبا | H67: 141 | I67: 2022 | J67: Apr
A68: وقوعات الطلاق المسجلة | B68: Registered Divorce | C68: M1 | D68: Number | E68: عدد | F68: ='Source Table'!$B$12 -> Irbid | G68: ='Source Table'!$G$12 -> إربد | H68: 901 | I68: 2022 | J68: Apr
A69: وقوعات الطلاق المسجلة | B69: Registered Divorce | C69: M1 | D69: Number | E69: عدد | F69: ='Source Table'!$B$13 -> Mafraq | G69: ='Source Table'!$G$13 -> المفرق | H69: 295 | I69: 2022 | J69: Apr
A70: وقوعات الطلاق المسجلة | B70: Registered Divorce | C70: M1 | D70: Number | E70: عدد | F70: ='Source Table'!$B$14 -> Jarash | G70: ='Source Table'!$G$14 -> جرش | H70: 102 | I70: 2022 | J70: Apr
A71: وقوعات الطلاق المسجلة | B71: Registered Divorce | C71: M1 | D71: Number | E71: عدد | F71: ='Source Table'!$B$15 -> Ajloun | G71: ='Source Table'!$G$15 -> عجلون | H71: 61 | I71: 2022 | J71: Apr
A72: وقوعات الطلاق المسجلة | B72: Registered Divorce | C72: M1 | D72: Number | E72: عدد | F72: ='Source Table'!$B$16 -> Karak | G72: ='Source Table'!$G$16 -> الكرك | H72: 112 | I72: 2022 | J72: Apr
A73: وقوعات الطلاق المسجلة | B73: Registered Divorce | C73: M1 | D73: Number | E73: عدد | F73: ='Source Table'!$B$17 -> Tafiela | G73: ='Source Table'!$G$17 -> الطفيله | H73: 41 | I73: 2022 | J73: Apr
A74: وقوعات الطلاق المسجلة | B74: Registered Divorce | C74: M1 | D74: Number | E74: عدد | F74: ='Source Table'!$B$18 -> Ma'an | G74: ='Source Table'!$G$18 -> معان | H74: 96 | I74: 2022 | J74: Apr
A75: وقوعات الطلاق المسجلة | B75: Registered Divorce | C75: M1 | D75: Number | E75: عدد | F75: ='Source Table'!$B$19 -> Aqaba | G75: ='Source Table'!$G$19 -> العقبة | H75: 123 | I75: 2022 | J75: Apr
A76: وقوعات الطلاق المسجلة | B76: Registered Divorce | C76: M1 | D76: Number | E76: عدد | F76: ='Source Table'!$B$8 -> Amman | G76: ='Source Table'!$G$8 -> العاصمة | H76: 2050 | I76: 2022 | J76: Jul
A77: وقوعات الطلاق المسجلة | B77: Registered Divorce | C77: M1 | D77: Number | E77: عدد | F77: ='Source Table'!$B$9 -> Balqa | G77: ='Source Table'!$G$9 -> البلقاء | H77: 375 | I77: 2022 | J77: Jul
A78: وقوعات الطلاق المسجلة | B78: Registered Divorce | C78: M1 | D78: Number | E78: عدد | F78: ='Source Table'!$B$10 -> Zarqa | G78: ='Source Table'!$G$10 -> الزرقاء | H78: 839 | I78: 2022 | J78: Jul
A79: وقوعات الطلاق المسجلة | B79: Registered Divorce | C79: M1 | D79: Number | E79: عدد | F79: ='Source Table'!$B$11 -> Madaba | G79: ='Source Table'!$G$11 -> مأدبا | H79: 137 | I79: 2022 | J79: Jul
A80: وقوعات الطلاق المسجلة | B80: Registered Divorce | C80: M1 | D80: Number | E80: عدد | F80: ='Source Table'!$B$12 -> Irbid | G80: ='Source Table'!$G$12 -> إربد | H80: 911 | I80: 2022 | J80: Jul
A81: وقوعات الطلاق المسجلة | B81: Registered Divorce | C81: M1 | D81: Number | E81: عدد | F81: ='Source Table'!$B$13 -> Mafraq | G81: ='Source Table'!$G$13 -> المفرق | H81: 334 | I81: 2022 | J81: Jul
A82: وقوعات الطلاق المسجلة | B82: Registered Divorce | C82: M1 | D82: Number | E82: عدد | F82: ='Source Table'!$B$14 -> Jarash | G82: ='Source Table'!$G$14 -> جرش | H82: 119 | I82: 2022 | J82: Jul
A83: وقوعات الطلاق المسجلة | B83: Registered Divorce | C83: M1 | D83: Number | E83: عدد | F83: ='Source Table'!$B$15 -> Ajloun | G83: ='Source Table'!$G$15 -> عجلون | H83: 84 | I83: 2022 | J83: Jul
A84: وقوعات الطلاق المسجلة | B84: Registered Divorce | C84: M1 | D84: Number | E84: عدد | F84: ='Source Table'!$B$16 -> Karak | G84: ='Source Table'!$G$16 -> الكرك | H84: 150 | I84: 2022 | J84: Jul
A85: وقوعات الطلاق المسجلة | B85: Registered Divorce | C85: M1 | D85: Number | E85: عدد | F85: ='Source Table'!$B$17 -> Tafiela | G85: ='Source Table'!$G$17 -> الطفيله | H85: 59 | I85: 2022 | J85: Jul
A86: وقوعات الطلاق المسجلة | B86: Registered Divorce | C86: M1 | D86: Number | E86: عدد | F86: ='Source Table'!$B$18 -> Ma'an | G86: ='Source Table'!$G$18 -> معان | H86: 113 | I86: 2022 | J86: Jul
A87: وقوعات الطلاق المسجلة | B87: Registered Divorce | C87: M1 | D87: Number | E87: عدد | F87: ='Source Table'!$B$19 -> Aqaba | G87: ='Source Table'!$G$19 -> العقبة | H87: 134 | I87: 2022 | J87: Jul
A88: وقوعات الطلاق المسجلة | B88: Registered Divorce | C88: M1 | D88: Number | E88: عدد | F88: ='Source Table'!$B$8 -> Amman | G88: ='Source Table'!$G$8 -> العاصمة | H88: 1771 | I88: 2022 | J88: Oct
A89: وقوعات الطلاق المسجلة | B89: Registered Divorce | C89: M1 | D89: Number | E89: عدد | F89: ='Source Table'!$B$9 -> Balqa | G89: ='Source Table'!$G$9 -> البلقاء | H89: 319 | I89: 2022 | J89: Oct
A90: وقوعات الطلاق المسجلة | B90: Registered Divorce | C90: M1 | D90: Number | E90: عدد | F90: ='Source Table'!$B$10 -> Zarqa | G90: ='Source Table'!$G$10 -> الزرقاء | H90: 806 | I90: 2022 | J90: Oct
A91: وقوعات الطلاق المسجلة | B91: Registered Divorce | C91: M1 | D91: Number | E91: عدد | F91: ='Source Table'!$B$11 -> Madaba | G91: ='Source Table'!$G$11 -> مأدبا | H91: 129 | I91: 2022 | J91: Oct
A92: وقوعات الطلاق المسجلة | B92: Registered Divorce | C92: M1 | D92: Number | E92: عدد | F92: ='Source Table'!$B$12 -> Irbid | G92: ='Source Table'!$G$12 -> إربد | H92: 810 | I92: 2022 | J92: Oct
A93: وقوعات الطلاق المسجلة | B93: Registered Divorce | C93: M1 | D93: Number | E93: عدد | F93: ='Source Table'!$B$13 -> Mafraq | G93: ='Source Table'!$G$13 -> المفرق | H93: 263 | I93: 2022 | J93: Oct
A94: وقوعات الطلاق المسجلة | B94: Registered Divorce | C94: M1 | D94: Number | E94: عدد | F94: ='Source Table'!$B$14 -> Jarash | G94: ='Source Table'!$G$14 -> جرش | H94: 101 | I94: 2022 | J94: Oct
A95: وقوعات الطلاق المسجلة | B95: Registered Divorce | C95: M1 | D95: Number | E95: عدد | F95: ='Source Table'!$B$15 -> Ajloun | G95: ='Source Table'!$G$15 -> عجلون | H95: 59 | I95: 2022 | J95: Oct
A96: وقوعات الطلاق المسجلة | B96: Registered Divorce | C96: M1 | D96: Number | E96: عدد | F96: ='Source Table'!$B$16 -> Karak | G96: ='Source Table'!$G$16 -> الكرك | H96: 134 | I96: 2022 | J96: Oct
A97: وقوعات الطلاق المسجلة | B97: Registered Divorce | C97: M1 | D97: Number | E97: عدد | F97: ='Source Table'!$B$17 -> Tafiela | G97: ='Source Table'!$G$17 -> الطفيله | H97: 48 | I97: 2022 | J97: Oct
A98: وقوعات الطلاق المسجلة | B98: Registered Divorce | C98: M1 | D98: Number | E98: عدد | F98: ='Source Table'!$B$18 -> Ma'an | G98: ='Source Table'!$G$18 -> معان | H98: 80 | I98: 2022 | J98: Oct
A99: وقوعات الطلاق المسجلة | B99: Registered Divorce | C99: M1 | D99: Number | E99: عدد | F99: ='Source Table'!$B$19 -> Aqaba | G99: ='Source Table'!$G$19 -> العقبة | H99: 132 | I99: 2022 | J99: Oct
A100: وقوعات الطلاق المسجلة | B100: Registered Divorce | C100: M1 | D100: Number | E100: عدد | F100: ='Source Table'!$B$8 -> Amman | G100: ='Source Table'!$G$8 -> العاصمة | H100: 1744 | I100: 2021 | J100: Jan
...

Sheet Template Data
A1: Date | B1: =DATE(B2,B3,1) -> 45292
A2: Year | B2: 2024
A3: Month | B3: 1
A4: Measure_Name_Ar | B4: Measure_Name_En | C4: Measure_ID | D4: Unit_EN | E4: Unit_AR | F4: CL_GOVERNORATE_EN_V1 | G4: CL_GOVERNORATE_AR_V1 | H4: Obs_Value | I4: Time_Period_Y | J4: Time_Period_M
A5: اسم المؤشر | B5: Measure Name | C5: رمز المؤشر | D5: Unit | E5: الوحدة | F5: Governorate | G5: المحافظة | H5: قيمة المؤشر | I5: سنة فترة القياس | J5: شهر فترة القياس

Sheet Help
A2: Step 1: Cover Page | C2: الخطوة 1: Cover Page
A4: Update the template information, to ensure that any meta-information about the template, such as the title, version, and description, is accurate and up-to-date. | C4: قم بتحديث معلومات القالب للتأكد من أن أي معلومات وصفية حول القالب، مثل العنوان والإصدار والوصف، دقيقة ومحدثة.
A6: Step 2: Source Table | C6: الخطوة 2: Source Table
A8: Design your template, ensuring that the time period is mapped correctly to the date information in rows 1-3 of the Template Data Sheet. | C8: قم بتصميم القالب الخاص بك، مع التأكد من أن فترة الوقت مرتبطة بشكل صحيح مع معلومات التاريخ في الصفوف 1-3 في ورقة Template Data.
A10: Step 3: Relational Sheet | C10: الخطوة 3: Relational Sheet
A12: Unpivot the data in the source table into a flat format. Follow these guidelines: | C12: قم بتحويل البيانات في جدول المصدر إلى تنسيق مسطح. اتبع هذه الإرشادات:
A13: 1. Blue Columns: Do not change the names of the blue columns. Update the data as per the current template. | C13: 1. الأعمدة الزرقاء: لا تقم بتغيير أسماء الأعمدة الزرقاء. قم بتحديث البيانات وفقًا للقالب الحالي.
A14: 2. Code Lists: Use the naming convention CL_XXX_EN_V# for code lists, where XXX is the name, and V# is the version, conforming with the definitions in the data dictionary. | C14: 2. قوائم الرموز: استخدم قاعدة التسمية CL_XXX_EN_V# لقوائم الرموز، حيث أن XXX هو الاسم و V# هو الإصدار، وفقًا للتعريفات في قاموس البيانات.
A15: 3. Code List Values: Ensure the code list values match the definitions in the data dictionary. | C15: 3. قيم قائمة الرموز: تأكد من أن قيم قائمة الرموز تتوافق مع التعريفات في قاموس البيانات.
A16: 4. Time_Period_M: Leave empty if the data frequency is yearly. | C16: 4. Time_Period_M: اتركها فارغة إذا كانت دورية البيانات سنوية.
A17: 5. Time_Period_M Format: Use one of these formats: | C17: 5. تنسيق Time_Period_M: استخدم أحد التنسيقات التالية:
A18: Numeric: (1, 2, 3, ..., 12) for months. | C18: رقمي: (1، 2، 3، ...، 12) للأشهر.
... A38: Protect the entire workbook to prevent unauthorized or accidental changes to the structure of the file. | C38: قم بحماية الكتاب بأكمله لمنع التغييرات غير المصرح بها أو غير المقصودة على هيكل الملف.
