Workbook

Sheet Cover Page
A1: Code | B1: SYB_11_1_2
A2: Version | B2: V1
A3: اسم القالب | B3: أطوال شبكات الطرق الخارجية حسب نوع الطريق والمحافظة
A4: Template Name | B4: Lengths of Road Networks by Type of Road and Governorate
A5: دورية البيانات | B5: سنوي
A6: Data Frequency | B6: Yearly
A7: الجهة المصدرية | B7: وزارة الأشغال العامة والإسكان
A8: Data Source | B8: Ministry of Public Works & Housing

Sheet Source Table
B2: ='Cover Page'!B4 -> Lengths of Road Networks by Type of Road and Governorate
B3: ='Cover Page'!B3 -> أطوال شبكات الطرق الخارجية حسب نوع الطريق والمحافظة
B4: Year | D4: =YEAR('Template Data'!B1) -> 2024 | F4: السنة
B5: Governorate | C5: طرق رئيسية | D5: طرق ثانوية | E5: طرق قروية | F5: المحافظة
C6: Highways | D6: Secondary Roads | E6: Rural Roads
B7: Amman | F7: العاصمة
B8: Balqa | F8: البلقاء
B9: Zarqa | F9: الزرقاء
B10: Madaba | F10: مأدبا
B11: Irbid | F11: إربد
B12: Mafraq | F12: المفرق
B13: Jarash | F13: جرش
B14: Ajloun | F14: عجلون
B15: Karak | F15: الكرك
B16: Tafiela | F16: الطفيله
B17: Ma'an | F17: معان
B18: Aqaba | F18: العقبة

Sheet Relational DB
A1: Relational Sheet
A2: Measure_Name_Ar | B2: Measure_Name_En | C2: Measure_ID | D2: Unit_EN | E2: Unit_AR | F2: CL_GOVERNORATE_EN_V1 | G2: CL_GOVERNORATE_AR_V1 | H2: CL_ROAD_NETWROKS_EN_V1 | I2: CL_ROAD_NETWROKS_AR_V1 | J2: Obs_Value | K2: Time_Period_Y | L2: Time_Period_M
A3: اسم المؤشر | B3: Measure Name | C3: رمز المؤشر | D3: Unit | E3: الوحدة | F3: Governorate | G3: المحافظة | H3: Road Networks | I3: شبكات الطرق | J3: قيمة المؤشر | K3: سنة فترة القياس | L3: شهر فترة القياس
A4: أطوال شبكات الطرق الخارجية | B4: Lengths of Road Networks | C4: M1 | D4: KM | E4: كم | F4: ='Source Table'!$B$7 -> Amman | G4: ='Source Table'!$F$7 -> العاصمة | H4: ='Source Table'!$E$6 -> Rural Roads | I4: ='Source Table'!$E$5 -> طرق قروية | J4: 529 | K4: 2023
A5: أطوال شبكات الطرق الخارجية | B5: Lengths of Road Networks | C5: M1 | D5: KM | E5: كم | F5: ='Source Table'!$B$8 -> Balqa | G5: ='Source Table'!$F$8 -> البلقاء | H5: ='Source Table'!$E$6 -> Rural Roads | I5: ='Source Table'!$E$5 -> طرق قروية | J5: 287 | K5: 2023
A6: أطوال شبكات الطرق الخارجية | B6: Lengths of Road Networks | C6: M1 | D6: KM | E6: كم | F6: ='Source Table'!$B$9 -> Zarqa | G6: ='Source Table'!$F$9 -> الزرقاء | H6: ='Source Table'!$E$6 -> Rural Roads | I6: ='Source Table'!$E$5 -> طرق قروية | J6: 154 | K6: 2023
A7: أطوال شبكات الطرق الخارجية | B7: Lengths of Road Networks | C7: M1 | D7: KM | E7: كم | F7: ='Source Table'!$B$10 -> Madaba | G7: ='Source Table'!$F$10 -> مأدبا | H7: ='Source Table'!$E$6 -> Rural Roads | I7: ='Source Table'!$E$5 -> طرق قروية | J7: 188 | K7: 2023
A8: أطوال شبكات الطرق الخارجية | B8: Lengths of Road Networks | C8: M1 | D8: KM | E8: كم | F8: ='Source Table'!$B$11 -> Irbid | G8: ='Source Table'!$F$11 -> إربد | H8: ='Source Table'!$E$6 -> Rural Roads | I8: ='Source Table'!$E$5 -> طرق قروية | J8: 360 | K8: 2023
A9: أطوال شبكات الطرق الخارجية | B9: Lengths of Road Networks | C9: M1 | D9: KM | E9: كم | F9: ='Source Table'!$B$12 -> Mafraq | G9: ='Source Table'!$F$12 -> المفرق | H9: ='Source Table'!$E$6 -> Rural Roads | I9: ='Source Table'!$E$5 -> طرق قروية | J9: 581 | K9: 2023
A10: أطوال شبكات الطرق الخارجية | B10: Lengths of Road Networks | C10: M1 | D10: KM | E10: كم | F10: ='Source Table'!$B$13 -> Jarash | G10: ='Source Table'!$F$13 -> جرش | H10: ='Source Table'!$E$6 -> Rural Roads | I10: ='Source Table'!$E$5 -> طرق قروية | J10: 235 | K10: 2023
A11: أطوال شبكات الطرق الخارجية | B11: Lengths of Road Networks | C11: M1 | D11: KM | E11: كم | F11: ='Source Table'!$B$14 -> Ajloun | G11: ='Source Table'!$F$14 -> عجلون | H11: ='Source Table'!$E$6 -> Rural Roads | I11: ='Source Table'!$E$5 -> طرق قروية | J11: 56 | K11: 2023
A12: أطوال شبكات الطرق الخارجية | B12: Lengths of Road Networks | C12: M1 | D12: KM | E12: كم | F12: ='Source Table'!$B$15 -> Karak | G12: ='Source Table'!$F$15 -> الكرك | H12: ='Source Table'!$E$6 -> Rural Roads | I12: ='Source Table'!$E$5 -> طرق قروية | J12: 207 | K12: 2023
A13: أطوال شبكات الطرق الخارجية | B13: Lengths of Road Networks | C13: M1 | D13: KM | E13: كم | F13: ='Source Table'!$B$16 -> Tafiela | G13: ='Source Table'!$F$16 -> الطفيله | H13: ='Source Table'!$E$6 -> Rural Roads | I13: ='Source Table'!$E$5 -> طرق قروية | J13: 171 | K13: 2023
A14: أطوال شبكات الطرق الخارجية | B14: Lengths of Road Networks | C14: M1 | D14: KM | E14: كم | F14: ='Source Table'!$B$17 -> Ma'an | G14: ='Source Table'!$F$17 -> معان | H14: ='Source Table'!$E$6 -> Rural Roads | I14: ='Source Table'!$E$5 -> طرق قروية | J14: 80 | K14: 2023
A15: أطوال شبكات الطرق الخارجية | B15: Lengths of Road Networks | C15: M1 | D15: KM | E15: كم | F15: ='Source Table'!$B$18 -> Aqaba | G15: ='Source Table'!$F$18 -> العقبة | H15: ='Source Table'!$E$6 -> Rural Roads | I15: ='Source Table'!$E$5 -> طرق قروية | J15: 51 | K15: 2023
A16: أطوال شبكات الطرق الخارجية | B16: Lengths of Road Networks | C16: M1 | D16: KM | E16: كم | F16: ='Source Table'!$B$7 -> Amman | G16: ='Source Table'!$F$7 -> العاصمة | H16: ='Source Table'!$D$6 -> Secondary Roads | I16: ='Source Table'!$D$5 -> طرق ثانوية | J16: 190 | K16: 2023
A17: أطوال شبكات الطرق الخارجية | B17: Lengths of Road Networks | C17: M1 | D17: KM | E17: كم | F17: ='Source Table'!$B$8 -> Balqa | G17: ='Source Table'!$F$8 -> البلقاء | H17: ='Source Table'!$D$6 -> Secondary Roads | I17: ='Source Table'!$D$5 -> طرق ثانوية | J17: 136 | K17: 2023
A18: أطوال شبكات الطرق الخارجية | B18: Lengths of Road Networks | C18: M1 | D18: KM | E18: كم | F18: ='Source Table'!$B$9 -> Zarqa | G18: ='Source Table'!$F$9 -> الزرقاء | H18: ='Source Table'!$D$6 -> Secondary Roads | I18: ='Source Table'!$D$5 -> طرق ثانوية | J18: 153 | K18: 2023
A19: أطوال شبكات الطرق الخارجية | B19: Lengths of Road Networks | C19: M1 | D19: KM | E19: كم | F19: ='Source Table'!$B$10 -> Madaba | G19: ='Source Table'!$F$10 -> مأدبا | H19: ='Source Table'!$D$6 -> Secondary Roads | I19: ='Source Table'!$D$5 -> طرق ثانوية | J19: 120 | K19: 2023
A20: أطوال شبكات الطرق الخارجية | B20: Lengths of Road Networks | C20: M1 | D20: KM | E20: كم | F20: ='Source Table'!$B$11 -> Irbid | G20: ='Source Table'!$F$11 -> إربد | H20: ='Source Table'!$D$6 -> Secondary Roads | I20: ='Source Table'!$D$5 -> طرق ثانوية | J20: 319 | K20: 2023
A21: أطوال شبكات الطرق الخارجية | B21: Lengths of Road Networks | C21: M1 | D21: KM | E21: كم | F21: ='Source Table'!$B$12 -> Mafraq | G21: ='Source Table'!$F$12 -> المفرق | H21: ='Source Table'!$D$6 -> Secondary Roads | I21: ='Source Table'!$D$5 -> طرق ثانوية | J21: 270 | K21: 2023
A22: أطوال شبكات الطرق الخارجية | B22: Lengths of Road Networks | C22: M1 | D22: KM | E22: كم | F22: ='Source Table'!$B$13 -> Jarash | G22: ='Source Table'!$F$13 -> جرش | H22: ='Source Table'!$D$6 -> Secondary Roads | I22: ='Source Table'!$D$5 -> طرق ثانوية | J22: 108 | K22: 2023
A23: أطوال شبكات الطرق الخارجية | B23: Lengths of Road Networks | C23: M1 | D23: KM | E23: كم | F23: ='Source Table'!$B$14 -> Ajloun | G23: ='Source Table'!$F$14 -> عجلون | H23: ='Source Table'!$D$6 -> Secondary Roads | I23: ='Source Table'!$D$5 -> طرق ثانوية | J23: 142 | K23: 2023
A24: أطوال شبكات الطرق الخارجية | B24: Lengths of Road Networks | C24: M1 | D24: KM | E24: كم | F24: ='Source Table'!$B$15 -> Karak | G24: ='Source Table'!$F$15 -> الكرك | H24: ='Source Table'!$D$6 -> Secondary Roads | I24: ='Source Table'!$D$5 -> طرق ثانوية | J24: 190 | K24: 2023
A25: أطوال شبكات الطرق الخارجية | B25: Lengths of Road Networks | C25: M1 | D25: KM | E25: كم | F25: ='Source Table'!$B$16 -> Tafiela | G25: ='Source Table'!$F$16 -> الطفيله | H25: ='Source Table'!$D$6 -> Secondary Roads | I25: ='Source Table'!$D$5 -> طرق ثانوية | J25: 165 | K25: 2023
A26: أطوال شبكات الطرق الخارجية | B26: Lengths of Road Networks | C26: M1 | D26: KM | E26: كم | F26: ='Source Table'!$B$17 -> Ma'an | G26: ='Source Table'!$F$17 -> معان | H26: ='Source Table'!$D$6 -> Secondary Roads | I26: ='Source Table'!$D$5 -> طرق ثانوية | J26: 339 | K26: 2023
A27: أطوال شبكات الطرق الخارجية | B27: Lengths of Road Networks | C27: M1 | D27: KM | E27: كم | F27: ='Source Table'!$B$18 -> Aqaba | G27: ='Source Table'!$F$18 -> العقبة | H27: ='Source Table'!$D$6 -> Secondary Roads | I27: ='Source Table'!$D$5 -> طرق ثانوية | J27: 172 | K27: 2023
A28: أطوال شبكات الطرق الخارجية | B28: Lengths of Road Networks | C28: M1 | D28: KM | E28: كم | F28: ='Source Table'!$B$7 -> Amman | G28: ='Source Table'!$F$7 -> العاصمة | H28: ='Source Table'!$C$6 -> Highways | I28: ='Source Table'!$C$5 -> طرق رئيسية | J28: 306 | K28: 2023
A29: أطوال شبكات الطرق الخارجية | B29: Lengths of Road Networks | C29: M1 | D29: KM | E29: كم | F29: ='Source Table'!$B$8 -> Balqa | G29: ='Source Table'!$F$8 -> البلقاء | H29: ='Source Table'!$C$6 -> Highways | I29: ='Source Table'!$C$5 -> طرق رئيسية | J29: 227 | K29: 2023
A30: أطوال شبكات الطرق الخارجية | B30: Lengths of Road Networks | C30: M1 | D30: KM | E30: كم | F30: ='Source Table'!$B$9 -> Zarqa | G30: ='Source Table'!$F$9 -> الزرقاء | H30: ='Source Table'!$C$6 -> Highways | I30: ='Source Table'!$C$5 -> طرق رئيسية | J30: 350 | K30: 2023
A31: أطوال شبكات الطرق الخارجية | B31: Lengths of Road Networks | C31: M1 | D31: KM | E31: كم | F31: ='Source Table'!$B$10 -> Madaba | G31: ='Source Table'!$F$10 -> مأدبا | H31: ='Source Table'!$C$6 -> Highways | I31: ='Source Table'!$C$5 -> طرق رئيسية | J31: 131 | K31: 2023
A32: أطوال شبكات الطرق الخارجية | B32: Lengths of Road Networks | C32: M1 | D32: KM | E32: كم | F32: ='Source Table'!$B$11 -> Irbid | G32: ='Source Table'!$F$11 -> إربد | H32: ='Source Table'!$C$6 -> Highways | I32: ='Source Table'!$C$5 -> طرق رئيسية | J32: 238 | K32: 2023
A33: أطوال شبكات الطرق الخارجية | B33: Lengths of Road Networks | C33: M1 | D33: KM | E33: كم | F33: ='Source Table'!$B$12 -> Mafraq | G33: ='Source Table'!$F$12 -> المفرق | H33: ='Source Table'!$C$6 -> Highways | I33: ='Source Table'!$C$5 -> طرق رئيسية | J33: 520 | K33: 2023
A34: أطوال شبكات الطرق الخارجية | B34: Lengths of Road Networks | C34: M1 | D34: KM | E34: كم | F34: ='Source Table'!$B$13 -> Jarash | G34: ='Source Table'!$F$13 -> جرش | H34: ='Source Table'!$C$6 -> Highways | I34: ='Source Table'!$C$5 -> طرق رئيسية | J34: 97 | K34: 2023
A35: أطوال شبكات الطرق الخارجية | B35: Lengths of Road Networks | C35: M1 | D35: KM | E35: كم | F35: ='Source Table'!$B$14 -> Ajloun | G35: ='Source Table'!$F$14 -> عجلون | H35: ='Source Table'!$C$6 -> Highways | I35: ='Source Table'!$C$5 -> طرق رئيسية | J35: 50 | K35: 2023
A36: أطوال شبكات الطرق الخارجية | B36: Lengths of Road Networks | C36: M1 | D36: KM | E36: كم | F36: ='Source Table'!$B$15 -> Karak | G36: ='Source Table'!$F$15 -> الكرك | H36: ='Source Table'!$C$6 -> Highways | I36: ='Source Table'!$C$5 -> طرق رئيسية | J36: 295 | K36: 2023
A37: أطوال شبكات الطرق الخارجية | B37: Lengths of Road Networks | C37: M1 | D37: KM | E37: كم | F37: ='Source Table'!$B$16 -> Tafiela | G37: ='Source Table'!$F$16 -> الطفيله | H37: ='Source Table'!$C$6 -> Highways | I37: ='Source Table'!$C$5 -> طرق رئيسية | J37: 271 | K37: 2023
A38: أطوال شبكات الطرق الخارجية | B38: Lengths of Road Networks | C38: M1 | D38: KM | E38: كم | F38: ='Source Table'!$B$17 -> Ma'an | G38: ='Source Table'!$F$17 -> معان | H38: ='Source Table'!$C$6 -> Highways | I38: ='Source Table'!$C$5 -> طرق رئيسية | J38: 622 | K38: 2023
A39: أطوال شبكات الطرق الخارجية | B39: Lengths of Road Networks | C39: M1 | D39: KM | E39: كم | F39: ='Source Table'!$B$18 -> Aqaba | G39: ='Source Table'!$F$18 -> العقبة | H39: ='Source Table'!$C$6 -> Highways | I39: ='Source Table'!$C$5 -> طرق رئيسية | J39: 321 | K39: 2023
A40: أطوال شبكات الطرق الخارجية | B40: Lengths of Road Networks | C40: M1 | D40: KM | E40: كم | F40: ='Source Table'!$B$7 -> Amman | G40: ='Source Table'!$F$7 -> العاصمة | H40: ='Source Table'!$E$6 -> Rural Roads | I40: ='Source Table'!$E$5 -> طرق قروية | J40: 529 | K40: 2022
A41: أطوال شبكات الطرق الخارجية | B41: Lengths of Road Networks | C41: M1 | D41: KM | E41: كم | F41: ='Source Table'!$B$8 -> Balqa | G41: ='Source Table'!$F$8 -> البلقاء | H41: ='Source Table'!$E$6 -> Rural Roads | I41: ='Source Table'!$E$5 -> طرق قروية | J41: 287 | K41: 2022
A42: أطوال شبكات الطرق الخارجية | B42: Lengths of Road Networks | C42: M1 | D42: KM | E42: كم | F42: ='Source Table'!$B$9 -> Zarqa | G42: ='Source Table'!$F$9 -> الزرقاء | H42: ='Source Table'!$E$6 -> Rural Roads | I42: ='Source Table'!$E$5 -> طرق قروية | J42: 154 | K42: 2022
A43: أطوال شبكات الطرق الخارجية | B43: Lengths of Road Networks | C43: M1 | D43: KM | E43: كم | F43: ='Source Table'!$B$10 -> Madaba | G43: ='Source Table'!$F$10 -> مأدبا | H43: ='Source Table'!$E$6 -> Rural Roads | I43: ='Source Table'!$E$5 -> طرق قروية | J43: 188 | K43: 2022
A44: أطوال شبكات الطرق الخارجية | B44: Lengths of Road Networks | C44: M1 | D44: KM | E44: كم | F44: ='Source Table'!$B$11 -> Irbid | G44: ='Source Table'!$F$11 -> إربد | H44: ='Source Table'!$E$6 -> Rural Roads | I44: ='Source Table'!$E$5 -> طرق قروية | J44: 360 | K44: 2022
A45: أطوال شبكات الطرق الخارجية | B45: Lengths of Road Networks | C45: M1 | D45: KM | E45: كم | F45: ='Source Table'!$B$12 -> Mafraq | G45: ='Source Table'!$F$12 -> المفرق | H45: ='Source Table'!$E$6 -> Rural Roads | I45: ='Source Table'!$E$5 -> طرق قروية | J45: 581 | K45: 2022
A46: أطوال شبكات الطرق الخارجية | B46: Lengths of Road Networks | C46: M1 | D46: KM | E46: كم | F46: ='Source Table'!$B$13 -> Jarash | G46: ='Source Table'!$F$13 -> جرش | H46: ='Source Table'!$E$6 -> Rural Roads | I46: ='Source Table'!$E$5 -> طرق قروية | J46: 235 | K46: 2022
A47: أطوال شبكات الطرق الخارجية | B47: Lengths of Road Networks | C47: M1 | D47: KM | E47: كم | F47: ='Source Table'!$B$14 -> Ajloun | G47: ='Source Table'!$F$14 -> عجلون | H47: ='Source Table'!$E$6 -> Rural Roads | I47: ='Source Table'!$E$5 -> طرق قروية | J47: 56 | K47: 2022
A48: أطوال شبكات الطرق الخارجية | B48: Lengths of Road Networks | C48: M1 | D48: KM | E48: كم | F48: ='Source Table'!$B$15 -> Karak | G48: ='Source Table'!$F$15 -> الكرك | H48: ='Source Table'!$E$6 -> Rural Roads | I48: ='Source Table'!$E$5 -> طرق قروية | J48: 207 | K48: 2022
A49: أطوال شبكات الطرق الخارجية | B49: Lengths of Road Networks | C49: M1 | D49: KM | E49: كم | F49: ='Source Table'!$B$16 -> Tafiela | G49: ='Source Table'!$F$16 -> الطفيله | H49: ='Source Table'!$E$6 -> Rural Roads | I49: ='Source Table'!$E$5 -> طرق قروية | J49: 171 | K49: 2022
A50: أطوال شبكات الطرق الخارجية | B50: Lengths of Road Networks | C50: M1 | D50: KM | E50: كم | F50: ='Source Table'!$B$17 -> Ma'an | G50: ='Source Table'!$F$17 -> معان | H50: ='Source Table'!$E$6 -> Rural Roads | I50: ='Source Table'!$E$5 -> طرق قروية | J50: 87 | K50: 2022
A51: أطوال شبكات الطرق الخارجية | B51: Lengths of Road Networks | C51: M1 | D51: KM | E51: كم | F51: ='Source Table'!$B$18 -> Aqaba | G51: ='Source Table'!$F$18 -> العقبة | H51: ='Source Table'!$E$6 -> Rural Roads | I51: ='Source Table'!$E$5 -> طرق قروية | J51: 51 | K51: 2022
A52: أطوال شبكات الطرق الخارجية | B52: Lengths of Road Networks | C52: M1 | D52: KM | E52: كم | F52: ='Source Table'!$B$7 -> Amman | G52: ='Source Table'!$F$7 -> العاصمة | H52: ='Source Table'!$D$6 -> Secondary Roads | I52: ='Source Table'!$D$5 -> طرق ثانوية | J52: 190 | K52: 2022
A53: أطوال شبكات الطرق الخارجية | B53: Lengths of Road Networks | C53: M1 | D53: KM | E53: كم | F53: ='Source Table'!$B$8 -> Balqa | G53: ='Source Table'!$F$8 -> البلقاء | H53: ='Source Table'!$D$6 -> Secondary Roads | I53: ='Source Table'!$D$5 -> طرق ثانوية | J53: 136 | K53: 2022
A54: أطوال شبكات الطرق الخارجية | B54: Lengths of Road Networks | C54: M1 | D54: KM | E54: كم | F54: ='Source Table'!$B$9 -> Zarqa | G54: ='Source Table'!$F$9 -> الزرقاء | H54: ='Source Table'!$D$6 -> Secondary Roads | I54: ='Source Table'!$D$5 -> طرق ثانوية | J54: 153 | K54: 2022
A55: أطوال شبكات الطرق الخارجية | B55: Lengths of Road Networks | C55: M1 | D55: KM | E55: كم | F55: ='Source Table'!$B$10 -> Madaba | G55: ='Source Table'!$F$10 -> مأدبا | H55: ='Source Table'!$D$6 -> Secondary Roads | I55: ='Source Table'!$D$5 -> طرق ثانوية | J55: 120 | K55: 2022
A56: أطوال شبكات الطرق الخارجية | B56: Lengths of Road Networks | C56: M1 | D56: KM | E56: كم | F56: ='Source Table'!$B$11 -> Irbid | G56: ='Source Table'!$F$11 -> إربد | H56: ='Source Table'!$D$6 -> Secondary Roads | I56: ='Source Table'!$D$5 -> طرق ثانوية | J56: 319 | K56: 2022
A57: أطوال شبكات الطرق الخارجية | B57: Lengths of Road Networks | C57: M1 | D57: KM | E57: كم | F57: ='Source Table'!$B$12 -> Mafraq | G57: ='Source Table'!$F$12 -> المفرق | H57: ='Source Table'!$D$6 -> Secondary Roads | I57: ='Source Table'!$D$5 -> طرق ثانوية | J57: 270 | K57: 2022
A58: أطوال شبكات الطرق الخارجية | B58: Lengths of Road Networks | C58: M1 | D58: KM | E58: كم | F58: ='Source Table'!$B$13 -> Jarash | G58: ='Source Table'!$F$13 -> جرش | H58: ='Source Table'!$D$6 -> Secondary Roads | I58: ='Source Table'!$D$5 -> طرق ثانوية | J58: 108 | K58: 2022
A59: أطوال شبكات الطرق الخارجية | B59: Lengths of Road Networks | C59: M1 | D59: KM | E59: كم | F59: ='Source Table'!$B$14 -> Ajloun | G59: ='Source Table'!$F$14 -> عجلون | H59: ='Source Table'!$D$6 -> Secondary Roads | I59: ='Source Table'!$D$5 -> طرق ثانوية | J59: 142 | K59: 2022
A60: أطوال شبكات الطرق الخارجية | B60: Lengths of Road Networks | C60: M1 | D60: KM | E60: كم | F60: ='Source Table'!$B$15 -> Karak | G60: ='Source Table'!$F$15 -> الكرك | H60: ='Source Table'!$D$6 -> Secondary Roads | I60: ='Source Table'!$D$5 -> طرق ثانوية | J60: 190 | K60: 2022
A61: أطوال شبكات الطرق الخارجية | B61: Lengths of Road Networks | C61: M1 | D61: KM | E61: كم | F61: ='Source Table'!$B$16 -> Tafiela | G61: ='Source Table'!$F$16 -> الطفيله | H61: ='Source Table'!$D$6 -> Secondary Roads | I61: ='Source Table'!$D$5 -> طرق ثانوية | J61: 165 | K61: 2022
A62: أطوال شبكات الطرق الخارجية | B62: Lengths of Road Networks | C62: M1 | D62: KM | E62: كم | F62: ='Source Table'!$B$17 -> Ma'an | G62: ='Source Table'!$F$17 -> معان | H62: ='Source Table'!$D$6 -> Secondary Roads | I62: ='Source Table'!$D$5 -> طرق ثانوية | J62: 266 | K62: 2022
A63: أطوال شبكات الطرق الخارجية | B63: Lengths of Road Networks | C63: M1 | D63: KM | E63: كم | F63: ='Source Table'!$B$18 -> Aqaba | G63: ='Source Table'!$F$18 -> العقبة | H63: ='Source Table'!$D$6 -> Secondary Roads | I63: ='Source Table'!$D$5 -> طرق ثانوية | J63: 172 | K63: 2022
A64: أطوال شبكات الطرق الخارجية | B64: Lengths of Road Networks | C64: M1 | D64: KM | E64: كم | F64: ='Source Table'!$B$7 -> Amman | G64: ='Source Table'!$F$7 -> العاصمة | H64: ='Source Table'!$C$6 -> Highways | I64: ='Source Table'!$C$5 -> طرق رئيسية | J64: 306 | K64: 2022
A65: أطوال شبكات الطرق الخارجية | B65: Lengths of Road Networks | C65: M1 | D65: KM | E65: كم | F65: ='Source Table'!$B$8 -> Balqa | G65: ='Source Table'!$F$8 -> البلقاء | H65: ='Source Table'!$C$6 -> Highways | I65: ='Source Table'!$C$5 -> طرق رئيسية | J65: 227 | K65: 2022
A66: أطوال شبكات الطرق الخارجية | B66: Lengths of Road Networks | C66: M1 | D66: KM | E66: كم | F66: ='Source Table'!$B$9 -> Zarqa | G66: ='Source Table'!$F$9 -> الزرقاء | H66: ='Source Table'!$C$6 -> Highways | I66: ='Source Table'!$C$5 -> طرق رئيسية | J66: 350 | K66: 2022
A67: أطوال شبكات الطرق الخارجية | B67: Lengths of Road Networks | C67: M1 | D67: KM | E67: كم | F67: ='Source Table'!$B$10 -> Madaba | G67: ='Source Table'!$F$10 -> مأدبا | H67: ='Source Table'!$C$6 -> Highways | I67: ='Source Table'!$C$5 -> طرق رئيسية | J67: 131 | K67: 2022
A68: أطوال شبكات الطرق الخارجية | B68: Lengths of Road Networks | C68: M1 | D68: KM | E68: كم | F68: ='Source Table'!$B$11 -> Irbid | G68: ='Source Table'!$F$11 -> إربد | H68: ='Source Table'!$C$6 -> Highways | I68: ='Source Table'!$C$5 -> طرق رئيسية | J68: 237 | K68: 2022
A69: أطوال شبكات الطرق الخارجية | B69: Lengths of Road Networks | C69: M1 | D69: KM | E69: كم | F69: ='Source Table'!$B$12 -> Mafraq | G69: ='Source Table'!$F$12 -> المفرق | H69: ='Source Table'!$C$6 -> Highways | I69: ='Source Table'!$C$5 -> طرق رئيسية | J69: 520 | K69: 2022
A70: أطوال شبكات الطرق الخارجية | B70: Lengths of Road Networks | C70: M1 | D70: KM | E70: كم | F70: ='Source Table'!$B$13 -> Jarash | G70: ='Source Table'!$F$13 -> جرش | H70: ='Source Table'!$C$6 -> Highways | I70: ='Source Table'!$C$5 -> طرق رئيسية | J70: 97 | K70: 2022
A71: أطوال شبكات الطرق الخارجية | B71: Lengths of Road Networks | C71: M1 | D71: KM | E71: كم | F71: ='Source Table'!$B$14 -> Ajloun | G71: ='Source Table'!$F$14 -> عجلون | H71: ='Source Table'!$C$6 -> Highways | I71: ='Source Table'!$C$5 -> طرق رئيسية | J71: 50 | K71: 2022
A72: أطوال شبكات الطرق الخارجية | B72: Lengths of Road Networks | C72: M1 | D72: KM | E72: كم | F72: ='Source Table'!$B$15 -> Karak | G72: ='Source Table'!$F$15 -> الكرك | H72: ='Source Table'!$C$6 -> Highways | I72: ='Source Table'!$C$5 -> طرق رئيسية | J72: 295 | K72: 2022
A73: أطوال شبكات الطرق الخارجية | B73: Lengths of Road Networks | C73: M1 | D73: KM | E73: كم | F73: ='Source Table'!$B$16 -> Tafiela | G73: ='Source Table'!$F$16 -> الطفيله | H73: ='Source Table'!$C$6 -> Highways | I73: ='Source Table'!$C$5 -> طرق رئيسية | J73: 271 | K73: 2022
A74: أطوال شبكات الطرق الخارجية | B74: Lengths of Road Networks | C74: M1 | D74: KM | E74: كم | F74: ='Source Table'!$B$17 -> Ma'an | G74: ='Source Table'!$F$17 -> معان | H74: ='Source Table'!$C$6 -> Highways | I74: ='Source Table'!$C$5 -> طرق رئيسية | J74: 571 | K74: 2022
A75: أطوال شبكات الطرق الخارجية | B75: Lengths of Road Networks | C75: M1 | D75: KM | E75: كم | F75: ='Source Table'!$B$18 -> Aqaba | G75: ='Source Table'!$F$18 -> العقبة | H75: ='Source Table'!$C$6 -> Highways | I75: ='Source Table'!$C$5 -> طرق رئيسية | J75: 321 | K75: 2022
A76: أطوال شبكات الطرق الخارجية | B76: Lengths of Road Networks | C76: M1 | D76: KM | E76: كم | F76: ='Source Table'!$B$7 -> Amman | G76: ='Source Table'!$F$7 -> العاصمة | H76: ='Source Table'!$E$6 -> Rural Roads | I76: ='Source Table'!$E$5 -> طرق قروية | J76: 529 | K76: 2021
A77: أطوال شبكات الطرق الخارجية | B77: Lengths of Road Networks | C77: M1 | D77: KM | E77: كم | F77: ='Source Table'!$B$8 -> Balqa | G77: ='Source Table'!$F$8 -> البلقاء | H77: ='Source Table'!$E$6 -> Rural Roads | I77: ='Source Table'!$E$5 -> طرق قروية | J77: 287 | K77: 2021
A78: أطوال شبكات الطرق الخارجية | B78: Lengths of Road Networks | C78: M1 | D78: KM | E78: كم | F78: ='Source Table'!$B$9 -> Zarqa | G78: ='Source Table'!$F$9 -> الزرقاء | H78: ='Source Table'!$E$6 -> Rural Roads | I78: ='Source Table'!$E$5 -> طرق قروية | J78: 154 | K78: 2021
A79: أطوال شبكات الطرق الخارجية | B79: Lengths of Road Networks | C79: M1 | D79: KM | E79: كم | F79: ='Source Table'!$B$10 -> Madaba | G79: ='Source Table'!$F$10 -> مأدبا | H79: ='Source Table'!$E$6 -> Rural Roads | I79: ='Source Table'!$E$5 -> طرق قروية | J79: 188 | K79: 2021
A80: أطوال شبكات الطرق الخارجية | B80: Lengths of Road Networks | C80: M1 | D80: KM | E80: كم | F80: ='Source Table'!$B$11 -> Irbid | G80: ='Source Table'!$F$11 -> إربد | H80: ='Source Table'!$E$6 -> Rural Roads | I80: ='Source Table'!$E$5 -> طرق قروية | J80: 366 | K80: 2021
A81: أطوال شبكات الطرق الخارجية | B81: Lengths of Road Networks | C81: M1 | D81: KM | E81: كم | F81: ='Source Table'!$B$12 -> Mafraq | G81: ='Source Table'!$F$12 -> المفرق | H81: ='Source Table'!$E$6 -> Rural Roads | I81: ='Source Table'!$E$5 -> طرق قروية | J81: 580 | K81: 2021
A82: أطوال شبكات الطرق الخارجية | B82: Lengths of Road Networks | C82: M1 | D82: KM | E82: كم | F82: ='Source Table'!$B$13 -> Jarash | G82: ='Source Table'!$F$13 -> جرش | H82: ='Source Table'!$E$6 -> Rural Roads | I82: ='Source Table'!$E$5 -> طرق قروية | J82: 235 | K82: 2021
A83: أطوال شبكات الطرق الخارجية | B83: Lengths of Road Networks | C83: M1 | D83: KM | E83: كم | F83: ='Source Table'!$B$14 -> Ajloun | G83: ='Source Table'!$F$14 -> عجلون | H83: ='Source Table'!$E$6 -> Rural Roads | I83: ='Source Table'!$E$5 -> طرق قروية | J83: 56 | K83: 2021
A84: أطوال شبكات الطرق الخارجية | B84: Lengths of Road Networks | C84: M1 | D84: KM | E84: كم | F84: ='Source Table'!$B$15 -> Karak | G84: ='Source Table'!$F$15 -> الكرك | H84: ='Source Table'!$E$6 -> Rural Roads | I84: ='Source Table'!$E$5 -> طرق قروية | J84: 207 | K84: 2021
A85: أطوال شبكات الطرق الخارجية | B85: Lengths of Road Networks | C85: M1 | D85: KM | E85: كم | F85: ='Source Table'!$B$16 -> Tafiela | G85: ='Source Table'!$F$16 -> الطفيله | H85: ='Source Table'!$E$6 -> Rural Roads | I85: ='Source Table'!$E$5 -> طرق قروية | J85: 165 | K85: 2021
A86: أطوال شبكات الطرق الخارجية | B86: Lengths of Road Networks | C86: M1 | D86: KM | E86: كم | F86: ='Source Table'!$B$17 -> Ma'an | G86: ='Source Table'!$F$17 -> معان | H86: ='Source Table'!$E$6 -> Rural Roads | I86: ='Source Table'!$E$5 -> طرق قروية | J86: 90 | K86: 2021
A87: أطوال شبكات الطرق الخارجية | B87: Lengths of Road Networks | C87: M1 | D87: KM | E87: كم | F87: ='Source Table'!$B$18 -> Aqaba | G87: ='Source Table'!$F$18 -> العقبة | H87: ='Source Table'!$E$6 -> Rural Roads | I87: ='Source Table'!$E$5 -> طرق قروية | J87: 51 | K87: 2021
A88: أطوال شبكات الطرق الخارجية | B88: Lengths of Road Networks | C88: M1 | D88: KM | E88: كم | F88: ='Source Table'!$B$7 -> Amman | G88: ='Source Table'!$F$7 -> العاصمة | H88: ='Source Table'!$D$6 -> Secondary Roads | I88: ='Source Table'!$D$5 -> طرق ثانوية | J88: 190 | K88: 2021
A89: أطوال شبكات الطرق الخارجية | B89: Lengths of Road Networks | C89: M1 | D89: KM | E89: كم | F89: ='Source Table'!$B$8 -> Balqa | G89: ='Source Table'!$F$8 -> البلقاء | H89: ='Source Table'!$D$6 -> Secondary Roads | I89: ='Source Table'!$D$5 -> طرق ثانوية | J89: 136 | K89: 2021
A90: أطوال شبكات الطرق الخارجية | B90: Lengths of Road Networks | C90: M1 | D90: KM | E90: كم | F90: ='Source Table'!$B$9 -> Zarqa | G90: ='Source Table'!$F$9 -> الزرقاء | H90: ='Source Table'!$D$6 -> Secondary Roads | I90: ='Source Table'!$D$5 -> طرق ثانوية | J90: 153 | K90: 2021
A91: أطوال شبكات الطرق الخارجية | B91: Lengths of Road Networks | C91: M1 | D91: KM | E91: كم | F91: ='Source Table'!$B$10 -> Madaba | G91: ='Source Table'!$F$10 -> مأدبا | H91: ='Source Table'!$D$6 -> Secondary Roads | I91: ='Source Table'!$D$5 -> طرق ثانوية | J91: 120 | K91: 2021
A92: أطوال شبكات الطرق الخارجية | B92: Lengths of Road Networks | C92: M1 | D92: KM | E92: كم | F92: ='Source Table'!$B$11 -> Irbid | G92: ='Source Table'!$F$11 -> إربد | H92: ='Source Table'!$D$6 -> Secondary Roads | I92: ='Source Table'!$D$5 -> طرق ثانوية | J92: 390 | K92: 2021
A93: أطوال شبكات الطرق الخارجية | B93: Lengths of Road Networks | C93: M1 | D93: KM | E93: كم | F93: ='Source Table'!$B$12 -> Mafraq | G93: ='Source Table'!$F$12 -> المفرق | H93: ='Source Table'!$D$6 -> Secondary Roads | I93: ='Source Table'!$D$5 -> طرق ثانوية | J93: 270 | K93: 2021
A94: أطوال شبكات الطرق الخارجية | B94: Lengths of Road Networks | C94: M1 | D94: KM | E94: كم | F94: ='Source Table'!$B$13 -> Jarash | G94: ='Source Table'!$F$13 -> جرش | H94: ='Source Table'!$D$6 -> Secondary Roads | I94: ='Source Table'!$D$5 -> طرق ثانوية | J94: 108 | K94: 2021
A95: أطوال شبكات الطرق الخارجية | B95: Lengths of Road Networks | C95: M1 | D95: KM | E95: كم | F95: ='Source Table'!$B$14 -> Ajloun | G95: ='Source Table'!$F$14 -> عجلون | H95: ='Source Table'!$D$6 -> Secondary Roads | I95: ='Source Table'!$D$5 -> طرق ثانوية | J95: 142 | K95: 2021
A96: أطوال شبكات الطرق الخارجية | B96: Lengths of Road Networks | C96: M1 | D96: KM | E96: كم | F96: ='Source Table'!$B$15 -> Karak | G96: ='Source Table'!$F$15 -> الكرك | H96: ='Source Table'!$D$6 -> Secondary Roads | I96: ='Source Table'!$D$5 -> طرق ثانوية | J96: 175 | K96: 2021
A97: أطوال شبكات الطرق الخارجية | B97: Lengths of Road Networks | C97: M1 | D97: KM | E97: كم | F97: ='Source Table'!$B$16 -> Tafiela | G97: ='Source Table'!$F$16 -> الطفيله | H97: ='Source Table'!$D$6 -> Secondary Roads | I97: ='Source Table'!$D$5 -> طرق ثانوية | J97: 166 | K97: 2021
A98: أطوال شبكات الطرق الخارجية | B98: Lengths of Road Networks | C98: M1 | D98: KM | E98: كم | F98: ='Source Table'!$B$17 -> Ma'an | G98: ='Source Table'!$F$17 -> معان | H98: ='Source Table'!$D$6 -> Secondary Roads | I98: ='Source Table'!$D$5 -> طرق ثانوية | J98: 339 | K98: 2021
A99: أطوال شبكات الطرق الخارجية | B99: Lengths of Road Networks | C99: M1 | D99: KM | E99: كم | F99: ='Source Table'!$B$18 -> Aqaba | G99: ='Source Table'!$F$18 -> العقبة | H99: ='Source Table'!$D$6 -> Secondary Roads | I99: ='Source Table'!$D$5 -> طرق ثانوية | J99: 172 | K99: 2021
A100: أطوال شبكات الطرق الخارجية | B100: Lengths of Road Networks | C100: M1 | D100: KM | E100: كم | F100: ='Source Table'!$B$7 -> Amman | G100: ='Source Table'!$F$7 -> العاصمة | H100: ='Source Table'!$C$6 -> Highways | I100: ='Source Table'!$C$5 -> طرق رئيسية | J100: 306 | K100: 2021
...

Sheet Template Data
A1: Date | B1: =DATE(B2,B3,1) -> 45292
A2: Year | B2: 2024
A3: Month | B3: 1
A4: Measure_Name_Ar | B4: Measure_Name_En | C4: Measure_ID | D4: Unit_EN | E4: Unit_AR | F4: CL_GOVERNORATE_EN_V1 | G4: CL_GOVERNORATE_AR_V1 | H4: CL_ROAD_NETWROKS_EN_V1 | I4: CL_ROAD_NETWROKS_AR_V1 | J4: Obs_Value | K4: Time_Period_Y | L4: Time_Period_M
A5: اسم المؤشر | B5: Measure Name | C5: رمز المؤشر | D5: Unit | E5: الوحدة | F5: Governorate | G5: المحافظة | H5: Road Networks | I5: شبكات الطرق | J5: قيمة المؤشر | K5: سنة فترة القياس | L5: شهر فترة القياس

Sheet Help
A2: Step 1: Cover Page | C2: الخطوة 1: Cover Page
A4: Update the template information, to ensure that any meta-information about the template, such as the title, version, and description, is accurate and up-to-date. | C4: قم بتحديث معلومات القالب للتأكد من أن أي معلومات وصفية حول القالب، مثل العنوان والإصدار والوصف، دقيقة ومحدثة.
A6: Step 2: Source Table | C6: الخطوة 2: Source Table
A8: Design your template, ensuring that the time period is mapped correctly to the date information in rows 1-3 of the Template Data Sheet. | C8: قم بتصميم القالب الخاص بك، مع التأكد من أن فترة الوقت مرتبطة بشكل صحيح مع معلومات التاريخ في الصفوف 1-3 في ورقة Template Data.
A10: Step 3: Relational Sheet | C10: الخطوة 3: Relational Sheet
A12: Unpivot the data in the source table into a flat format. Follow these guidelines: | C12: قم بتحويل البيانات في جدول المصدر إلى تنسيق مسطح. اتبع هذه الإرشادات:
A13: 1. Blue Columns: Do not change the names of the blue columns. Update the data as per the current template. | C13: 1. الأعمدة الزرقاء: لا تقم بتغيير أسماء الأعمدة الزرقاء. قم بتحديث البيانات وفقًا للقالب الحالي.
A14: 2. Code Lists: Use the naming convention CL_XXX_EN_V# for code lists, where XXX is the name, and V# is the version, conforming with the definitions in the data dictionary. | C14: 2. قوائم الرموز: استخدم قاعدة التسمية CL_XXX_EN_V# لقوائم الرموز، حيث أن XXX هو الاسم و V# هو الإصدار، وفقًا للتعريفات في قاموس البيانات.
A15: 3. Code List Values: Ensure the code list values match the definitions in the data dictionary. | C15: 3. قيم قائمة الرموز: تأكد من أن قيم قائمة الرموز تتوافق مع التعريفات في قاموس البيانات.
A16: 4. Time_Period_M: Leave empty if the data frequency is yearly. | C16: 4. Time_Period_M: اتركها فارغة إذا كانت دورية البيانات سنوية.
A17: 5. Time_Period_M Format: Use one of these formats: | C17: 5. تنسيق Time_Period_M: استخدم أحد التنسيقات التالية:
A18: Numeric: (1, 2, 3, ..., 12) for months. | C18: رقمي: (1، 2، 3، ...، 12) للأشهر.
... A38: Protect the entire workbook to prevent unauthorized or accidental changes to the structure of the file. | C38: قم بحماية الكتاب بأكمله لمنع التغييرات غير المصرح بها أو غير المقصودة على هيكل الملف.
