Workbook
Name _Toc175805304: 'Source Table'!#REF!
Name _Toc175805305: 'Source Table'!#REF!
Name _Toc175805306: 'Source Table'!#REF!
Name _Toc175805309: 'Source Table'!$D$1
Name _Toc175805312: 'Source Table'!#REF!
Name _Toc175805313: 'Source Table'!#REF!
Name _Toc175805314: 'Source Table'!#REF!
Name _Toc175805315: 'Source Table'!#REF!
Name _Toc175805316: 'Source Table'!#REF!
Name _Toc175805317: 'Source Table'!#REF!
Name _Toc175805318: 'Source Table'!#REF!
Name _Toc175805319: 'Source Table'!#REF!
Name _Toc175805320: 'Source Table'!#REF!
Name _Toc175805321: 'Source Table'!#REF!
Name _Toc175805322: 'Source Table'!#REF!
Name _Toc175805323: 'Source Table'!#REF!
Name _Toc175805942: 'Source Table'!$C$10
Name _Toc175805952: 'Source Table'!$D$10
Name _Toc175805962: 'Source Table'!$D$11
Name _Toc175805972: 'Source Table'!$D$12
Name _Toc175805982: 'Source Table'!$D$13
Name _Toc175805992: 'Source Table'!$D$14
Name _Toc175806002: 'Source Table'!$D$15
Name _Toc175806012: 'Source Table'!$D$16
Name _Toc175806022: 'Source Table'!$D$17
Name _Toc175806032: 'Source Table'!$D$18
Name _Toc175806042: 'Source Table'!$C$19
Name _Toc175806052: 'Source Table'!$D$19
Name _Toc175806062: 'Source Table'!$D$20
Name _Toc175806072: 'Source Table'!$D$21
Name _Toc175806082: 'Source Table'!$D$22
Name _Toc175806092: 'Source Table'!$C$23
Name _Toc175806102: 'Source Table'!#REF!
Name _Toc175806112: 'Source Table'!#REF!
Name _Toc175806122: 'Source Table'!#REF!
Name _Toc175806132: 'Source Table'!#REF!
Name _Toc175806142: 'Source Table'!$D$26
Name _Toc175806152: 'Source Table'!$D$27
Name _Toc175806162: 'Source Table'!#REF!
Name _Toc175806172: 'Source Table'!$D$28
Name _Toc175806182: 'Source Table'!$D$29
Name _Toc175806207: 'Source Table'!$I$30
Name _Toc175806216: 'Source Table'!$D$30
Name _Toc175806217: 'Source Table'!$I$31
Name _Toc175806226: 'Source Table'!$D$31
Name _Toc175806227: 'Source Table'!$I$32
Name _Toc175806236: 'Source Table'!$D$32
Name _Toc175806237: 'Source Table'!$I$33
Name _Toc175806246: 'Source Table'!$D$33
Name _Toc175806247: 'Source Table'!$I$34
Name _Toc175806256: 'Source Table'!$D$34
Name _Toc175806257: 'Source Table'!$I$35
Name _Toc175806266: 'Source Table'!$D$35
Name _Toc175806267: 'Source Table'!$J$36
Name _Toc175806276: 'Source Table'!$C$36
Name _Toc175806277: 'Source Table'!$I$36
Name _Toc175806286: 'Source Table'!#REF!
Name _Toc175806287: 'Source Table'!$I$37
Name _Toc175806296: 'Source Table'!#REF!
Name _Toc175806297: 'Source Table'!$I$38

Sheet Cover Page
A1: Code | B1: SYB_13_1_7
A2: Version | B2: V1
A3: اسم القالب | B3: عدد الطلبة والمعلمين حسب المحافظة والمديرية والجنس في السنة الدراسية
A4: Template Name | B4: Number of Students and Teachers by Governorate, Directorate and Sex schooling year
A5: دورية البيانات | B5: سنوي
A6: Data Frequency | B6: Yearly
A7: الجهة المصدرية | B7: وزارة التربية والتعليم
A8: Data Source | B8: Ministry of Education

Sheet Source Table
C2: ='Cover Page'!B4 -> Number of Students and Teachers by Governorate, Directorate and Sex schooling year
C3: ='Cover Page'!B3 -> عدد الطلبة والمعلمين حسب المحافظة والمديرية والجنس في السنة الدراسية
C4: Year | E4: =YEAR('Template Data'!B1) -> 2024 | I4: السنة
C5: Governorate and Directorate | I5: المحافظة والمديرية
E6: المعلمون | G6: الطلبة
E7: Teachers | G7: Students
E8: أنثى | F8: ذكر | G8: أنثى | H8: ذكر
E9: Female | F9: Male | G9: Female | H9: Male
C10: Amman | D10: Amman Qasbah | I10: قصبه عمان | J10: العاصمة
D11: Aljamaah | I11: الجامعه
D12: Sahab | I12: سحاب
D13: AL_qwesmeh | I13: القويسمه
D14: Marka | I14: ماركا
D15: Wadi Alseer | I15: وادي السير
D16: Naaor | I16: ناعور
D17: Badiyyeh Wosta/Mwagar | I17: البادية الوسطى/ الموقر
D18: Badiyyeh Wosta/Jezah | I18: البادية الوسطى/ الجيزة
C19: Balqa | D19: Salt Qasabah | I19: قصبة السلط | J19: البلقاء
D20: Dair Alla | I20: دير علا
D21: Shoonah Janoobiyyeh | I21: الشونة الجنوبية
D22: Ein Albasha | I22: عين الباشا
C23: Zarqa | D23: Zarqa 1 | I23: الزرقاء الاولى | J23: الزرقاء
D24: Zarqa 2 | I24: الزرقاء الثانية
D25: Ruseifa | I25: الرصيفة | J25: مأدبا
C26: Madaba | D26: Madaba Qasabah | I26: قصبة مادبا
D27: Dieban District | I27: لواء ذيبان | J27: إربد
C28: Irbid | D28: Irbid Qasbah | I28: قصبه إربد
D29: Bani Obaid | I29: بني عبيد
D30: North Mazar | I30: المزار الشمالي
D31: Al-taibah & Al-wasteiah | I31: لوائي الطيبة والوسطية
D32: Koorah | I32: الكورة
D33: Bani Kenanah | I33: بني كنانة
D34: Aghwar Shamaliyyeh | I34: الأغوار الشمالية
D35: Ramtha | I35: الرمثا
C36: Mafraq | D36: Mafraq Qasabah | I36: قصبة المفرق | J36: المفرق
D37: Badyah Shamaliyyeh .E | I37: البادية الشمالية الشرقية
D38: Badyah Shamaliyyeh .W | I38: البادية الشمالية الغربية
C39: Jarash | D39: Jarash | I39: جرش | J39: جرش
C40: Ajloun | D40: Ajloun | I40: عجلون | J40: عجلون
C41: Karak | D41: Karak Qasabah | I41: قصبة الكرك | J41: الكرك
D42: Mazar Janoobi | I42: المزار الجنوبي
D43: Qasr | I43: القصر
D44: Aghwar Janoobiyyeh | I44: الأغوار الجنوبية
C45: Tafiela | D45: Tafiela | I45: الطفيلة | J45: الطفيلة
D46: Bsaira | I46: لواء بصيرا
C47: Ma'an | D47: Ma'an | I47: معان | J47: معان
D48: South Badia | I48: البادية الجنوبية
D49: Petra | I49: البترا
D50: Shobak | I50: الشوبك
C51: Aqaba | D51: Aqaba | I51: العقبة | J51: العقبة

Sheet Relational DB
A1: Relational Sheet
A2: Measure_Name_Ar | B2: Measure_Name_En | C2: Measure_ID | D2: Unit_EN | E2: Unit_AR | F2: CL_EDU_DIRECTORATE_EN_V1 | G2: CL_EDU_DIRECTORATE_AR_V1 | H2: CL_EDU_SEX_EN_V1 | I2: CL_EDU_SEX_AR_V1 | J2: CL_EDU_YEARS_AR_V1 | K2: CL_EDU_YEARS_EN_V1 | L2: Obs_Value | M2: Time_Period_Y | N2: Time_Period_M
A3: اسم المؤشر | B3: Measure Name | C3: رمز المؤشر | D3: Unit | E3: الوحدة | F3: Governorate and Directorate | G3: المحافظة والمديرية | H3: Sex | I3: الجنس | J3: السنة الدراسية | K3: Educational Year | L3: قيمة المؤشر | M3: سنة فترة القياس | N3: شهر فترة القياس
A4: عدد الطلبة والمعلمين | B4: Number of Students and Teachers | C4: M1 | D4: Number | E4: عدد | F4: Amman Qasbah | G4: قصبه عمان | H4: ='Source Table'!$H$9 -> Male | I4: ='Source Table'!$H$8 -> ذكر | J4: =TEXT(M4+1,"0")&"/"&TEXT(M4,"0") -> 2023/2022 | K4: =TEXT(M4+1,"0")&"/"&TEXT(M4,"0") -> 2023/2022 | L4: 72601 | M4: 2022
A5: عدد الطلبة والمعلمين | B5: Number of Students and Teachers | C5: M1 | D5: Number | E5: عدد | F5: Aljamaah | G5: الجامعه | H5: ='Source Table'!$H$9 -> Male | I5: ='Source Table'!$H$8 -> ذكر | J5: =TEXT(M5+1,"0")&"/"&TEXT(M5,"0") -> 2023/2022 | K5: =TEXT(M5+1,"0")&"/"&TEXT(M5,"0") -> 2023/2022 | L5: 78785 | M5: 2022
A6: عدد الطلبة والمعلمين | B6: Number of Students and Teachers | C6: M1 | D6: Number | E6: عدد | F6: Sahab | G6: سحاب | H6: ='Source Table'!$H$9 -> Male | I6: ='Source Table'!$H$8 -> ذكر | J6: =TEXT(M6+1,"0")&"/"&TEXT(M6,"0") -> 2023/2022 | K6: =TEXT(M6+1,"0")&"/"&TEXT(M6,"0") -> 2023/2022 | L6: 18642 | M6: 2022
A7: عدد الطلبة والمعلمين | B7: Number of Students and Teachers | C7: M1 | D7: Number | E7: عدد | F7: AL_qwesmeh | G7: القويسمه | H7: ='Source Table'!$H$9 -> Male | I7: ='Source Table'!$H$8 -> ذكر | J7: =TEXT(M7+1,"0")&"/"&TEXT(M7,"0") -> 2023/2022 | K7: =TEXT(M7+1,"0")&"/"&TEXT(M7,"0") -> 2023/2022 | L7: 75907 | M7: 2022
A8: عدد الطلبة والمعلمين | B8: Number of Students and Teachers | C8: M1 | D8: Number | E8: عدد | F8: Marka | G8: ماركا | H8: ='Source Table'!$H$9 -> Male | I8: ='Source Table'!$H$8 -> ذكر | J8: =TEXT(M8+1,"0")&"/"&TEXT(M8,"0") -> 2023/2022 | K8: =TEXT(M8+1,"0")&"/"&TEXT(M8,"0") -> 2023/2022 | L8: 100654 | M8: 2022
A9: عدد الطلبة والمعلمين | B9: Number of Students and Teachers | C9: M1 | D9: Number | E9: عدد | F9: Wadi Alseer | G9: وادي السير | H9: ='Source Table'!$H$9 -> Male | I9: ='Source Table'!$H$8 -> ذكر | J9: =TEXT(M9+1,"0")&"/"&TEXT(M9,"0") -> 2023/2022 | K9: =TEXT(M9+1,"0")&"/"&TEXT(M9,"0") -> 2023/2022 | L9: 34442 | M9: 2022
A10: عدد الطلبة والمعلمين | B10: Number of Students and Teachers | C10: M1 | D10: Number | E10: عدد | F10: Naaor | G10: ناعور | H10: ='Source Table'!$H$9 -> Male | I10: ='Source Table'!$H$8 -> ذكر | J10: =TEXT(M10+1,"0")&"/"&TEXT(M10,"0") -> 2023/2022 | K10: =TEXT(M10+1,"0")&"/"&TEXT(M10,"0") -> 2023/2022 | L10: 17268 | M10: 2022
A11: عدد الطلبة والمعلمين | B11: Number of Students and Teachers | C11: M1 | D11: Number | E11: عدد | F11: Badiyyeh Wosta/Mwagar | G11: البادية الوسطى/ الموقر | H11: ='Source Table'!$H$9 -> Male | I11: ='Source Table'!$H$8 -> ذكر | J11: =TEXT(M11+1,"0")&"/"&TEXT(M11,"0") -> 2023/2022 | K11: =TEXT(M11+1,"0")&"/"&TEXT(M11,"0") -> 2023/2022 | L11: 9720 | M11: 2022
A12: عدد الطلبة والمعلمين | B12: Number of Students and Teachers | C12: M1 | D12: Number | E12: عدد | F12: Badiyyeh Wosta/Jezah | G12: البادية الوسطى/ الجيزة | H12: ='Source Table'!$H$9 -> Male | I12: ='Source Table'!$H$8 -> ذكر | J12: =TEXT(M12+1,"0")&"/"&TEXT(M12,"0") -> 2023/2022 | K12: =TEXT(M12+1,"0")&"/"&TEXT(M12,"0") -> 2023/2022 | L12: 10571 | M12: 2022
A13: عدد الطلبة والمعلمين | B13: Number of Students and Teachers | C13: M1 | D13: Number | E13: عدد | F13: Salt Qasabah | G13: قصبة السلط | H13: ='Source Table'!$H$9 -> Male | I13: ='Source Table'!$H$8 -> ذكر | J13: =TEXT(M13+1,"0")&"/"&TEXT(M13,"0") -> 2023/2022 | K13: =TEXT(M13+1,"0")&"/"&TEXT(M13,"0") -> 2023/2022 | L13: 28166 | M13: 2022
A14: عدد الطلبة والمعلمين | B14: Number of Students and Teachers | C14: M1 | D14: Number | E14: عدد | F14: Dair Alla | G14: دير علا | H14: ='Source Table'!$H$9 -> Male | I14: ='Source Table'!$H$8 -> ذكر | J14: =TEXT(M14+1,"0")&"/"&TEXT(M14,"0") -> 2023/2022 | K14: =TEXT(M14+1,"0")&"/"&TEXT(M14,"0") -> 2023/2022 | L14: 10144 | M14: 2022
A15: عدد الطلبة والمعلمين | B15: Number of Students and Teachers | C15: M1 | D15: Number | E15: عدد | F15: Shoonah Janoobiyyeh | G15: الشونة الجنوبية | H15: ='Source Table'!$H$9 -> Male | I15: ='Source Table'!$H$8 -> ذكر | J15: =TEXT(M15+1,"0")&"/"&TEXT(M15,"0") -> 2023/2022 | K15: =TEXT(M15+1,"0")&"/"&TEXT(M15,"0") -> 2023/2022 | L15: 9215 | M15: 2022
... A45: عدد الطلبة والمعلمين | B45: Number of Students and Teachers | C45: M1 | D45: Number | E45: عدد | F45: Aqaba | G45: العقبة | H45: ='Source Table'!$H$9 -> Male | I45: ='Source Table'!$H$8 -> ذكر | J45: =TEXT(M45+1,"0")&"/"&TEXT(M45,"0") -> 2023/2022 | K45: =TEXT(M45+1,"0")&"/"&TEXT(M45,"0") -> 2023/2022 | L45: 27630 | M45: 2022
A46: عدد الطلبة والمعلمين | B46: Number of Students and Teachers | C46: M1 | D46: Number | E46: عدد | F46: Amman Qasbah | G46: قصبه عمان | H46: ='Source Table'!$G$9 -> Female | I46: ='Source Table'!$G$8 -> أنثى | J46: =TEXT(M46+1,"0")&"/"&TEXT(M46,"0") -> 2023/2022 | K46: =TEXT(M46+1,"0")&"/"&TEXT(M46,"0") -> 2023/2022 | L46: 75957 | M46: 2022
A47: عدد الطلبة والمعلمين | B47: Number of Students and Teachers | C47: M1 | D47: Number | E47: عدد | F47: Aljamaah | G47: الجامعه | H47: ='Source Table'!$G$9 -> Female | I47: ='Source Table'!$G$8 -> أنثى | J47: =TEXT(M47+1,"0")&"/"&TEXT(M47,"0") -> 2023/2022 | K47: =TEXT(M47+1,"0")&"/"&TEXT(M47,"0") -> 2023/2022 | L47: 75145 | M47: 2022
A48: عدد الطلبة والمعلمين | B48: Number of Students and Teachers | C48: M1 | D48: Number | E48: عدد | F48: Sahab | G48: سحاب | H48: ='Source Table'!$G$9 -> Female | I48: ='Source Table'!$G$8 -> أنثى | J48: =TEXT(M48+1,"0")&"/"&TEXT(M48,"0") -> 2023/2022 | K48: =TEXT(M48+1,"0")&"/"&TEXT(M48,"0") -> 2023/2022 | L48: 17787 | M48: 2022
A49: عدد الطلبة والمعلمين | B49: Number of Students and Teachers | C49: M1 | D49: Number | E49: عدد | F49: AL_qwesmeh | G49: القويسمه | H49: ='Source Table'!$G$9 -> Female | I49: ='Source Table'!$G$8 -> أنثى | J49: =TEXT(M49+1,"0")&"/"&TEXT(M49,"0") -> 2023/2022 | K49: =TEXT(M49+1,"0")&"/"&TEXT(M49,"0") -> 2023/2022 | L49: 75605 | M49: 2022
A50: عدد الطلبة والمعلمين | B50: Number of Students and Teachers | C50: M1 | D50: Number | E50: عدد | F50: Marka | G50: ماركا | H50: ='Source Table'!$G$9 -> Female | I50: ='Source Table'!$G$8 -> أنثى | J50: =TEXT(M50+1,"0")&"/"&TEXT(M50,"0") -> 2023/2022 | K50: =TEXT(M50+1,"0")&"/"&TEXT(M50,"0") -> 2023/2022 | L50: 96407 | M50: 2022
A51: عدد الطلبة والمعلمين | B51: Number of Students and Teachers | C51: M1 | D51: Number | E51: عدد | F51: Wadi Alseer | G51: وادي السير | H51: ='Source Table'!$G$9 -> Female | I51: ='Source Table'!$G$8 -> أنثى | J51: =TEXT(M51+1,"0")&"/"&TEXT(M51,"0") -> 2023/2022 | K51: =TEXT(M51+1,"0")&"/"&TEXT(M51,"0") -> 2023/2022 | L51: 33790 | M51: 2022
A52: عدد الطلبة والمعلمين | B52: Number of Students and Teachers | C52: M1 | D52: Number | E52: عدد | F52: Naaor | G52: ناعور | H52: ='Source Table'!$G$9 -> Female | I52: ='Source Table'!$G$8 -> أنثى | J52: =TEXT(M52+1,"0")&"/"&TEXT(M52,"0") -> 2023/2022 | K52: =TEXT(M52+1,"0")&"/"&TEXT(M52,"0") -> 2023/2022 | L52: 17314 | M52: 2022
A53: عدد الطلبة والمعلمين | B53: Number of Students and Teachers | C53: M1 | D53: Number | E53: عدد | F53: Badiyyeh Wosta/Mwagar | G53: البادية الوسطى/ الموقر | H53: ='Source Table'!$G$9 -> Female | I53: ='Source Table'!$G$8 -> أنثى | J53: =TEXT(M53+1,"0")&"/"&TEXT(M53,"0") -> 2023/2022 | K53: =TEXT(M53+1,"0")&"/"&TEXT(M53,"0") -> 2023/2022 | L53: 9865 | M53: 2022
A54: عدد الطلبة والمعلمين | B54: Number of Students and Teachers | C54: M1 | D54: Number | E54: عدد | F54: Badiyyeh Wosta/Jezah | G54: البادية الوسطى/ الجيزة | H54: ='Source Table'!$G$9 -> Female | I54: ='Source Table'!$G$8 -> أنثى | J54: =TEXT(M54+1,"0")&"/"&TEXT(M54,"0") -> 2023/2022 | K54: =TEXT(M54+1,"0")&"/"&TEXT(M54,"0") -> 2023/2022 | L54: 10744 | M54: 2022
A55: عدد الطلبة والمعلمين | B55: Number of Students and Teachers | C55: M1 | D55: Number | E55: عدد | F55: Salt Qasabah | G55: قصبة السلط | H55: ='Source Table'!$G$9 -> Female | I55: ='Source Table'!$G$8 -> أنثى | J55: =TEXT(M55+1,"0")&"/"&TEXT(M55,"0") -> 2023/2022 | K55: =TEXT(M55+1,"0")&"/"&TEXT(M55,"0") -> 2023/2022 | L55: 26505 | M55: 2022
A56: عدد الطلبة والمعلمين | B56: Number of Students and Teachers | C56: M1 | D56: Number | E56: عدد | F56: Dair Alla | G56: دير علا | H56: ='Source Table'!$G$9 -> Female | I56: ='Source Table'!$G$8 -> أنثى | J56: =TEXT(M56+1,"0")&"/"&TEXT(M56,"0") -> 2023/2022 | K56: =TEXT(M56+1,"0")&"/"&TEXT(M56,"0") -> 2023/2022 | L56: 9796 | M56: 2022
A57: عدد الطلبة والمعلمين | B57: Number of Students and Teachers | C57: M1 | D57: Number | E57: عدد | F57: Shoonah Janoobiyyeh | G57: الشونة الجنوبية | H57: ='Source Table'!$G$9 -> Female | I57: ='Source Table'!$G$8 -> أنثى | J57: =TEXT(M57+1,"0")&"/"&TEXT(M57,"0") -> 2023/2022 | K57: =TEXT(M57+1,"0")&"/"&TEXT(M57,"0") -> 2023/2022 | L57: 8569 | M57: 2022
... A87: عدد الطلبة والمعلمين | B87: Number of Students and Teachers | C87: M1 | D87: Number | E87: عدد | F87: Aqaba | G87: العقبة | H87: ='Source Table'!$G$9 -> Female | I87: ='Source Table'!$G$8 -> أنثى | J87: =TEXT(M87+1,"0")&"/"&TEXT(M87,"0") -> 2023/2022 | K87: =TEXT(M87+1,"0")&"/"&TEXT(M87,"0") -> 2023/2022 | L87: 26847 | M87: 2022
A88: عدد الطلبة والمعلمين | B88: Number of Students and Teachers | C88: M2 | D88: Number | E88: عدد | F88: Amman Qasbah | G88: قصبه عمان | H88: ='Source Table'!$H$9 -> Male | I88: ='Source Table'!$H$8 -> ذكر | J88: =TEXT(M88+1,"0")&"/"&TEXT(M88,"0") -> 2023/2022 | K88: =TEXT(M88+1,"0")&"/"&TEXT(M88,"0") -> 2023/2022 | L88: 2560 | M88: 2022
A89: عدد الطلبة والمعلمين | B89: Number of Students and Teachers | C89: M2 | D89: Number | E89: عدد | F89: Aljamaah | G89: الجامعه | H89: ='Source Table'!$H$9 -> Male | I89: ='Source Table'!$H$8 -> ذكر | J89: =TEXT(M89+1,"0")&"/"&TEXT(M89,"0") -> 2023/2022 | K89: =TEXT(M89+1,"0")&"/"&TEXT(M89,"0") -> 2023/2022 | L89: 2317 | M89: 2022
A90: عدد الطلبة والمعلمين | B90: Number of Students and Teachers | C90: M2 | D90: Number | E90: عدد | F90: Sahab | G90: سحاب | H90: ='Source Table'!$H$9 -> Male | I90: ='Source Table'!$H$8 -> ذكر | J90: =TEXT(M90+1,"0")&"/"&TEXT(M90,"0") -> 2023/2022 | K90: =TEXT(M90+1,"0")&"/"&TEXT(M90,"0") -> 2023/2022 | L90: 595 | M90: 2022
A91: عدد الطلبة والمعلمين | B91: Number of Students and Teachers | C91: M2 | D91: Number | E91: عدد | F91: AL_qwesmeh | G91: القويسمه | H91: ='Source Table'!$H$9 -> Male | I91: ='Source Table'!$H$8 -> ذكر | J91: =TEXT(M91+1,"0")&"/"&TEXT(M91,"0") -> 2023/2022 | K91: =TEXT(M91+1,"0")&"/"&TEXT(M91,"0") -> 2023/2022 | L91: 2026 | M91: 2022
A92: عدد الطلبة والمعلمين | B92: Number of Students and Teachers | C92: M2 | D92: Number | E92: عدد | F92: Marka | G92: ماركا | H92: ='Source Table'!$H$9 -> Male | I92: ='Source Table'!$H$8 -> ذكر | J92: =TEXT(M92+1,"0")&"/"&TEXT(M92,"0") -> 2023/2022 | K92: =TEXT(M92+1,"0")&"/"&TEXT(M92,"0") -> 2023/2022 | L92: 3329 | M92: 2022
A93: عدد الطلبة والمعلمين | B93: Number of Students and Teachers | C93: M2 | D93: Number | E93: عدد | F93: Wadi Alseer | G93: وادي السير | H93: ='Source Table'!$H$9 -> Male | I93: ='Source Table'!$H$8 -> ذكر | J93: =TEXT(M93+1,"0")&"/"&TEXT(M93,"0") -> 2023/2022 | K93: =TEXT(M93+1,"0")&"/"&TEXT(M93,"0") -> 2023/2022 | L93: 1026 | M93: 2022
A94: عدد الطلبة والمعلمين | B94: Number of Students and Teachers | C94: M2 | D94: Number | E94: عدد | F94: Naaor | G94: ناعور | H94: ='Source Table'!$H$9 -> Male | I94: ='Source Table'!$H$8 -> ذكر | J94: =TEXT(M94+1,"0")&"/"&TEXT(M94,"0") -> 2023/2022 | K94: =TEXT(M94+1,"0")&"/"&TEXT(M94,"0") -> 2023/2022 | L94: 657 | M94: 2022
A95: عدد الطلبة والمعلمين | B95: Number of Students and Teachers | C95: M2 | D95: Number | E95: عدد | F95: Badiyyeh Wosta/Mwagar | G95: البادية الوسطى/ الموقر | H95: ='Source Table'!$H$9 -> Male | I95: ='Source Table'!$H$8 -> ذكر | J95: =TEXT(M95+1,"0")&"/"&TEXT(M95,"0") -> 2023/2022 | K95: =TEXT(M95+1,"0")&"/"&TEXT(M95,"0") -> 2023/2022 | L95: 516 | M95: 2022
A96: عدد الطلبة والمعلمين | B96: Number of Students and Teachers | C96: M2 | D96: Number | E96: عدد | F96: Badiyyeh Wosta/Jezah | G96: البادية الوسطى/ الجيزة | H96: ='Source Table'!$H$9 -> Male | I96: ='Source Table'!$H$8 -> ذكر | J96: =TEXT(M96+1,"0")&"/"&TEXT(M96,"0") -> 2023/2022 | K96: =TEXT(M96+1,"0")&"/"&TEXT(M96,"0") -> 2023/2022 | L96: 713 | M96: 2022
A97: عدد الطلبة والمعلمين | B97: Number of Students and Teachers | C97: M2 | D97: Number | E97: عدد | F97: Salt Qasabah | G97: قصبة السلط | H97: ='Source Table'!$H$9 -> Male | I97: ='Source Table'!$H$8 -> ذكر | J97: =TEXT(M97+1,"0")&"/"&TEXT(M97,"0") -> 2023/2022 | K97: =TEXT(M97+1,"0")&"/"&TEXT(M97,"0") -> 2023/2022 | L97: 939 | M97: 2022
A98: عدد الطلبة والمعلمين | B98: Number of Students and Teachers | C98: M2 | D98: Number | E98: عدد | F98: Dair Alla | G98: دير علا | H98: ='Source Table'!$H$9 -> Male | I98: ='Source Table'!$H$8 -> ذكر | J98: =TEXT(M98+1,"0")&"/"&TEXT(M98,"0") -> 2023/2022 | K98: =TEXT(M98+1,"0")&"/"&TEXT(M98,"0") -> 2023/2022 | L98: 446 | M98: 2022
A99: عدد الطلبة والمعلمين | B99: Number of Students and Teachers | C99: M2 | D99: Number | E99: عدد | F99: Shoonah Janoobiyyeh | G99: الشونة الجنوبية | H99: ='Source Table'!$H$9 -> Male | I99: ='Source Table'!$H$8 -> ذكر | J99: =TEXT(M99+1,"0")&"/"&TEXT(M99,"0") -> 2023/2022 | K99: =TEXT(M99+1,"0")&"/"&TEXT(M99,"0") -> 2023/2022 | L99: 392 | M99: 2022
... A129: عدد الطلبة والمعلمين | B129: Number of Students and Teachers | C129: M2 | D129: Number | E129: عدد | F129: Aqaba | G129: العقبة | H129: ='Source Table'!$H$9 -> Male | I129: ='Source Table'!$H$8 -> ذكر | J129: =TEXT(M129+1,"0")&"/"&TEXT(M129,"0") -> 2023/2022 | K129: =TEXT(M129+1,"0")&"/"&TEXT(M129,"0") -> 2023/2022 | L129: 1263 | M129: 2022
A130: عدد الطلبة والمعلمين | B130: Number of Students and Teachers | C130: M2 | D130: Number | E130: عدد | F130: Amman Qasbah | G130: قصبه عمان | H130: ='Source Table'!$G$9 -> Female | I130: ='Source Table'!$G$8 -> أنثى | J130: =TEXT(M130+1,"0")&"/"&TEXT(M130,"0") -> 2023/2022 | K130: =TEXT(M130+1,"0")&"/"&TEXT(M130,"0") -> 2023/2022 | L130: 6262 | M130: 2022
A131: عدد الطلبة والمعلمين | B131: Number of Students and Teachers | C131: M2 | D131: Number | E131: عدد | F131: Aljamaah | G131: الجامعه | H131: ='Source Table'!$G$9 -> Female | I131: ='Source Table'!$G$8 -> أنثى | J131: =TEXT(M131+1,"0")&"/"&TEXT(M131,"0") -> 2023/2022 | K131: =TEXT(M131+1,"0")&"/"&TEXT(M131,"0") -> 2023/2022 | L131: 9260 | M131: 2022
A132: عدد الطلبة والمعلمين | B132: Number of Students and Teachers | C132: M2 | D132: Number | E132: عدد | F132: Sahab | G132: سحاب | H132: ='Source Table'!$G$9 -> Female | I132: ='Source Table'!$G$8 -> أنثى | J132: =TEXT(M132+1,"0")&"/"&TEXT(M132,"0") -> 2023/2022 | K132: =TEXT(M132+1,"0")&"/"&TEXT(M132,"0") -> 2023/2022 | L132: 1402 | M132: 2022
A133: عدد الطلبة والمعلمين | B133: Number of Students and Teachers | C133: M2 | D133: Number | E133: عدد | F133: AL_qwesmeh | G133: القويسمه | H133: ='Source Table'!$G$9 -> Female | I133: ='Source Table'!$G$8 -> أنثى | J133: =TEXT(M133+1,"0")&"/"&TEXT(M133,"0") -> 2023/2022 | K133: =TEXT(M133+1,"0")&"/"&TEXT(M133,"0") -> 2023/2022 | L133: 6056 | M133: 2022
A134: عدد الطلبة والمعلمين | B134: Number of Students and Teachers | C134: M2 | D134: Number | E134: عدد | F134: Marka | G134: ماركا | H134: ='Source Table'!$G$9 -> Female | I134: ='Source Table'!$G$8 -> أنثى | J134: =TEXT(M134+1,"0")&"/"&TEXT(M134,"0") -> 2023/2022 | K134: =TEXT(M134+1,"0")&"/"&TEXT(M134,"0") -> 2023/2022 | L134: 7813 | M134: 2022
A135: عدد الطلبة والمعلمين | B135: Number of Students and Teachers | C135: M2 | D135: Number | E135: عدد | F135: Wadi Alseer | G135: وادي السير | H135: ='Source Table'!$G$9 -> Female | I135: ='Source Table'!$G$8 -> أنثى | J135: =TEXT(M135+1,"0")&"/"&TEXT(M135,"0") -> 2023/2022 | K135: =TEXT(M135+1,"0")&"/"&TEXT(M135,"0") -> 2023/2022 | L135: 3740 | M135: 2022
A136: عدد الطلبة والمعلمين | B136: Number of Students and Teachers | C136: M2 | D136: Number | E136: عدد | F136: Naaor | G136: ناعور | H136: ='Source Table'!$G$9 -> Female | I136: ='Source Table'!$G$8 -> أنثى | J136: =TEXT(M136+1,"0")&"/"&TEXT(M136,"0") -> 2023/2022 | K136: =TEXT(M136+1,"0")&"/"&TEXT(M136,"0") -> 2023/2022 | L136: 1804 | M136: 2022
A137: عدد الطلبة والمعلمين | B137: Number of Students and Teachers | C137: M2 | D137: Number | E137: عدد | F137: Badiyyeh Wosta/Mwagar | G137: البادية الوسطى/ الموقر | H137: ='Source Table'!$G$9 -> Female | I137: ='Source Table'!$G$8 -> أنثى | J137: =TEXT(M137+1,"0")&"/"&TEXT(M137,"0") -> 2023/2022 | K137: =TEXT(M137+1,"0")&"/"&TEXT(M137,"0") -> 2023/2022 | L137: 849 | M137: 2022
A138: عدد الطلبة والمعلمين | B138: Number of Students and Teachers | C138: M2 | D138: Number | E138: عدد | F138: Badiyyeh Wosta/Jezah | G138: البادية الوسطى/ الجيزة | H138: ='Source Table'!$G$9 -> Female | I138: ='Source Table'!$G$8 -> أنثى | J138: =TEXT(M138+1,"0")&"/"&TEXT(M138,"0") -> 2023/2022 | K138: =TEXT(M138+1,"0")&"/"&TEXT(M138,"0") -> 2023/2022 | L138: 1179 | M138: 2022
A139: عدد الطلبة والمعلمين | B139: Number of Students and Teachers | C139: M2 | D139: Number | E139: عدد | F139: Salt Qasabah | G139: قصبة السلط | H139: ='Source Table'!$G$9 -> Female | I139: ='Source Table'!$G$8 -> أنثى | J139: =TEXT(M139+1,"0")&"/"&TEXT(M139,"0") -> 2023/2022 | K139: =TEXT(M139+1,"0")&"/"&TEXT(M139,"0") -> 2023/2022 | L139: 3002 | M139: 2022
A140: عدد الطلبة والمعلمين | B140: Number of Students and Teachers | C140: M2 | D140: Number | E140: عدد | F140: Dair Alla | G140: دير علا | H140: ='Source Table'!$G$9 -> Female | I140: ='Source Table'!$G$8 -> أنثى | J140: =TEXT(M140+1,"0")&"/"&TEXT(M140,"0") -> 2023/2022 | K140: =TEXT(M140+1,"0")&"/"&TEXT(M140,"0") -> 2023/2022 | L140: 768 | M140: 2022
A141: عدد الطلبة والمعلمين | B141: Number of Students and Teachers | C141: M2 | D141: Number | E141: عدد | F141: Shoonah Janoobiyyeh | G141: الشونة الجنوبية | H141: ='Source Table'!$G$9 -> Female | I141: ='Source Table'!$G$8 -> أنثى | J141: =TEXT(M141+1,"0")&"/"&TEXT(M141,"0") -> 2023/2022 | K141: =TEXT(M141+1,"0")&"/"&TEXT(M141,"0") -> 2023/2022 | L141: 678 | M141: 2022
... A171: عدد الطلبة والمعلمين | B171: Number of Students and Teachers | C171: M2 | D171: Number | E171: عدد | F171: Aqaba | G171: العقبة | H171: ='Source Table'!$G$9 -> Female | I171: ='Source Table'!$G$8 -> أنثى | J171: =TEXT(M171+1,"0")&"/"&TEXT(M171,"0") -> 2023/2022 | K171: =TEXT(M171+1,"0")&"/"&TEXT(M171,"0") -> 2023/2022 | L171: 2540 | M171: 2022
A172: عدد الطلبة والمعلمين | B172: Number of Students and Teachers | C172: M1 | D172: Number | E172: عدد | F172: Amman Qasbah | G172: قصبه عمان | H172: ='Source Table'!$H$9 -> Male | I172: ='Source Table'!$H$8 -> ذكر | J172: =TEXT(M172+1,"0")&"/"&TEXT(M172,"0") -> 2022/2021 | K172: =TEXT(M172+1,"0")&"/"&TEXT(M172,"0") -> 2022/2021 | L172: 76246 | M172: 2021
A173: عدد الطلبة والمعلمين | B173: Number of Students and Teachers | C173: M1 | D173: Number | E173: عدد | F173: Aljamaah | G173: الجامعه | H173: ='Source Table'!$H$9 -> Male | I173: ='Source Table'!$H$8 -> ذكر | J173: =TEXT(M173+1,"0")&"/"&TEXT(M173,"0") -> 2022/2021 | K173: =TEXT(M173+1,"0")&"/"&TEXT(M173,"0") -> 2022/2021 | L173: 76114 | M173: 2021
A174: عدد الطلبة والمعلمين | B174: Number of Students and Teachers | C174: M1 | D174: Number | E174: عدد | F174: Sahab | G174: سحاب | H174: ='Source Table'!$H$9 -> Male | I174: ='Source Table'!$H$8 -> ذكر | J174: =TEXT(M174+1,"0")&"/"&TEXT(M174,"0") -> 2022/2021 | K174: =TEXT(M174+1,"0")&"/"&TEXT(M174,"0") -> 2022/2021 | L174: 17612 | M174: 2021
A175: عدد الطلبة والمعلمين | B175: Number of Students and Teachers | C175: M1 | D175: Number | E175: عدد | F175: AL_qwesmeh | G175: القويسمه | H175: ='Source Table'!$H$9 -> Male | I175: ='Source Table'!$H$8 -> ذكر | J175: =TEXT(M175+1,"0")&"/"&TEXT(M175,"0") -> 2022/2021 | K175: =TEXT(M175+1,"0")&"/"&TEXT(M175,"0") -> 2022/2021 | L175: 73112 | M175: 2021
A176: عدد الطلبة والمعلمين | B176: Number of Students and Teachers | C176: M1 | D176: Number | E176: عدد | F176: Marka | G176: ماركا | H176: ='Source Table'!$H$9 -> Male | I176: ='Source Table'!$H$8 -> ذكر | J176: =TEXT(M176+1,"0")&"/"&TEXT(M176,"0") -> 2022/2021 | K176: =TEXT(M176+1,"0")&"/"&TEXT(M176,"0") -> 2022/2021 | L176: 101293 | M176: 2021
A177: عدد الطلبة والمعلمين | B177: Number of Students and Teachers | C177: M1 | D177: Number | E177: عدد | F177: Wadi Alseer | G177: وادي السير | H177: ='Source Table'!$H$9 -> Male | I177: ='Source Table'!$H$8 -> ذكر | J177: =TEXT(M177+1,"0")&"/"&TEXT(M177,"0") -> 2022/2021 | K177: =TEXT(M177+1,"0")&"/"&TEXT(M177,"0") -> 2022/2021 | L177: 34020 | M177: 2021
A178: عدد الطلبة والمعلمين | B178: Number of Students and Teachers | C178: M1 | D178: Number | E178: عدد | F178: Naaor | G178: ناعور | H178: ='Source Table'!$H$9 -> Male | I178: ='Source Table'!$H$8 -> ذكر | J178: =TEXT(M178+1,"0")&"/"&TEXT(M178,"0") -> 2022/2021 | K178: =TEXT(M178+1,"0")&"/"&TEXT(M178,"0") -> 2022/2021 | L178: 16893 | M178: 2021
A179: عدد الطلبة والمعلمين | B179: Number of Students and Teachers | C179: M1 | D179: Number | E179: عدد | F179: Badiyyeh Wosta/Mwagar | G179: البادية الوسطى/ الموقر | H179: ='Source Table'!$H$9 -> Male | I179: ='Source Table'!$H$8 -> ذكر | J179: =TEXT(M179+1,"0")&"/"&TEXT(M179,"0") -> 2022/2021 | K179: =TEXT(M179+1,"0")&"/"&TEXT(M179,"0") -> 2022/2021 | L179: 9549 | M179: 2021
A180: عدد الطلبة والمعلمين | B180: Number of Students and Teachers | C180: M1 | D180: Number | E180: عدد | F180: Badiyyeh Wosta/Jezah | G180: البادية الوسطى/ الجيزة | H180: ='Source Table'!$H$9 -> Male | I180: ='Source Table'!$H$8 -> ذكر | J180: =TEXT(M180+1,"0")&"/"&TEXT(M180,"0") -> 2022/2021 | K180: =TEXT(M180+1,"0")&"/"&TEXT(M180,"0") -> 2022/2021 | L180: 10539 | M180: 2021
A181: عدد الطلبة والمعلمين | B181: Number of Students and Teachers | C181: M1 | D181: Number | E181: عدد | F181: Salt Qasabah | G181: قصبة السلط | H181: ='Source Table'!$H$9 -> Male | I181: ='Source Table'!$H$8 -> ذكر | J181: =TEXT(M181+1,"0")&"/"&TEXT(M181,"0") -> 2022/2021 | K181: =TEXT(M181+1,"0")&"/"&TEXT(M181,"0") -> 2022/2021 | L181: 27355 | M181: 2021
A182: عدد الطلبة والمعلمين | B182: Number of Students and Teachers | C182: M1 | D182: Number | E182: عدد | F182: Dair Alla | G182: دير علا | H182: ='Source Table'!$H$9 -> Male | I182: ='Source Table'!$H$8 -> ذكر | J182: =TEXT(M182+1,"0")&"/"&TEXT(M182,"0") -> 2022/2021 | K182: =TEXT(M182+1,"0")&"/"&TEXT(M182,"0") -> 2022/2021 | L182: 9944 | M182: 2021
A183: عدد الطلبة والمعلمين | B183: Number of Students and Teachers | C183: M1 | D183: Number | E183: عدد | F183: Shoonah Janoobiyyeh | G183: الشونة الجنوبية | H183: ='Source Table'!$H$9 -> Male | I183: ='Source Table'!$H$8 -> ذكر | J183: =TEXT(M183+1,"0")&"/"&TEXT(M183,"0") -> 2022/2021 | K183: =TEXT(M183+1,"0")&"/"&TEXT(M183,"0") -> 2022/2021 | L183: 9019 | M183: 2021
... A213: عدد الطلبة والمعلمين | B213: Number of Students and Teachers | C213: M1 | D213: Number | E213: عدد | F213: Aqaba | G213: العقبة | H213: ='Source Table'!$H$9 -> Male | I213: ='Source Table'!$H$8 -> ذكر | J213: =TEXT(M213+1,"0")&"/"&TEXT(M213,"0") -> 2022/2021 | K213: =TEXT(M213+1,"0")&"/"&TEXT(M213,"0") -> 2022/2021 | L213: 27075 | M213: 2021
A214: عدد الطلبة والمعلمين | B214: Number of Students and Teachers | C214: M1 | D214: Number | E214: عدد | F214: Amman Qasbah | G214: قصبه عمان | H214: ='Source Table'!$G$9 -> Female | I214: ='Source Table'!$G$8 -> أنثى | J214: =TEXT(M214+1,"0")&"/"&TEXT(M214,"0") -> 2022/2021 | K214: =TEXT(M214+1,"0")&"/"&TEXT(M214,"0") -> 2022/2021 | L214: 78605 | M214: 2021
A215: عدد الطلبة والمعلمين | B215: Number of Students and Teachers | C215: M1 | D215: Number | E215: عدد | F215: Aljamaah | G215: الجامعه | H215: ='Source Table'!$G$9 -> Female | I215: ='Source Table'!$G$8 -> أنثى | J215: =TEXT(M215+1,"0")&"/"&TEXT(M215,"0") -> 2022/2021 | K215: =TEXT(M215+1,"0")&"/"&TEXT(M215,"0") -> 2022/2021 | L215: 72191 | M215: 2021
A216: عدد الطلبة والمعلمين | B216: Number of Students and Teachers | C216: M1 | D216: Number | E216: عدد | F216: Sahab | G216: سحاب | H216: ='Source Table'!$G$9 -> Female | I216: ='Source Table'!$G$8 -> أنثى | J216: =TEXT(M216+1,"0")&"/"&TEXT(M216,"0") -> 2022/2021 | K216: =TEXT(M216+1,"0")&"/"&TEXT(M216,"0") -> 2022/2021 | L216: 17344 | M216: 2021
A217: عدد الطلبة والمعلمين | B217: Number of Students and Teachers | C217: M1 | D217: Number | E217: عدد | F217: AL_qwesmeh | G217: القويسمه | H217: ='Source Table'!$G$9 -> Female | I217: ='Source Table'!$G$8 -> أنثى | J217: =TEXT(M217+1,"0")&"/"&TEXT(M217,"0") -> 2022/2021 | K217: =TEXT(M217+1,"0")&"/"&TEXT(M217,"0") -> 2022/2021 | L217: 73544 | M217: 2021
A218: عدد الطلبة والمعلمين | B218: Number of Students and Teachers | C218: M1 | D218: Number | E218: عدد | F218: Marka | G218: ماركا | H218: ='Source Table'!$G$9 -> Female | I218: ='Source Table'!$G$8 -> أنثى | J218: =TEXT(M218+1,"0")&"/"&TEXT(M218,"0") -> 2022/2021 | K218: =TEXT(M218+1,"0")&"/"&TEXT(M218,"0") -> 2022/2021 | L218: 94912 | M218: 2021
A219: عدد الطلبة والمعلمين | B219: Number of Students and Teachers | C219: M1 | D219: Number | E219: عدد | F219: Wadi Alseer | G219: وادي السير | H219: ='Source Table'!$G$9 -> Female | I219: ='Source Table'!$G$8 -> أنثى | J219: =TEXT(M219+1,"0")&"/"&TEXT(M219,"0") -> 2022/2021 | K219: =TEXT(M219+1,"0")&"/"&TEXT(M219,"0") -> 2022/2021 | L219: 33412 | M219: 2021
A220: عدد الطلبة والمعلمين | B220: Number of Students and Teachers | C220: M1 | D220: Number | E220: عدد | F220: Naaor | G220: ناعور | H220: ='Source Table'!$G$9 -> Female | I220: ='Source Table'!$G$8 -> أنثى | J220: =TEXT(M220+1,"0")&"/"&TEXT(M220,"0") -> 2022/2021 | K220: =TEXT(M220+1,"0")&"/"&TEXT(M220,"0") -> 2022/2021 | L220: 16983 | M220: 2021
A221: عدد الطلبة والمعلمين | B221: Number of Students and Teachers | C221: M1 | D221: Number | E221: عدد | F221: Badiyyeh Wosta/Mwagar | G221: البادية الوسطى/ الموقر | H221: ='Source Table'!$G$9 -> Female | I221: ='Source Table'!$G$8 -> أنثى | J221: =TEXT(M221+1,"0")&"/"&TEXT(M221,"0") -> 2022/2021 | K221: =TEXT(M221+1,"0")&"/"&TEXT(M221,"0") -> 2022/2021 | L221: 9438 | M221: 2021
A222: عدد الطلبة والمعلمين | B222: Number of Students and Teachers | C222: M1 | D222: Number | E222: عدد | F222: Badiyyeh Wosta/Jezah | G222: البادية الوسطى/ الجيزة | H222: ='Source Table'!$G$9 -> Female | I222: ='Source Table'!$G$8 -> أنثى | J222: =TEXT(M222+1,"0")&"/"&TEXT(M222,"0") -> 2022/2021 | K222: =TEXT(M222+1,"0")&"/"&TEXT(M222,"0") -> 2022/2021 | L222: 10606 | M222: 2021
A223: عدد الطلبة والمعلمين | B223: Number of Students and Teachers | C223: M1 | D223: Number | E223: عدد | F223: Salt Qasabah | G223: قصبة السلط | H223: ='Source Table'!$G$9 -> Female | I223: ='Source Table'!$G$8 -> أنثى | J223: =TEXT(M223+1,"0")&"/"&TEXT(M223,"0") -> 2022/2021 | K223: =TEXT(M223+1,"0")&"/"&TEXT(M223,"0") -> 2022/2021 | L223: 25802 | M223: 2021
A224: عدد الطلبة والمعلمين | B224: Number of Students and Teachers | C224: M1 | D224: Number | E224: عدد | F224: Dair Alla | G224: دير علا | H224: ='Source Table'!$G$9 -> Female | I224: ='Source Table'!$G$8 -> أنثى | J224: =TEXT(M224+1,"0")&"/"&TEXT(M224,"0") -> 2022/2021 | K224: =TEXT(M224+1,"0")&"/"&TEXT(M224,"0") -> 2022/2021 | L224: 9607 | M224: 2021
A225: عدد الطلبة والمعلمين | B225: Number of Students and Teachers | C225: M1 | D225: Number | E225: عدد | F225: Shoonah Janoobiyyeh | G225: الشونة الجنوبية | H225: ='Source Table'!$G$9 -> Female | I225: ='Source Table'!$G$8 -> أنثى | J225: =TEXT(M225+1,"0")&"/"&TEXT(M225,"0") -> 2022/2021 | K225: =TEXT(M225+1,"0")&"/"&TEXT(M225,"0") -> 2022/2021 | L225: 8662 | M225: 2021
... A255: عدد الطلبة والمعلمين | B255: Number of Students and Teachers | C255: M1 | D255: Number | E255: عدد | F255: Aqaba | G255: العقبة | H255: ='Source Table'!$G$9 -> Female | I255: ='Source Table'!$G$8 -> أنثى | J255: =TEXT(M255+1,"0")&"/"&TEXT(M255,"0") -> 2022/2021 | K255: =TEXT(M255+1,"0")&"/"&TEXT(M255,"0") -> 2022/2021 | L255: 25952 | M255: 2021
A256: عدد الطلبة والمعلمين | B256: Number of Students and Teachers | C256: M2 | D256: Number | E256: عدد | F256: Amman Qasbah | G256: قصبه عمان | H256: ='Source Table'!$H$9 -> Male | I256: ='Source Table'!$H$8 -> ذكر | J256: =TEXT(M256+1,"0")&"/"&TEXT(M256,"0") -> 2022/2021 | K256: =TEXT(M256+1,"0")&"/"&TEXT(M256,"0") -> 2022/2021 | L256: 2573 | M256: 2021
A257: عدد الطلبة والمعلمين | B257: Number of Students and Teachers | C257: M2 | D257: Number | E257: عدد | F257: Aljamaah | G257: الجامعه | H257: ='Source Table'!$H$9 -> Male | I257: ='Source Table'!$H$8 -> ذكر | J257: =TEXT(M257+1,"0")&"/"&TEXT(M257,"0") -> 2022/2021 | K257: =TEXT(M257+1,"0")&"/"&TEXT(M257,"0") -> 2022/2021 | L257: 2235 | M257: 2021
A258: عدد الطلبة والمعلمين | B258: Number of Students and Teachers | C258: M2 | D258: Number | E258: عدد | F258: Sahab | G258: سحاب | H258: ='Source Table'!$H$9 -> Male | I258: ='Source Table'!$H$8 -> ذكر | J258: =TEXT(M258+1,"0")&"/"&TEXT(M258,"0") -> 2022/2021 | K258: =TEXT(M258+1,"0")&"/"&TEXT(M258,"0") -> 2022/2021 | L258: 553 | M258: 2021
A259: عدد الطلبة والمعلمين | B259: Number of Students and Teachers | C259: M2 | D259: Number | E259: عدد | F259: AL_qwesmeh | G259: القويسمه | H259: ='Source Table'!$H$9 -> Male | I259: ='Source Table'!$H$8 -> ذكر | J259: =TEXT(M259+1,"0")&"/"&TEXT(M259,"0") -> 2022/2021 | K259: =TEXT(M259+1,"0")&"/"&TEXT(M259,"0") -> 2022/2021 | L259: 1820 | M259: 2021
A260: عدد الطلبة والمعلمين | B260: Number of Students and Teachers | C260: M2 | D260: Number | E260: عدد | F260: Marka | G260: ماركا | H260: ='Source Table'!$H$9 -> Male | I260: ='Source Table'!$H$8 -> ذكر | J260: =TEXT(M260+1,"0")&"/"&TEXT(M260,"0") -> 2022/2021 | K260: =TEXT(M260+1,"0")&"/"&TEXT(M260,"0") -> 2022/2021 | L260: 3211 | M260: 2021
A261: عدد الطلبة والمعلمين | B261: Number of Students and Teachers | C261: M2 | D261: Number | E261: عدد | F261: Wadi Alseer | G261: وادي السير | H261: ='Source Table'!$H$9 -> Male | I261: ='Source Table'!$H$8 -> ذكر | J261: =TEXT(M261+1,"0")&"/"&TEXT(M261,"0") -> 2022/2021 | K261: =TEXT(M261+1,"0")&"/"&TEXT(M261,"0") -> 2022/2021 | L261: 1004 | M261: 2021
A262: عدد الطلبة والمعلمين | B262: Number of Students and Teachers | C262: M2 | D262: Number | E262: عدد | F262: Naaor | G262: ناعور | H262: ='Source Table'!$H$9 -> Male | I262: ='Source Table'!$H$8 -> ذكر | J262: =TEXT(M262+1,"0")&"/"&TEXT(M262,"0") -> 2022/2021 | K262: =TEXT(M262+1,"0")&"/"&TEXT(M262,"0") -> 2022/2021 | L262: 640 | M262: 2021
A263: عدد الطلبة والمعلمين | B263: Number of Students and Teachers | C263: M2 | D263: Number | E263: عدد | F263: Badiyyeh Wosta/Mwagar | G263: البادية الوسطى/ الموقر | H263: ='Source Table'!$H$9 -> Male | I263: ='Source Table'!$H$8 -> ذكر | J263: =TEXT(M263+1,"0")&"/"&TEXT(M263,"0") -> 2022/2021 | K263: =TEXT(M263+1,"0")&"/"&TEXT(M263,"0") -> 2022/2021 | L263: 495 | M263: 2021
A264: عدد الطلبة والمعلمين | B264: Number of Students and Teachers | C264: M2 | D264: Number | E264: عدد | F264: Badiyyeh Wosta/Jezah | G264: البادية الوسطى/ الجيزة | H264: ='Source Table'!$H$9 -> Male | I264: ='Source Table'!$H$8 -> ذكر | J264: =TEXT(M264+1,"0")&"/"&TEXT(M264,"0") -> 2022/2021 | K264: =TEXT(M264+1,"0")&"/"&TEXT(M264,"0") -> 2022/2021 | L264: 675 | M264: 2021
A265: عدد الطلبة والمعلمين | B265: Number of Students and Teachers | C265: M2 | D265: Number | E265: عدد | F265: Salt Qasabah | G265: قصبة السلط | H265: ='Source Table'!$H$9 -> Male | I265: ='Source Table'!$H$8 -> ذكر | J265: =TEXT(M265+1,"0")&"/"&TEXT(M265,"0") -> 2022/2021 | K265: =TEXT(M265+1,"0")&"/"&TEXT(M265,"0") -> 2022/2021 | L265: 893 | M265: 2021
A266: عدد الطلبة والمعلمين | B266: Number of Students and Teachers | C266: M2 | D266: Number | E266: عدد | F266: Dair Alla | G266: دير علا | H266: ='Source Table'!$H$9 -> Male | I266: ='Source Table'!$H$8 -> ذكر | J266: =TEXT(M266+1,"0")&"/"&TEXT(M266,"0") -> 2022/2021 | K266: =TEXT(M266+1,"0")&"/"&TEXT(M266,"0") -> 2022/2021 | L266: 444 | M266: 2021
A267: عدد الطلبة والمعلمين | B267: Number of Students and Teachers | C267: M2 | D267: Number | E267: عدد | F267: Shoonah Janoobiyyeh | G267: الشونة الجنوبية | H267: ='Source Table'!$H$9 -> Male | I267: ='Source Table'!$H$8 -> ذكر | J267: =TEXT(M267+1,"0")&"/"&TEXT(M267,"0") -> 2022/2021 | K267: =TEXT(M267+1,"0")&"/"&TEXT(M267,"0") -> 2022/2021 | L267: 366 | M267: 2021
... A297: عدد الطلبة والمعلمين | B297: Number of Students and Teachers | C297: M2 | D297: Number | E297: عدد | F297: Aqaba | G297: العقبة | H297: ='Source Table'!$H$9 -> Male | I297: ='Source Table'!$H$8 -> ذكر | J297: =TEXT(M297+1,"0")&"/"&TEXT(M297,"0") -> 2022/2021 | K297: =TEXT(M297+1,"0")&"/"&TEXT(M297,"0") -> 2022/2021 | L297: 1180 | M297: 2021
A298: عدد الطلبة والمعلمين | B298: Number of Students and Teachers | C298: M2 | D298: Number | E298: عدد | F298: Amman Qasbah | G298: قصبه عمان | H298: ='Source Table'!$G$9 -> Female | I298: ='Source Table'!$G$8 -> أنثى | J298: =TEXT(M298+1,"0")&"/"&TEXT(M298,"0") -> 2022/2021 | K298: =TEXT(M298+1,"0")&"/"&TEXT(M298,"0") -> 2022/2021 | L298: 6113 | M298: 2021
A299: عدد الطلبة والمعلمين | B299: Number of Students and Teachers | C299: M2 | D299: Number | E299: عدد | F299: Aljamaah | G299: الجامعه | H299: ='Source Table'!$G$9 -> Female | I299: ='Source Table'!$G$8 -> أنثى | J299: =TEXT(M299+1,"0")&"/"&TEXT(M299,"0") -> 2022/2021 | K299: =TEXT(M299+1,"0")&"/"&TEXT(M299,"0") -> 2022/2021 | L299: 8563 | M299: 2021
A300: عدد الطلبة والمعلمين | B300: Number of Students and Teachers | C300: M2 | D300: Number | E300: عدد | F300: Sahab | G300: سحاب | H300: ='Source Table'!$G$9 -> Female | I300: ='Source Table'!$G$8 -> أنثى | J300: =TEXT(M300+1,"0")&"/"&TEXT(M300,"0") -> 2022/2021 | K300: =TEXT(M300+1,"0")&"/"&TEXT(M300,"0") -> 2022/2021 | L300: 1343 | M300: 2021
A301: عدد الطلبة والمعلمين | B301: Number of Students and Teachers | C301: M2 | D301: Number | E301: عدد | F301: AL_qwesmeh | G301: القويسمه | H301: ='Source Table'!$G$9 -> Female | I301: ='Source Table'!$G$8 -> أنثى | J301: =TEXT(M301+1,"0")&"/"&TEXT(M301,"0") -> 2022/2021 | K301: =TEXT(M301+1,"0")&"/"&TEXT(M301,"0") -> 2022/2021 | L301: 5358 | M301: 2021
A302: عدد الطلبة والمعلمين | B302: Number of Students and Teachers | C302: M2 | D302: Number | E302: عدد | F302: Marka | G302: ماركا | H302: ='Source Table'!$G$9 -> Female | I302: ='Source Table'!$G$8 -> أنثى | J302: =TEXT(M302+1,"0")&"/"&TEXT(M302,"0") -> 2022/2021 | K302: =TEXT(M302+1,"0")&"/"&TEXT(M302,"0") -> 2022/2021 | L302: 7208 | M302: 2021
A303: عدد الطلبة والمعلمين | B303: Number of Students and Teachers | C303: M2 | D303: Number | E303: عدد | F303: Wadi Alseer | G303: وادي السير | H303: ='Source Table'!$G$9 -> Female | I303: ='Source Table'!$G$8 -> أنثى | J303: =TEXT(M303+1,"0")&"/"&TEXT(M303,"0") -> 2022/2021 | K303: =TEXT(M303+1,"0")&"/"&TEXT(M303,"0") -> 2022/2021 | L303: 3494 | M303: 2021
...

Sheet Template Data
A1: Date | B1: =DATE(B2,B3,1) -> 45292
A2: Year | B2: 2024
A3: Month | B3: 1
A4: Measure_Name_Ar | B4: Measure_Name_En | C4: Measure_ID | D4: Unit_EN | E4: Unit_AR | F4: CL_EDU_DIRECTORATE_EN_V1 | G4: CL_EDU_DIRECTORATE_AR_V1 | H4: CL_EDU_SEX_EN_V1 | I4: CL_EDU_SEX_AR_V1 | J4: CL_EDU_YEARS_AR_V1 | K4: CL_EDU_YEARS_EN_V1 | L4: Obs_Value | M4: Time_Period_Y | N4: Time_Period_M
A5: اسم المؤشر | B5: Measure Name | C5: رمز المؤشر | D5: Unit | E5: الوحدة | F5: Governorate and Directorate | G5: المحافظة والمديرية | H5: Sex | I5: الجنس | J5: السنة الدراسية | K5: Educational Year | L5: قيمة المؤشر | M5: سنة فترة القياس | N5: شهر فترة القياس

Sheet Help
A2: Step 1: Cover Page | C2: الخطوة 1: Cover Page
A4: Update the template information, to ensure that any meta-information about the template, such as the title, version, and description, is accurate and up-to-date. | C4: قم بتحديث معلومات القالب للتأكد من أن أي معلومات وصفية حول القالب، مثل العنوان والإصدار والوصف، دقيقة ومحدثة.
A6: Step 2: Source Table | C6: الخطوة 2: Source Table
A8: Design your template, ensuring that the time period is mapped correctly to the date information in rows 1-3 of the Template Data Sheet. | C8: قم بتصميم القالب الخاص بك، مع التأكد من أن فترة الوقت مرتبطة بشكل صحيح مع معلومات التاريخ في الصفوف 1-3 في ورقة Template Data.
A10: Step 3: Relational Sheet | C10: الخطوة 3: Relational Sheet
A12: Unpivot the data in the source table into a flat format. Follow these guidelines: | C12: قم بتحويل البيانات في جدول المصدر إلى تنسيق مسطح. اتبع هذه الإرشادات:
A13: 1. Blue Columns: Do not change the names of the blue columns. Update the data as per the current template. | C13: 1. الأعمدة الزرقاء: لا تقم بتغيير أسماء الأعمدة الزرقاء. قم بتحديث البيانات وفقًا للقالب الحالي.
A14: 2. Code Lists: Use the naming convention CL_XXX_EN_V# for code lists, where XXX is the name, and V# is the version, conforming with the definitions in the data dictionary. | C14: 2. قوائم الرموز: استخدم قاعدة التسمية CL_XXX_EN_V# لقوائم الرموز، حيث أن XXX هو الاسم و V# هو الإصدار، وفقًا للتعريفات في قاموس البيانات.
A15: 3. Code List Values: Ensure the code list values match the definitions in the data dictionary. | C15: 3. قيم قائمة الرموز: تأكد من أن قيم قائمة الرموز تتوافق مع التعريفات في قاموس البيانات.
A16: 4. Time_Period_M: Leave empty if the data frequency is yearly. | C16: 4. Time_Period_M: اتركها فارغة إذا كانت دورية البيانات سنوية.
A17: 5. Time_Period_M Format: Use one of these formats: | C17: 5. تنسيق Time_Period_M: استخدم أحد التنسيقات التالية:
A18: Numeric: (1, 2, 3, ..., 12) for months. | C18: رقمي: (1، 2، 3، ...، 12) للأشهر.
... A38: Protect the entire workbook to prevent unauthorized or accidental changes to the structure of the file. | C38: قم بحماية الكتاب بأكمله لمنع التغييرات غير المصرح بها أو غير المقصودة على هيكل الملف.
