Workbook
Name _Toc175805304: 'Source Table'!#REF!
Name _Toc175805305: 'Source Table'!#REF!
Name _Toc175805306: 'Source Table'!#REF!
Name _Toc175805309: 'Source Table'!$D$1
Name _Toc175805312: 'Source Table'!#REF!
Name _Toc175805313: 'Source Table'!#REF!
Name _Toc175805314: 'Source Table'!#REF!
Name _Toc175805315: 'Source Table'!#REF!
Name _Toc175805316: 'Source Table'!#REF!
Name _Toc175805317: 'Source Table'!#REF!
Name _Toc175805318: 'Source Table'!#REF!
Name _Toc175805319: 'Source Table'!#REF!
Name _Toc175805320: 'Source Table'!#REF!
Name _Toc175805321: 'Source Table'!#REF!
Name _Toc175805322: 'Source Table'!#REF!
Name _Toc175805323: 'Source Table'!#REF!

Sheet Cover Page
A1: Code | B1: SYB_13_1_5
A2: Version | B2: V1
A3: اسم القالب | B3: عدد المعلمين حسب الجهة المشرفة والمرحلة التعليمية والجنس في السنة الدراسية
A4: Template Name | B4: Number of Teachers by Authority of Supervision, Educational Stage and Sex schooling year
A5: دورية البيانات | B5: سنوي
A6: Data Frequency | B6: Yearly
A7: الجهة المصدرية | B7: وزارة التربية والتعليم
A8: Data Source | B8: Ministry of Education

Sheet Source Table
C2: ='Cover Page'!B4 -> Number of Teachers by Authority of Supervision, Educational Stage and Sex schooling year
C3: ='Cover Page'!B3 -> عدد المعلمين حسب الجهة المشرفة والمرحلة التعليمية والجنس في السنة الدراسية
C4: Year | E4: =YEAR('Template Data'!B1) -> 2024 | H4: السنة
C5: Authority of Supervision and Sex | H5: السلطة المشرفة والجنس
E6: المرحلة التعليمية
E7: Educational Stage
E8: الثانوي الأكاديمي والمهني | F8: الأساسي | G8: الروضة
E9: Acadamic and Vocational Secondary | F9: Basic | G9: Kinder-garten
C10: Ministry of Education | D10: Male | H10: ذكر | I10: وزارة التربية والتعليم
D11: Female | H11: أنثى
C12: Other Government | D12: Male | H12: ذكر | I12: حكومية اخرى
D13: Female | H13: أنثى
C14: UNRWA | D14: Male | H14: ذكر | I14: وكالة الغوث
D15: Female | H15: أنثى
C16: Private Education | D16: Male | H16: ذكر | I16: التعليم الخاص
D17: Female | H17: أنثى

Sheet Relational DB
A1: Relational Sheet
A2: Measure_Name_Ar | B2: Measure_Name_En | C2: Measure_ID | D2: Unit_EN | E2: Unit_AR | F2: CL_AUTHORITY_OF_SUPERVISION_EN_V1 | G2: CL_AUTHORITY_OF_SUPERVISION_AR_V1 | H2: CL_EDU_SEX_EN_V1 | I2: CL_EDU_SEX_AR_V1 | J2: CL_EDU_STAGE_EN_V1 | K2: CL_EDU_STAGE_AR_V1 | L2: CL_EDU_YEARS_AR_V1 | M2: CL_EDU_YEARS_EN_V1 | N2: Obs_Value | O2: Time_Period_Y | P2: Time_Period_M
A3: اسم المؤشر | B3: Measure Name | C3: رمز المؤشر | D3: Unit | E3: الوحدة | F3: Authority of Supervision | G3: السلطة المشرفة | H3: Sex | I3: الجنس | J3: Educational Stage | K3: المرحلة التعليمية | L3: السنة الدراسية | M3: Educational Year | N3: قيمة المؤشر | O3: سنة فترة القياس | P3: شهر فترة القياس
A4: عدد المعلمين | B4: Number of Teachers | C4: M1 | D4: Number | E4: عدد | F4: وزارة التربية والتعليم | G4: Ministry of Education | H4: ='Source Table'!$D$10 -> Male | I4: ='Source Table'!$H$10 -> ذكر | J4: Kinder-garten | K4: الروضة | L4: =TEXT(O4+1,"0")&"/"&TEXT(O4,"0") -> 2023/2022 | M4: =TEXT(O4+1,"0")&"/"&TEXT(O4,"0") -> 2023/2022 | N4: 3 | O4: 2022
A5: عدد المعلمين | B5: Number of Teachers | C5: M1 | D5: Number | E5: عدد | F5: وزارة التربية والتعليم | G5: Ministry of Education | H5: ='Source Table'!$D$11 -> Female | I5: ='Source Table'!$H$11 -> أنثى | J5: Kinder-garten | K5: الروضة | L5: =TEXT(O5+1,"0")&"/"&TEXT(O5,"0") -> 2023/2022 | M5: =TEXT(O5+1,"0")&"/"&TEXT(O5,"0") -> 2023/2022 | N5: 2992 | O5: 2022
A6: عدد المعلمين | B6: Number of Teachers | C6: M1 | D6: Number | E6: عدد | F6: حكومية اخرى | G6: Other Government | H6: ='Source Table'!$D$10 -> Male | I6: ='Source Table'!$H$10 -> ذكر | J6: Kinder-garten | K6: الروضة | L6: =TEXT(O6+1,"0")&"/"&TEXT(O6,"0") -> 2023/2022 | M6: =TEXT(O6+1,"0")&"/"&TEXT(O6,"0") -> 2023/2022 | N6: 0 | O6: 2022
A7: عدد المعلمين | B7: Number of Teachers | C7: M1 | D7: Number | E7: عدد | F7: حكومية اخرى | G7: Other Government | H7: ='Source Table'!$D$11 -> Female | I7: ='Source Table'!$H$11 -> أنثى | J7: Kinder-garten | K7: الروضة | L7: =TEXT(O7+1,"0")&"/"&TEXT(O7,"0") -> 2023/2022 | M7: =TEXT(O7+1,"0")&"/"&TEXT(O7,"0") -> 2023/2022 | N7: 5 | O7: 2022
A8: عدد المعلمين | B8: Number of Teachers | C8: M1 | D8: Number | E8: عدد | F8: وكالة الغوث | G8: UNRWA | H8: ='Source Table'!$D$10 -> Male | I8: ='Source Table'!$H$10 -> ذكر | J8: Kinder-garten | K8: الروضة | L8: =TEXT(O8+1,"0")&"/"&TEXT(O8,"0") -> 2023/2022 | M8: =TEXT(O8+1,"0")&"/"&TEXT(O8,"0") -> 2023/2022 | N8: 0 | O8: 2022
A9: عدد المعلمين | B9: Number of Teachers | C9: M1 | D9: Number | E9: عدد | F9: وكالة الغوث | G9: UNRWA | H9: ='Source Table'!$D$11 -> Female | I9: ='Source Table'!$H$11 -> أنثى | J9: Kinder-garten | K9: الروضة | L9: =TEXT(O9+1,"0")&"/"&TEXT(O9,"0") -> 2023/2022 | M9: =TEXT(O9+1,"0")&"/"&TEXT(O9,"0") -> 2023/2022 | N9: 0 | O9: 2022
A10: عدد المعلمين | B10: Number of Teachers | C10: M1 | D10: Number | E10: عدد | F10: التعليم الخاص | G10: Private Education | H10: ='Source Table'!$D$10 -> Male | I10: ='Source Table'!$H$10 -> ذكر | J10: Kinder-garten | K10: الروضة | L10: =TEXT(O10+1,"0")&"/"&TEXT(O10,"0") -> 2023/2022 | M10: =TEXT(O10+1,"0")&"/"&TEXT(O10,"0") -> 2023/2022 | N10: 3 | O10: 2022
A11: عدد المعلمين | B11: Number of Teachers | C11: M1 | D11: Number | E11: عدد | F11: التعليم الخاص | G11: Private Education | H11: ='Source Table'!$D$11 -> Female | I11: ='Source Table'!$H$11 -> أنثى | J11: Kinder-garten | K11: الروضة | L11: =TEXT(O11+1,"0")&"/"&TEXT(O11,"0") -> 2023/2022 | M11: =TEXT(O11+1,"0")&"/"&TEXT(O11,"0") -> 2023/2022 | N11: 6462 | O11: 2022
A12: عدد المعلمين | B12: Number of Teachers | C12: M1 | D12: Number | E12: عدد | F12: وزارة التربية والتعليم | G12: Ministry of Education | H12: ='Source Table'!$D$10 -> Male | I12: ='Source Table'!$H$10 -> ذكر | J12: Basic | K12: الأساسي | L12: =TEXT(O12+1,"0")&"/"&TEXT(O12,"0") -> 2023/2022 | M12: =TEXT(O12+1,"0")&"/"&TEXT(O12,"0") -> 2023/2022 | N12: 26752 | O12: 2022
A13: عدد المعلمين | B13: Number of Teachers | C13: M1 | D13: Number | E13: عدد | F13: وزارة التربية والتعليم | G13: Ministry of Education | H13: ='Source Table'!$D$11 -> Female | I13: ='Source Table'!$H$11 -> أنثى | J13: Basic | K13: الأساسي | L13: =TEXT(O13+1,"0")&"/"&TEXT(O13,"0") -> 2023/2022 | M13: =TEXT(O13+1,"0")&"/"&TEXT(O13,"0") -> 2023/2022 | N13: 46234 | O13: 2022
A14: عدد المعلمين | B14: Number of Teachers | C14: M1 | D14: Number | E14: عدد | F14: حكومية اخرى | G14: Other Government | H14: ='Source Table'!$D$10 -> Male | I14: ='Source Table'!$H$10 -> ذكر | J14: Basic | K14: الأساسي | L14: =TEXT(O14+1,"0")&"/"&TEXT(O14,"0") -> 2023/2022 | M14: =TEXT(O14+1,"0")&"/"&TEXT(O14,"0") -> 2023/2022 | N14: 1117 | O14: 2022
A15: عدد المعلمين | B15: Number of Teachers | C15: M1 | D15: Number | E15: عدد | F15: حكومية اخرى | G15: Other Government | H15: ='Source Table'!$D$11 -> Female | I15: ='Source Table'!$H$11 -> أنثى | J15: Basic | K15: الأساسي | L15: =TEXT(O15+1,"0")&"/"&TEXT(O15,"0") -> 2023/2022 | M15: =TEXT(O15+1,"0")&"/"&TEXT(O15,"0") -> 2023/2022 | N15: 259 | O15: 2022
A16: عدد المعلمين | B16: Number of Teachers | C16: M1 | D16: Number | E16: عدد | F16: وكالة الغوث | G16: UNRWA | H16: ='Source Table'!$D$10 -> Male | I16: ='Source Table'!$H$10 -> ذكر | J16: Basic | K16: الأساسي | L16: =TEXT(O16+1,"0")&"/"&TEXT(O16,"0") -> 2023/2022 | M16: =TEXT(O16+1,"0")&"/"&TEXT(O16,"0") -> 2023/2022 | N16: 2069 | O16: 2022
A17: عدد المعلمين | B17: Number of Teachers | C17: M1 | D17: Number | E17: عدد | F17: وكالة الغوث | G17: UNRWA | H17: ='Source Table'!$D$11 -> Female | I17: ='Source Table'!$H$11 -> أنثى | J17: Basic | K17: الأساسي | L17: =TEXT(O17+1,"0")&"/"&TEXT(O17,"0") -> 2023/2022 | M17: =TEXT(O17+1,"0")&"/"&TEXT(O17,"0") -> 2023/2022 | N17: 2200 | O17: 2022
A18: عدد المعلمين | B18: Number of Teachers | C18: M1 | D18: Number | E18: عدد | F18: التعليم الخاص | G18: Private Education | H18: ='Source Table'!$D$10 -> Male | I18: ='Source Table'!$H$10 -> ذكر | J18: Basic | K18: الأساسي | L18: =TEXT(O18+1,"0")&"/"&TEXT(O18,"0") -> 2023/2022 | M18: =TEXT(O18+1,"0")&"/"&TEXT(O18,"0") -> 2023/2022 | N18: 2404 | O18: 2022
A19: عدد المعلمين | B19: Number of Teachers | C19: M1 | D19: Number | E19: عدد | F19: التعليم الخاص | G19: Private Education | H19: ='Source Table'!$D$11 -> Female | I19: ='Source Table'!$H$11 -> أنثى | J19: Basic | K19: الأساسي | L19: =TEXT(O19+1,"0")&"/"&TEXT(O19,"0") -> 2023/2022 | M19: =TEXT(O19+1,"0")&"/"&TEXT(O19,"0") -> 2023/2022 | N19: 28144 | O19: 2022
A20: عدد المعلمين | B20: Number of Teachers | C20: M1 | D20: Number | E20: عدد | F20: وزارة التربية والتعليم | G20: Ministry of Education | H20: ='Source Table'!$D$10 -> Male | I20: ='Source Table'!$H$10 -> ذكر | J20: Acadamic and Vocational Secondary | K20: الثانوي الأكاديمي والمهني | L20: =TEXT(O20+1,"0")&"/"&TEXT(O20,"0") -> 2023/2022 | M20: =TEXT(O20+1,"0")&"/"&TEXT(O20,"0") -> 2023/2022 | N20: 8994 | O20: 2022
A21: عدد المعلمين | B21: Number of Teachers | C21: M1 | D21: Number | E21: عدد | F21: وزارة التربية والتعليم | G21: Ministry of Education | H21: ='Source Table'!$D$11 -> Female | I21: ='Source Table'!$H$11 -> أنثى | J21: Acadamic and Vocational Secondary | K21: الثانوي الأكاديمي والمهني | L21: =TEXT(O21+1,"0")&"/"&TEXT(O21,"0") -> 2023/2022 | M21: =TEXT(O21+1,"0")&"/"&TEXT(O21,"0") -> 2023/2022 | N21: 11253 | O21: 2022
A22: عدد المعلمين | B22: Number of Teachers | C22: M1 | D22: Number | E22: عدد | F22: حكومية اخرى | G22: Other Government | H22: ='Source Table'!$D$10 -> Male | I22: ='Source Table'!$H$10 -> ذكر | J22: Acadamic and Vocational Secondary | K22: الثانوي الأكاديمي والمهني | L22: =TEXT(O22+1,"0")&"/"&TEXT(O22,"0") -> 2023/2022 | M22: =TEXT(O22+1,"0")&"/"&TEXT(O22,"0") -> 2023/2022 | N22: 564 | O22: 2022
A23: عدد المعلمين | B23: Number of Teachers | C23: M1 | D23: Number | E23: عدد | F23: حكومية اخرى | G23: Other Government | H23: ='Source Table'!$D$11 -> Female | I23: ='Source Table'!$H$11 -> أنثى | J23: Acadamic and Vocational Secondary | K23: الثانوي الأكاديمي والمهني | L23: =TEXT(O23+1,"0")&"/"&TEXT(O23,"0") -> 2023/2022 | M23: =TEXT(O23+1,"0")&"/"&TEXT(O23,"0") -> 2023/2022 | N23: 85 | O23: 2022
A24: عدد المعلمين | B24: Number of Teachers | C24: M1 | D24: Number | E24: عدد | F24: وكالة الغوث | G24: UNRWA | H24: ='Source Table'!$D$10 -> Male | I24: ='Source Table'!$H$10 -> ذكر | J24: Acadamic and Vocational Secondary | K24: الثانوي الأكاديمي والمهني | L24: =TEXT(O24+1,"0")&"/"&TEXT(O24,"0") -> 2023/2022 | M24: =TEXT(O24+1,"0")&"/"&TEXT(O24,"0") -> 2023/2022 | N24: 0 | O24: 2022
A25: عدد المعلمين | B25: Number of Teachers | C25: M1 | D25: Number | E25: عدد | F25: وكالة الغوث | G25: UNRWA | H25: ='Source Table'!$D$11 -> Female | I25: ='Source Table'!$H$11 -> أنثى | J25: Acadamic and Vocational Secondary | K25: الثانوي الأكاديمي والمهني | L25: =TEXT(O25+1,"0")&"/"&TEXT(O25,"0") -> 2023/2022 | M25: =TEXT(O25+1,"0")&"/"&TEXT(O25,"0") -> 2023/2022 | N25: 0 | O25: 2022
A26: عدد المعلمين | B26: Number of Teachers | C26: M1 | D26: Number | E26: عدد | F26: التعليم الخاص | G26: Private Education | H26: ='Source Table'!$D$10 -> Male | I26: ='Source Table'!$H$10 -> ذكر | J26: Acadamic and Vocational Secondary | K26: الثانوي الأكاديمي والمهني | L26: =TEXT(O26+1,"0")&"/"&TEXT(O26,"0") -> 2023/2022 | M26: =TEXT(O26+1,"0")&"/"&TEXT(O26,"0") -> 2023/2022 | N26: 2228 | O26: 2022
A27: عدد المعلمين | B27: Number of Teachers | C27: M1 | D27: Number | E27: عدد | F27: التعليم الخاص | G27: Private Education | H27: ='Source Table'!$D$11 -> Female | I27: ='Source Table'!$H$11 -> أنثى | J27: Acadamic and Vocational Secondary | K27: الثانوي الأكاديمي والمهني | L27: =TEXT(O27+1,"0")&"/"&TEXT(O27,"0") -> 2023/2022 | M27: =TEXT(O27+1,"0")&"/"&TEXT(O27,"0") -> 2023/2022 | N27: 3625 | O27: 2022
A28: عدد المعلمين | B28: Number of Teachers | C28: M1 | D28: Number | E28: عدد | F28: وزارة التربية والتعليم | G28: Ministry of Education | H28: ='Source Table'!$D$10 -> Male | I28: ='Source Table'!$H$10 -> ذكر | J28: Kinder-garten | K28: الروضة | L28: =TEXT(O28+1,"0")&"/"&TEXT(O28,"0") -> 2022/2021 | M28: =TEXT(O28+1,"0")&"/"&TEXT(O28,"0") -> 2022/2021 | N28: 1 | O28: 2021
A29: عدد المعلمين | B29: Number of Teachers | C29: M1 | D29: Number | E29: عدد | F29: وزارة التربية والتعليم | G29: Ministry of Education | H29: ='Source Table'!$D$11 -> Female | I29: ='Source Table'!$H$11 -> أنثى | J29: Kinder-garten | K29: الروضة | L29: =TEXT(O29+1,"0")&"/"&TEXT(O29,"0") -> 2022/2021 | M29: =TEXT(O29+1,"0")&"/"&TEXT(O29,"0") -> 2022/2021 | N29: 2751 | O29: 2021
A30: عدد المعلمين | B30: Number of Teachers | C30: M1 | D30: Number | E30: عدد | F30: حكومية اخرى | G30: Other Government | H30: ='Source Table'!$D$10 -> Male | I30: ='Source Table'!$H$10 -> ذكر | J30: Kinder-garten | K30: الروضة | L30: =TEXT(O30+1,"0")&"/"&TEXT(O30,"0") -> 2022/2021 | M30: =TEXT(O30+1,"0")&"/"&TEXT(O30,"0") -> 2022/2021 | N30: 0 | O30: 2021
A31: عدد المعلمين | B31: Number of Teachers | C31: M1 | D31: Number | E31: عدد | F31: حكومية اخرى | G31: Other Government | H31: ='Source Table'!$D$11 -> Female | I31: ='Source Table'!$H$11 -> أنثى | J31: Kinder-garten | K31: الروضة | L31: =TEXT(O31+1,"0")&"/"&TEXT(O31,"0") -> 2022/2021 | M31: =TEXT(O31+1,"0")&"/"&TEXT(O31,"0") -> 2022/2021 | N31: 5 | O31: 2021
A32: عدد المعلمين | B32: Number of Teachers | C32: M1 | D32: Number | E32: عدد | F32: وكالة الغوث | G32: UNRWA | H32: ='Source Table'!$D$10 -> Male | I32: ='Source Table'!$H$10 -> ذكر | J32: Kinder-garten | K32: الروضة | L32: =TEXT(O32+1,"0")&"/"&TEXT(O32,"0") -> 2022/2021 | M32: =TEXT(O32+1,"0")&"/"&TEXT(O32,"0") -> 2022/2021 | N32: 0 | O32: 2021
A33: عدد المعلمين | B33: Number of Teachers | C33: M1 | D33: Number | E33: عدد | F33: وكالة الغوث | G33: UNRWA | H33: ='Source Table'!$D$11 -> Female | I33: ='Source Table'!$H$11 -> أنثى | J33: Kinder-garten | K33: الروضة | L33: =TEXT(O33+1,"0")&"/"&TEXT(O33,"0") -> 2022/2021 | M33: =TEXT(O33+1,"0")&"/"&TEXT(O33,"0") -> 2022/2021 | N33: 0 | O33: 2021
A34: عدد المعلمين | B34: Number of Teachers | C34: M1 | D34: Number | E34: عدد | F34: التعليم الخاص | G34: Private Education | H34: ='Source Table'!$D$10 -> Male | I34: ='Source Table'!$H$10 -> ذكر | J34: Kinder-garten | K34: الروضة | L34: =TEXT(O34+1,"0")&"/"&TEXT(O34,"0") -> 2022/2021 | M34: =TEXT(O34+1,"0")&"/"&TEXT(O34,"0") -> 2022/2021 | N34: 4 | O34: 2021
A35: عدد المعلمين | B35: Number of Teachers | C35: M1 | D35: Number | E35: عدد | F35: التعليم الخاص | G35: Private Education | H35: ='Source Table'!$D$11 -> Female | I35: ='Source Table'!$H$11 -> أنثى | J35: Kinder-garten | K35: الروضة | L35: =TEXT(O35+1,"0")&"/"&TEXT(O35,"0") -> 2022/2021 | M35: =TEXT(O35+1,"0")&"/"&TEXT(O35,"0") -> 2022/2021 | N35: 5087 | O35: 2021
A36: عدد المعلمين | B36: Number of Teachers | C36: M1 | D36: Number | E36: عدد | F36: وزارة التربية والتعليم | G36: Ministry of Education | H36: ='Source Table'!$D$10 -> Male | I36: ='Source Table'!$H$10 -> ذكر | J36: Basic | K36: الأساسي | L36: =TEXT(O36+1,"0")&"/"&TEXT(O36,"0") -> 2022/2021 | M36: =TEXT(O36+1,"0")&"/"&TEXT(O36,"0") -> 2022/2021 | N36: 25932 | O36: 2021
A37: عدد المعلمين | B37: Number of Teachers | C37: M1 | D37: Number | E37: عدد | F37: وزارة التربية والتعليم | G37: Ministry of Education | H37: ='Source Table'!$D$11 -> Female | I37: ='Source Table'!$H$11 -> أنثى | J37: Basic | K37: الأساسي | L37: =TEXT(O37+1,"0")&"/"&TEXT(O37,"0") -> 2022/2021 | M37: =TEXT(O37+1,"0")&"/"&TEXT(O37,"0") -> 2022/2021 | N37: 45995 | O37: 2021
A38: عدد المعلمين | B38: Number of Teachers | C38: M1 | D38: Number | E38: عدد | F38: حكومية اخرى | G38: Other Government | H38: ='Source Table'!$D$10 -> Male | I38: ='Source Table'!$H$10 -> ذكر | J38: Basic | K38: الأساسي | L38: =TEXT(O38+1,"0")&"/"&TEXT(O38,"0") -> 2022/2021 | M38: =TEXT(O38+1,"0")&"/"&TEXT(O38,"0") -> 2022/2021 | N38: 994 | O38: 2021
A39: عدد المعلمين | B39: Number of Teachers | C39: M1 | D39: Number | E39: عدد | F39: حكومية اخرى | G39: Other Government | H39: ='Source Table'!$D$11 -> Female | I39: ='Source Table'!$H$11 -> أنثى | J39: Basic | K39: الأساسي | L39: =TEXT(O39+1,"0")&"/"&TEXT(O39,"0") -> 2022/2021 | M39: =TEXT(O39+1,"0")&"/"&TEXT(O39,"0") -> 2022/2021 | N39: 262 | O39: 2021
A40: عدد المعلمين | B40: Number of Teachers | C40: M1 | D40: Number | E40: عدد | F40: وكالة الغوث | G40: UNRWA | H40: ='Source Table'!$D$10 -> Male | I40: ='Source Table'!$H$10 -> ذكر | J40: Basic | K40: الأساسي | L40: =TEXT(O40+1,"0")&"/"&TEXT(O40,"0") -> 2022/2021 | M40: =TEXT(O40+1,"0")&"/"&TEXT(O40,"0") -> 2022/2021 | N40: 2003 | O40: 2021
A41: عدد المعلمين | B41: Number of Teachers | C41: M1 | D41: Number | E41: عدد | F41: وكالة الغوث | G41: UNRWA | H41: ='Source Table'!$D$11 -> Female | I41: ='Source Table'!$H$11 -> أنثى | J41: Basic | K41: الأساسي | L41: =TEXT(O41+1,"0")&"/"&TEXT(O41,"0") -> 2022/2021 | M41: =TEXT(O41+1,"0")&"/"&TEXT(O41,"0") -> 2022/2021 | N41: 2177 | O41: 2021
A42: عدد المعلمين | B42: Number of Teachers | C42: M1 | D42: Number | E42: عدد | F42: التعليم الخاص | G42: Private Education | H42: ='Source Table'!$D$10 -> Male | I42: ='Source Table'!$H$10 -> ذكر | J42: Basic | K42: الأساسي | L42: =TEXT(O42+1,"0")&"/"&TEXT(O42,"0") -> 2022/2021 | M42: =TEXT(O42+1,"0")&"/"&TEXT(O42,"0") -> 2022/2021 | N42: 2274 | O42: 2021
A43: عدد المعلمين | B43: Number of Teachers | C43: M1 | D43: Number | E43: عدد | F43: التعليم الخاص | G43: Private Education | H43: ='Source Table'!$D$11 -> Female | I43: ='Source Table'!$H$11 -> أنثى | J43: Basic | K43: الأساسي | L43: =TEXT(O43+1,"0")&"/"&TEXT(O43,"0") -> 2022/2021 | M43: =TEXT(O43+1,"0")&"/"&TEXT(O43,"0") -> 2022/2021 | N43: 24660 | O43: 2021
A44: عدد المعلمين | B44: Number of Teachers | C44: M1 | D44: Number | E44: عدد | F44: وزارة التربية والتعليم | G44: Ministry of Education | H44: ='Source Table'!$D$10 -> Male | I44: ='Source Table'!$H$10 -> ذكر | J44: Acadamic and Vocational Secondary | K44: الثانوي الأكاديمي والمهني | L44: =TEXT(O44+1,"0")&"/"&TEXT(O44,"0") -> 2022/2021 | M44: =TEXT(O44+1,"0")&"/"&TEXT(O44,"0") -> 2022/2021 | N44: 8837 | O44: 2021
A45: عدد المعلمين | B45: Number of Teachers | C45: M1 | D45: Number | E45: عدد | F45: وزارة التربية والتعليم | G45: Ministry of Education | H45: ='Source Table'!$D$11 -> Female | I45: ='Source Table'!$H$11 -> أنثى | J45: Acadamic and Vocational Secondary | K45: الثانوي الأكاديمي والمهني | L45: =TEXT(O45+1,"0")&"/"&TEXT(O45,"0") -> 2022/2021 | M45: =TEXT(O45+1,"0")&"/"&TEXT(O45,"0") -> 2022/2021 | N45: 9953 | O45: 2021
A46: عدد المعلمين | B46: Number of Teachers | C46: M1 | D46: Number | E46: عدد | F46: حكومية اخرى | G46: Other Government | H46: ='Source Table'!$D$10 -> Male | I46: ='Source Table'!$H$10 -> ذكر | J46: Acadamic and Vocational Secondary | K46: الثانوي الأكاديمي والمهني | L46: =TEXT(O46+1,"0")&"/"&TEXT(O46,"0") -> 2022/2021 | M46: =TEXT(O46+1,"0")&"/"&TEXT(O46,"0") -> 2022/2021 | N46: 684 | O46: 2021
A47: عدد المعلمين | B47: Number of Teachers | C47: M1 | D47: Number | E47: عدد | F47: حكومية اخرى | G47: Other Government | H47: ='Source Table'!$D$11 -> Female | I47: ='Source Table'!$H$11 -> أنثى | J47: Acadamic and Vocational Secondary | K47: الثانوي الأكاديمي والمهني | L47: =TEXT(O47+1,"0")&"/"&TEXT(O47,"0") -> 2022/2021 | M47: =TEXT(O47+1,"0")&"/"&TEXT(O47,"0") -> 2022/2021 | N47: 80 | O47: 2021
A48: عدد المعلمين | B48: Number of Teachers | C48: M1 | D48: Number | E48: عدد | F48: وكالة الغوث | G48: UNRWA | H48: ='Source Table'!$D$10 -> Male | I48: ='Source Table'!$H$10 -> ذكر | J48: Acadamic and Vocational Secondary | K48: الثانوي الأكاديمي والمهني | L48: =TEXT(O48+1,"0")&"/"&TEXT(O48,"0") -> 2022/2021 | M48: =TEXT(O48+1,"0")&"/"&TEXT(O48,"0") -> 2022/2021 | N48: 0 | O48: 2021
A49: عدد المعلمين | B49: Number of Teachers | C49: M1 | D49: Number | E49: عدد | F49: وكالة الغوث | G49: UNRWA | H49: ='Source Table'!$D$11 -> Female | I49: ='Source Table'!$H$11 -> أنثى | J49: Acadamic and Vocational Secondary | K49: الثانوي الأكاديمي والمهني | L49: =TEXT(O49+1,"0")&"/"&TEXT(O49,"0") -> 2022/2021 | M49: =TEXT(O49+1,"0")&"/"&TEXT(O49,"0") -> 2022/2021 | N49: 0 | O49: 2021
A50: عدد المعلمين | B50: Number of Teachers | C50: M1 | D50: Number | E50: عدد | F50: التعليم الخاص | G50: Private Education | H50: ='Source Table'!$D$10 -> Male | I50: ='Source Table'!$H$10 -> ذكر | J50: Acadamic and Vocational Secondary | K50: الثانوي الأكاديمي والمهني | L50: =TEXT(O50+1,"0")&"/"&TEXT(O50,"0") -> 2022/2021 | M50: =TEXT(O50+1,"0")&"/"&TEXT(O50,"0") -> 2022/2021 | N50: 2009 | O50: 2021
A51: عدد المعلمين | B51: Number of Teachers | C51: M1 | D51: Number | E51: عدد | F51: التعليم الخاص | G51: Private Education | H51: ='Source Table'!$D$11 -> Female | I51: ='Source Table'!$H$11 -> أنثى | J51: Acadamic and Vocational Secondary | K51: الثانوي الأكاديمي والمهني | L51: =TEXT(O51+1,"0")&"/"&TEXT(O51,"0") -> 2022/2021 | M51: =TEXT(O51+1,"0")&"/"&TEXT(O51,"0") -> 2022/2021 | N51: 4097 | O51: 2021
A52: عدد المعلمين | B52: Number of Teachers | C52: M1 | D52: Number | E52: عدد | F52: وزارة التربية والتعليم | G52: Ministry of Education | H52: ='Source Table'!$D$10 -> Male | I52: ='Source Table'!$H$10 -> ذكر | J52: Kinder-garten | K52: الروضة | L52: =TEXT(O52+1,"0")&"/"&TEXT(O52,"0") -> 2021/2020 | M52: =TEXT(O52+1,"0")&"/"&TEXT(O52,"0") -> 2021/2020 | N52: 0 | O52: 2020
A53: عدد المعلمين | B53: Number of Teachers | C53: M1 | D53: Number | E53: عدد | F53: وزارة التربية والتعليم | G53: Ministry of Education | H53: ='Source Table'!$D$11 -> Female | I53: ='Source Table'!$H$11 -> أنثى | J53: Kinder-garten | K53: الروضة | L53: =TEXT(O53+1,"0")&"/"&TEXT(O53,"0") -> 2021/2020 | M53: =TEXT(O53+1,"0")&"/"&TEXT(O53,"0") -> 2021/2020 | N53: 2611 | O53: 2020
A54: عدد المعلمين | B54: Number of Teachers | C54: M1 | D54: Number | E54: عدد | F54: حكومية اخرى | G54: Other Government | H54: ='Source Table'!$D$10 -> Male | I54: ='Source Table'!$H$10 -> ذكر | J54: Kinder-garten | K54: الروضة | L54: =TEXT(O54+1,"0")&"/"&TEXT(O54,"0") -> 2021/2020 | M54: =TEXT(O54+1,"0")&"/"&TEXT(O54,"0") -> 2021/2020 | N54: 0 | O54: 2020
A55: عدد المعلمين | B55: Number of Teachers | C55: M1 | D55: Number | E55: عدد | F55: حكومية اخرى | G55: Other Government | H55: ='Source Table'!$D$11 -> Female | I55: ='Source Table'!$H$11 -> أنثى | J55: Kinder-garten | K55: الروضة | L55: =TEXT(O55+1,"0")&"/"&TEXT(O55,"0") -> 2021/2020 | M55: =TEXT(O55+1,"0")&"/"&TEXT(O55,"0") -> 2021/2020 | N55: 6 | O55: 2020
A56: عدد المعلمين | B56: Number of Teachers | C56: M1 | D56: Number | E56: عدد | F56: وكالة الغوث | G56: UNRWA | H56: ='Source Table'!$D$10 -> Male | I56: ='Source Table'!$H$10 -> ذكر | J56: Kinder-garten | K56: الروضة | L56: =TEXT(O56+1,"0")&"/"&TEXT(O56,"0") -> 2021/2020 | M56: =TEXT(O56+1,"0")&"/"&TEXT(O56,"0") -> 2021/2020 | N56: 0 | O56: 2020
A57: عدد المعلمين | B57: Number of Teachers | C57: M1 | D57: Number | E57: عدد | F57: وكالة الغوث | G57: UNRWA | H57: ='Source Table'!$D$11 -> Female | I57: ='Source Table'!$H$11 -> أنثى | J57: Kinder-garten | K57: الروضة | L57: =TEXT(O57+1,"0")&"/"&TEXT(O57,"0") -> 2021/2020 | M57: =TEXT(O57+1,"0")&"/"&TEXT(O57,"0") -> 2021/2020 | N57: 0 | O57: 2020
A58: عدد المعلمين | B58: Number of Teachers | C58: M1 | D58: Number | E58: عدد | F58: التعليم الخاص | G58: Private Education | H58: ='Source Table'!$D$10 -> Male | I58: ='Source Table'!$H$10 -> ذكر | J58: Kinder-garten | K58: الروضة | L58: =TEXT(O58+1,"0")&"/"&TEXT(O58,"0") -> 2021/2020 | M58: =TEXT(O58+1,"0")&"/"&TEXT(O58,"0") -> 2021/2020 | N58: 0 | O58: 2020
A59: عدد المعلمين | B59: Number of Teachers | C59: M1 | D59: Number | E59: عدد | F59: التعليم الخاص | G59: Private Education | H59: ='Source Table'!$D$11 -> Female | I59: ='Source Table'!$H$11 -> أنثى | J59: Kinder-garten | K59: الروضة | L59: =TEXT(O59+1,"0")&"/"&TEXT(O59,"0") -> 2021/2020 | M59: =TEXT(O59+1,"0")&"/"&TEXT(O59,"0") -> 2021/2020 | N59: 5048 | O59: 2020
A60: عدد المعلمين | B60: Number of Teachers | C60: M1 | D60: Number | E60: عدد | F60: وزارة التربية والتعليم | G60: Ministry of Education | H60: ='Source Table'!$D$10 -> Male | I60: ='Source Table'!$H$10 -> ذكر | J60: Basic | K60: الأساسي | L60: =TEXT(O60+1,"0")&"/"&TEXT(O60,"0") -> 2021/2020 | M60: =TEXT(O60+1,"0")&"/"&TEXT(O60,"0") -> 2021/2020 | N60: 23909 | O60: 2020
A61: عدد المعلمين | B61: Number of Teachers | C61: M1 | D61: Number | E61: عدد | F61: وزارة التربية والتعليم | G61: Ministry of Education | H61: ='Source Table'!$D$11 -> Female | I61: ='Source Table'!$H$11 -> أنثى | J61: Basic | K61: الأساسي | L61: =TEXT(O61+1,"0")&"/"&TEXT(O61,"0") -> 2021/2020 | M61: =TEXT(O61+1,"0")&"/"&TEXT(O61,"0") -> 2021/2020 | N61: 42387 | O61: 2020
A62: عدد المعلمين | B62: Number of Teachers | C62: M1 | D62: Number | E62: عدد | F62: حكومية اخرى | G62: Other Government | H62: ='Source Table'!$D$10 -> Male | I62: ='Source Table'!$H$10 -> ذكر | J62: Basic | K62: الأساسي | L62: =TEXT(O62+1,"0")&"/"&TEXT(O62,"0") -> 2021/2020 | M62: =TEXT(O62+1,"0")&"/"&TEXT(O62,"0") -> 2021/2020 | N62: 1034 | O62: 2020
A63: عدد المعلمين | B63: Number of Teachers | C63: M1 | D63: Number | E63: عدد | F63: حكومية اخرى | G63: Other Government | H63: ='Source Table'!$D$11 -> Female | I63: ='Source Table'!$H$11 -> أنثى | J63: Basic | K63: الأساسي | L63: =TEXT(O63+1,"0")&"/"&TEXT(O63,"0") -> 2021/2020 | M63: =TEXT(O63+1,"0")&"/"&TEXT(O63,"0") -> 2021/2020 | N63: 266 | O63: 2020
A64: عدد المعلمين | B64: Number of Teachers | C64: M1 | D64: Number | E64: عدد | F64: وكالة الغوث | G64: UNRWA | H64: ='Source Table'!$D$10 -> Male | I64: ='Source Table'!$H$10 -> ذكر | J64: Basic | K64: الأساسي | L64: =TEXT(O64+1,"0")&"/"&TEXT(O64,"0") -> 2021/2020 | M64: =TEXT(O64+1,"0")&"/"&TEXT(O64,"0") -> 2021/2020 | N64: 2060 | O64: 2020
A65: عدد المعلمين | B65: Number of Teachers | C65: M1 | D65: Number | E65: عدد | F65: وكالة الغوث | G65: UNRWA | H65: ='Source Table'!$D$11 -> Female | I65: ='Source Table'!$H$11 -> أنثى | J65: Basic | K65: الأساسي | L65: =TEXT(O65+1,"0")&"/"&TEXT(O65,"0") -> 2021/2020 | M65: =TEXT(O65+1,"0")&"/"&TEXT(O65,"0") -> 2021/2020 | N65: 2213 | O65: 2020
A66: عدد المعلمين | B66: Number of Teachers | C66: M1 | D66: Number | E66: عدد | F66: التعليم الخاص | G66: Private Education | H66: ='Source Table'!$D$10 -> Male | I66: ='Source Table'!$H$10 -> ذكر | J66: Basic | K66: الأساسي | L66: =TEXT(O66+1,"0")&"/"&TEXT(O66,"0") -> 2021/2020 | M66: =TEXT(O66+1,"0")&"/"&TEXT(O66,"0") -> 2021/2020 | N66: 2052 | O66: 2020
A67: عدد المعلمين | B67: Number of Teachers | C67: M1 | D67: Number | E67: عدد | F67: التعليم الخاص | G67: Private Education | H67: ='Source Table'!$D$11 -> Female | I67: ='Source Table'!$H$11 -> أنثى | J67: Basic | K67: الأساسي | L67: =TEXT(O67+1,"0")&"/"&TEXT(O67,"0") -> 2021/2020 | M67: =TEXT(O67+1,"0")&"/"&TEXT(O67,"0") -> 2021/2020 | N67: 25984 | O67: 2020
A68: عدد المعلمين | B68: Number of Teachers | C68: M1 | D68: Number | E68: عدد | F68: وزارة التربية والتعليم | G68: Ministry of Education | H68: ='Source Table'!$D$10 -> Male | I68: ='Source Table'!$H$10 -> ذكر | J68: Acadamic and Vocational Secondary | K68: الثانوي الأكاديمي والمهني | L68: =TEXT(O68+1,"0")&"/"&TEXT(O68,"0") -> 2021/2020 | M68: =TEXT(O68+1,"0")&"/"&TEXT(O68,"0") -> 2021/2020 | N68: 7947 | O68: 2020
A69: عدد المعلمين | B69: Number of Teachers | C69: M1 | D69: Number | E69: عدد | F69: وزارة التربية والتعليم | G69: Ministry of Education | H69: ='Source Table'!$D$11 -> Female | I69: ='Source Table'!$H$11 -> أنثى | J69: Acadamic and Vocational Secondary | K69: الثانوي الأكاديمي والمهني | L69: =TEXT(O69+1,"0")&"/"&TEXT(O69,"0") -> 2021/2020 | M69: =TEXT(O69+1,"0")&"/"&TEXT(O69,"0") -> 2021/2020 | N69: 8991 | O69: 2020
A70: عدد المعلمين | B70: Number of Teachers | C70: M1 | D70: Number | E70: عدد | F70: حكومية اخرى | G70: Other Government | H70: ='Source Table'!$D$10 -> Male | I70: ='Source Table'!$H$10 -> ذكر | J70: Acadamic and Vocational Secondary | K70: الثانوي الأكاديمي والمهني | L70: =TEXT(O70+1,"0")&"/"&TEXT(O70,"0") -> 2021/2020 | M70: =TEXT(O70+1,"0")&"/"&TEXT(O70,"0") -> 2021/2020 | N70: 586 | O70: 2020
A71: عدد المعلمين | B71: Number of Teachers | C71: M1 | D71: Number | E71: عدد | F71: حكومية اخرى | G71: Other Government | H71: ='Source Table'!$D$11 -> Female | I71: ='Source Table'!$H$11 -> أنثى | J71: Acadamic and Vocational Secondary | K71: الثانوي الأكاديمي والمهني | L71: =TEXT(O71+1,"0")&"/"&TEXT(O71,"0") -> 2021/2020 | M71: =TEXT(O71+1,"0")&"/"&TEXT(O71,"0") -> 2021/2020 | N71: 69 | O71: 2020
A72: عدد المعلمين | B72: Number of Teachers | C72: M1 | D72: Number | E72: عدد | F72: وكالة الغوث | G72: UNRWA | H72: ='Source Table'!$D$10 -> Male | I72: ='Source Table'!$H$10 -> ذكر | J72: Acadamic and Vocational Secondary | K72: الثانوي الأكاديمي والمهني | L72: =TEXT(O72+1,"0")&"/"&TEXT(O72,"0") -> 2021/2020 | M72: =TEXT(O72+1,"0")&"/"&TEXT(O72,"0") -> 2021/2020 | N72: 0 | O72: 2020
A73: عدد المعلمين | B73: Number of Teachers | C73: M1 | D73: Number | E73: عدد | F73: وكالة الغوث | G73: UNRWA | H73: ='Source Table'!$D$11 -> Female | I73: ='Source Table'!$H$11 -> أنثى | J73: Acadamic and Vocational Secondary | K73: الثانوي الأكاديمي والمهني | L73: =TEXT(O73+1,"0")&"/"&TEXT(O73,"0") -> 2021/2020 | M73: =TEXT(O73+1,"0")&"/"&TEXT(O73,"0") -> 2021/2020 | N73: 0 | O73: 2020
A74: عدد المعلمين | B74: Number of Teachers | C74: M1 | D74: Number | E74: عدد | F74: التعليم الخاص | G74: Private Education | H74: ='Source Table'!$D$10 -> Male | I74: ='Source Table'!$H$10 -> ذكر | J74: Acadamic and Vocational Secondary | K74: الثانوي الأكاديمي والمهني | L74: =TEXT(O74+1,"0")&"/"&TEXT(O74,"0") -> 2021/2020 | M74: =TEXT(O74+1,"0")&"/"&TEXT(O74,"0") -> 2021/2020 | N74: 2065 | O74: 2020
A75: عدد المعلمين | B75: Number of Teachers | C75: M1 | D75: Number | E75: عدد | F75: التعليم الخاص | G75: Private Education | H75: ='Source Table'!$D$11 -> Female | I75: ='Source Table'!$H$11 -> أنثى | J75: Acadamic and Vocational Secondary | K75: الثانوي الأكاديمي والمهني | L75: =TEXT(O75+1,"0")&"/"&TEXT(O75,"0") -> 2021/2020 | M75: =TEXT(O75+1,"0")&"/"&TEXT(O75,"0") -> 2021/2020 | N75: 2861 | O75: 2020
A76: عدد المعلمين | B76: Number of Teachers | C76: M1 | D76: Number | E76: عدد | F76: وزارة التربية والتعليم | G76: Ministry of Education | H76: ='Source Table'!$D$10 -> Male | I76: ='Source Table'!$H$10 -> ذكر | J76: Kinder-garten | K76: الروضة | L76: =TEXT(O76+1,"0")&"/"&TEXT(O76,"0") -> 2020/2019 | M76: =TEXT(O76+1,"0")&"/"&TEXT(O76,"0") -> 2020/2019 | N76: 0 | O76: 2019
A77: عدد المعلمين | B77: Number of Teachers | C77: M1 | D77: Number | E77: عدد | F77: وزارة التربية والتعليم | G77: Ministry of Education | H77: ='Source Table'!$D$11 -> Female | I77: ='Source Table'!$H$11 -> أنثى | J77: Kinder-garten | K77: الروضة | L77: =TEXT(O77+1,"0")&"/"&TEXT(O77,"0") -> 2020/2019 | M77: =TEXT(O77+1,"0")&"/"&TEXT(O77,"0") -> 2020/2019 | N77: 2110 | O77: 2019
A78: عدد المعلمين | B78: Number of Teachers | C78: M1 | D78: Number | E78: عدد | F78: حكومية اخرى | G78: Other Government | H78: ='Source Table'!$D$10 -> Male | I78: ='Source Table'!$H$10 -> ذكر | J78: Kinder-garten | K78: الروضة | L78: =TEXT(O78+1,"0")&"/"&TEXT(O78,"0") -> 2020/2019 | M78: =TEXT(O78+1,"0")&"/"&TEXT(O78,"0") -> 2020/2019 | N78: 0 | O78: 2019
A79: عدد المعلمين | B79: Number of Teachers | C79: M1 | D79: Number | E79: عدد | F79: حكومية اخرى | G79: Other Government | H79: ='Source Table'!$D$11 -> Female | I79: ='Source Table'!$H$11 -> أنثى | J79: Kinder-garten | K79: الروضة | L79: =TEXT(O79+1,"0")&"/"&TEXT(O79,"0") -> 2020/2019 | M79: =TEXT(O79+1,"0")&"/"&TEXT(O79,"0") -> 2020/2019 | N79: 12 | O79: 2019
A80: عدد المعلمين | B80: Number of Teachers | C80: M1 | D80: Number | E80: عدد | F80: وكالة الغوث | G80: UNRWA | H80: ='Source Table'!$D$10 -> Male | I80: ='Source Table'!$H$10 -> ذكر | J80: Kinder-garten | K80: الروضة | L80: =TEXT(O80+1,"0")&"/"&TEXT(O80,"0") -> 2020/2019 | M80: =TEXT(O80+1,"0")&"/"&TEXT(O80,"0") -> 2020/2019 | N80: 0 | O80: 2019
A81: عدد المعلمين | B81: Number of Teachers | C81: M1 | D81: Number | E81: عدد | F81: وكالة الغوث | G81: UNRWA | H81: ='Source Table'!$D$11 -> Female | I81: ='Source Table'!$H$11 -> أنثى | J81: Kinder-garten | K81: الروضة | L81: =TEXT(O81+1,"0")&"/"&TEXT(O81,"0") -> 2020/2019 | M81: =TEXT(O81+1,"0")&"/"&TEXT(O81,"0") -> 2020/2019 | N81: 0 | O81: 2019
A82: عدد المعلمين | B82: Number of Teachers | C82: M1 | D82: Number | E82: عدد | F82: التعليم الخاص | G82: Private Education | H82: ='Source Table'!$D$10 -> Male | I82: ='Source Table'!$H$10 -> ذكر | J82: Kinder-garten | K82: الروضة | L82: =TEXT(O82+1,"0")&"/"&TEXT(O82,"0") -> 2020/2019 | M82: =TEXT(O82+1,"0")&"/"&TEXT(O82,"0") -> 2020/2019 | N82: 0 | O82: 2019
A83: عدد المعلمين | B83: Number of Teachers | C83: M1 | D83: Number | E83: عدد | F83: التعليم الخاص | G83: Private Education | H83: ='Source Table'!$D$11 -> Female | I83: ='Source Table'!$H$11 -> أنثى | J83: Kinder-garten | K83: الروضة | L83: =TEXT(O83+1,"0")&"/"&TEXT(O83,"0") -> 2020/2019 | M83: =TEXT(O83+1,"0")&"/"&TEXT(O83,"0") -> 2020/2019 | N83: 6620 | O83: 2019
A84: عدد المعلمين | B84: Number of Teachers | C84: M1 | D84: Number | E84: عدد | F84: وزارة التربية والتعليم | G84: Ministry of Education | H84: ='Source Table'!$D$10 -> Male | I84: ='Source Table'!$H$10 -> ذكر | J84: Basic | K84: الأساسي | L84: =TEXT(O84+1,"0")&"/"&TEXT(O84,"0") -> 2020/2019 | M84: =TEXT(O84+1,"0")&"/"&TEXT(O84,"0") -> 2020/2019 | N84: 25123 | O84: 2019
A85: عدد المعلمين | B85: Number of Teachers | C85: M1 | D85: Number | E85: عدد | F85: وزارة التربية والتعليم | G85: Ministry of Education | H85: ='Source Table'!$D$11 -> Female | I85: ='Source Table'!$H$11 -> أنثى | J85: Basic | K85: الأساسي | L85: =TEXT(O85+1,"0")&"/"&TEXT(O85,"0") -> 2020/2019 | M85: =TEXT(O85+1,"0")&"/"&TEXT(O85,"0") -> 2020/2019 | N85: 44383 | O85: 2019
A86: عدد المعلمين | B86: Number of Teachers | C86: M1 | D86: Number | E86: عدد | F86: حكومية اخرى | G86: Other Government | H86: ='Source Table'!$D$10 -> Male | I86: ='Source Table'!$H$10 -> ذكر | J86: Basic | K86: الأساسي | L86: =TEXT(O86+1,"0")&"/"&TEXT(O86,"0") -> 2020/2019 | M86: =TEXT(O86+1,"0")&"/"&TEXT(O86,"0") -> 2020/2019 | N86: 849 | O86: 2019
A87: عدد المعلمين | B87: Number of Teachers | C87: M1 | D87: Number | E87: عدد | F87: حكومية اخرى | G87: Other Government | H87: ='Source Table'!$D$11 -> Female | I87: ='Source Table'!$H$11 -> أنثى | J87: Basic | K87: الأساسي | L87: =TEXT(O87+1,"0")&"/"&TEXT(O87,"0") -> 2020/2019 | M87: =TEXT(O87+1,"0")&"/"&TEXT(O87,"0") -> 2020/2019 | N87: 238 | O87: 2019
A88: عدد المعلمين | B88: Number of Teachers | C88: M1 | D88: Number | E88: عدد | F88: وكالة الغوث | G88: UNRWA | H88: ='Source Table'!$D$10 -> Male | I88: ='Source Table'!$H$10 -> ذكر | J88: Basic | K88: الأساسي | L88: =TEXT(O88+1,"0")&"/"&TEXT(O88,"0") -> 2020/2019 | M88: =TEXT(O88+1,"0")&"/"&TEXT(O88,"0") -> 2020/2019 | N88: 2150 | O88: 2019
A89: عدد المعلمين | B89: Number of Teachers | C89: M1 | D89: Number | E89: عدد | F89: وكالة الغوث | G89: UNRWA | H89: ='Source Table'!$D$11 -> Female | I89: ='Source Table'!$H$11 -> أنثى | J89: Basic | K89: الأساسي | L89: =TEXT(O89+1,"0")&"/"&TEXT(O89,"0") -> 2020/2019 | M89: =TEXT(O89+1,"0")&"/"&TEXT(O89,"0") -> 2020/2019 | N89: 2293 | O89: 2019
A90: عدد المعلمين | B90: Number of Teachers | C90: M1 | D90: Number | E90: عدد | F90: التعليم الخاص | G90: Private Education | H90: ='Source Table'!$D$10 -> Male | I90: ='Source Table'!$H$10 -> ذكر | J90: Basic | K90: الأساسي | L90: =TEXT(O90+1,"0")&"/"&TEXT(O90,"0") -> 2020/2019 | M90: =TEXT(O90+1,"0")&"/"&TEXT(O90,"0") -> 2020/2019 | N90: 3341 | O90: 2019
A91: عدد المعلمين | B91: Number of Teachers | C91: M1 | D91: Number | E91: عدد | F91: التعليم الخاص | G91: Private Education | H91: ='Source Table'!$D$11 -> Female | I91: ='Source Table'!$H$11 -> أنثى | J91: Basic | K91: الأساسي | L91: =TEXT(O91+1,"0")&"/"&TEXT(O91,"0") -> 2020/2019 | M91: =TEXT(O91+1,"0")&"/"&TEXT(O91,"0") -> 2020/2019 | N91: 28384 | O91: 2019
A92: عدد المعلمين | B92: Number of Teachers | C92: M1 | D92: Number | E92: عدد | F92: وزارة التربية والتعليم | G92: Ministry of Education | H92: ='Source Table'!$D$10 -> Male | I92: ='Source Table'!$H$10 -> ذكر | J92: Acadamic and Vocational Secondary | K92: الثانوي الأكاديمي والمهني | L92: =TEXT(O92+1,"0")&"/"&TEXT(O92,"0") -> 2020/2019 | M92: =TEXT(O92+1,"0")&"/"&TEXT(O92,"0") -> 2020/2019 | N92: 8619 | O92: 2019
A93: عدد المعلمين | B93: Number of Teachers | C93: M1 | D93: Number | E93: عدد | F93: وزارة التربية والتعليم | G93: Ministry of Education | H93: ='Source Table'!$D$11 -> Female | I93: ='Source Table'!$H$11 -> أنثى | J93: Acadamic and Vocational Secondary | K93: الثانوي الأكاديمي والمهني | L93: =TEXT(O93+1,"0")&"/"&TEXT(O93,"0") -> 2020/2019 | M93: =TEXT(O93+1,"0")&"/"&TEXT(O93,"0") -> 2020/2019 | N93: 10332 | O93: 2019
A94: عدد المعلمين | B94: Number of Teachers | C94: M1 | D94: Number | E94: عدد | F94: حكومية اخرى | G94: Other Government | H94: ='Source Table'!$D$10 -> Male | I94: ='Source Table'!$H$10 -> ذكر | J94: Acadamic and Vocational Secondary | K94: الثانوي الأكاديمي والمهني | L94: =TEXT(O94+1,"0")&"/"&TEXT(O94,"0") -> 2020/2019 | M94: =TEXT(O94+1,"0")&"/"&TEXT(O94,"0") -> 2020/2019 | N94: 839 | O94: 2019
A95: عدد المعلمين | B95: Number of Teachers | C95: M1 | D95: Number | E95: عدد | F95: حكومية اخرى | G95: Other Government | H95: ='Source Table'!$D$11 -> Female | I95: ='Source Table'!$H$11 -> أنثى | J95: Acadamic and Vocational Secondary | K95: الثانوي الأكاديمي والمهني | L95: =TEXT(O95+1,"0")&"/"&TEXT(O95,"0") -> 2020/2019 | M95: =TEXT(O95+1,"0")&"/"&TEXT(O95,"0") -> 2020/2019 | N95: 95 | O95: 2019
A96: عدد المعلمين | B96: Number of Teachers | C96: M1 | D96: Number | E96: عدد | F96: وكالة الغوث | G96: UNRWA | H96: ='Source Table'!$D$10 -> Male | I96: ='Source Table'!$H$10 -> ذكر | J96: Acadamic and Vocational Secondary | K96: الثانوي الأكاديمي والمهني | L96: =TEXT(O96+1,"0")&"/"&TEXT(O96,"0") -> 2020/2019 | M96: =TEXT(O96+1,"0")&"/"&TEXT(O96,"0") -> 2020/2019 | N96: 0 | O96: 2019
A97: عدد المعلمين | B97: Number of Teachers | C97: M1 | D97: Number | E97: عدد | F97: وكالة الغوث | G97: UNRWA | H97: ='Source Table'!$D$11 -> Female | I97: ='Source Table'!$H$11 -> أنثى | J97: Acadamic and Vocational Secondary | K97: الثانوي الأكاديمي والمهني | L97: =TEXT(O97+1,"0")&"/"&TEXT(O97,"0") -> 2020/2019 | M97: =TEXT(O97+1,"0")&"/"&TEXT(O97,"0") -> 2020/2019 | N97: 0 | O97: 2019
A98: عدد المعلمين | B98: Number of Teachers | C98: M1 | D98: Number | E98: عدد | F98: التعليم الخاص | G98: Private Education | H98: ='Source Table'!$D$10 -> Male | I98: ='Source Table'!$H$10 -> ذكر | J98: Acadamic and Vocational Secondary | K98: الثانوي الأكاديمي والمهني | L98: =TEXT(O98+1,"0")&"/"&TEXT(O98,"0") -> 2020/2019 | M98: =TEXT(O98+1,"0")&"/"&TEXT(O98,"0") -> 2020/2019 | N98: 1113 | O98: 2019
A99: عدد المعلمين | B99: Number of Teachers | C99: M1 | D99: Number | E99: عدد | F99: التعليم الخاص | G99: Private Education | H99: ='Source Table'!$D$11 -> Female | I99: ='Source Table'!$H$11 -> أنثى | J99: Acadamic and Vocational Secondary | K99: الثانوي الأكاديمي والمهني | L99: =TEXT(O99+1,"0")&"/"&TEXT(O99,"0") -> 2020/2019 | M99: =TEXT(O99+1,"0")&"/"&TEXT(O99,"0") -> 2020/2019 | N99: 3747 | O99: 2019
A100: عدد المعلمين | B100: Number of Teachers | C100: M1 | D100: Number | E100: عدد | F100: وزارة التربية والتعليم | G100: Ministry of Education | H100: ='Source Table'!$D$10 -> Male | I100: ='Source Table'!$H$10 -> ذكر | J100: Kinder-garten | K100: الروضة | L100: =TEXT(O100+1,"0")&"/"&TEXT(O100,"0") -> 2019/2018 | M100: =TEXT(O100+1,"0")&"/"&TEXT(O100,"0") -> 2019/2018 | N100: 0 | O100: 2018
...

Sheet Template Data
A1: Date | B1: =DATE(B2,B3,1) -> 45292
A2: Year | B2: 2024
A3: Month | B3: 1
A4: Measure_Name_Ar | B4: Measure_Name_En | C4: Measure_ID | D4: Unit_EN | E4: Unit_AR | F4: CL_AUTHORITY_OF_SUPERVISION_EN_V1 | G4: CL_AUTHORITY_OF_SUPERVISION_AR_V1 | H4: CL_EDU_SEX_EN_V1 | I4: CL_EDU_SEX_AR_V1 | J4: CL_EDU_STAGE_EN_V1 | K4: CL_EDU_STAGE_AR_V1 | L4: CL_EDU_YEARS_AR_V1 | M4: CL_EDU_YEARS_EN_V1 | N4: Obs_Value | O4: Time_Period_Y | P4: Time_Period_M
A5: اسم المؤشر | B5: Measure Name | C5: رمز المؤشر | D5: Unit | E5: الوحدة | F5: Authority of Supervision | G5: السلطة المشرفة | H5: Sex | I5: الجنس | J5: Educational Stage | K5: المرحلة التعليمية | L5: السنة الدراسية | M5: Educational Year | N5: قيمة المؤشر | O5: سنة فترة القياس | P5: شهر فترة القياس

Sheet Help
A2: Step 1: Cover Page | C2: الخطوة 1: Cover Page
A4: Update the template information, to ensure that any meta-information about the template, such as the title, version, and description, is accurate and up-to-date. | C4: قم بتحديث معلومات القالب للتأكد من أن أي معلومات وصفية حول القالب، مثل العنوان والإصدار والوصف، دقيقة ومحدثة.
A6: Step 2: Source Table | C6: الخطوة 2: Source Table
A8: Design your template, ensuring that the time period is mapped correctly to the date information in rows 1-3 of the Template Data Sheet. | C8: قم بتصميم القالب الخاص بك، مع التأكد من أن فترة الوقت مرتبطة بشكل صحيح مع معلومات التاريخ في الصفوف 1-3 في ورقة Template Data.
A10: Step 3: Relational Sheet | C10: الخطوة 3: Relational Sheet
A12: Unpivot the data in the source table into a flat format. Follow these guidelines: | C12: قم بتحويل البيانات في جدول المصدر إلى تنسيق مسطح. اتبع هذه الإرشادات:
A13: 1. Blue Columns: Do not change the names of the blue columns. Update the data as per the current template. | C13: 1. الأعمدة الزرقاء: لا تقم بتغيير أسماء الأعمدة الزرقاء. قم بتحديث البيانات وفقًا للقالب الحالي.
A14: 2. Code Lists: Use the naming convention CL_XXX_EN_V# for code lists, where XXX is the name, and V# is the version, conforming with the definitions in the data dictionary. | C14: 2. قوائم الرموز: استخدم قاعدة التسمية CL_XXX_EN_V# لقوائم الرموز، حيث أن XXX هو الاسم و V# هو الإصدار، وفقًا للتعريفات في قاموس البيانات.
A15: 3. Code List Values: Ensure the code list values match the definitions in the data dictionary. | C15: 3. قيم قائمة الرموز: تأكد من أن قيم قائمة الرموز تتوافق مع التعريفات في قاموس البيانات.
A16: 4. Time_Period_M: Leave empty if the data frequency is yearly. | C16: 4. Time_Period_M: اتركها فارغة إذا كانت دورية البيانات سنوية.
A17: 5. Time_Period_M Format: Use one of these formats: | C17: 5. تنسيق Time_Period_M: استخدم أحد التنسيقات التالية:
A18: Numeric: (1, 2, 3, ..., 12) for months. | C18: رقمي: (1، 2، 3، ...، 12) للأشهر.
... A38: Protect the entire workbook to prevent unauthorized or accidental changes to the structure of the file. | C38: قم بحماية الكتاب بأكمله لمنع التغييرات غير المصرح بها أو غير المقصودة على هيكل الملف.
