Workbook

Sheet Cover Page
A1: Code | B1: SYB_20_5
A2: Version | B2: V1
A3: اسم القالب | B3: حجم الاستثمارات المستفيدة من قانون الاستثمار حسب جنسية الاستثمار,(مليون دينار)
A4: Template Name | B4: Size of Projects Investment Beneficiaries from Investment Promotion Law by Nationality,(Million JDs)
A5: دورية البيانات | B5: سنوي
A6: Data Frequency | B6: Annual
A7: الجهة المصدرية | B7: وزارة الاستثمار
A8: Data Source | B8: Ministry of Investment

Sheet Source Table
B2: ='Cover Page'!B4 -> Size of Projects Investment Beneficiaries from Investment Promotion Law by Nationality,(Million JDs)
B3: ='Cover Page'!B3 -> حجم الاستثمارات المستفيدة من قانون الاستثمار حسب جنسية الاستثمار,(مليون دينار)
B4: Year | C4: =YEAR('Template Data'!B1) -> 2024 | E4: السنة
B5: Sector | C5: الاستثمار الاجنبي | D5: الاستثمار المحلي | E5: القطاع
C6: Foreign investment | D6: local investment
B7: Industry | E7: الصناعة
B8: Commerce | E8: التجارة
B9: Tourism | E9: السياحة
B10: Agriculture | E10: الزراعة
B11: Hospitals | E11: المستشفيات
B12: Services | E12: الخدمات
B13: Information Technology | E13: تكنولوجيا المعلومات
B14: Artistic production | E14: انتاج فني
B15: Gas transportation and distribution | E15: نقل وتوزيع الغاز
B16: call centers | E16: مراكز اتصال
B17: Scientific research centers | E17: مراكز بحث علمي

Sheet Relational DB
A1: Relational Sheet
A2: Measure_Name_Ar | B2: Measure_Name_En | C2: Measure_ID | D2: Unit_EN | E2: Unit_AR | F2: CL_SECTOR__EN_V3 | G2: CL_SECTOR__AR_V3 | H2: CL_INV_NAT_EN_V1 | I2: CL_INV_NAT_AR_V1 | J2: Obs_Value | K2: Time_Period_Y | L2: Time_Period_M
A3: اسم المؤشر | B3: Measure Name | C3: رمز المؤشر | D3: Unit | E3: الوحدة | F3: Sector | G3: القطاع | H3: Investment Nationality | I3: جنسية الاستثمار | J3: قيمة المؤشر | K3: سنة فترة القياس | L3: شهر فترة القياس
A4: حجم الاستثمارات المستفيدة من قانون الاستثمار | B4: Size of Projects Investment Beneficiaries from Investment Promotion Law | C4: M1 | D4: Million JDs | E4: مليون دينار | F4: ='Source Table'!$B$7 -> Industry | G4: ='Source Table'!$E$7 -> الصناعة | H4: ='Source Table'!$D$6 -> local investment | I4: ='Source Table'!$D$5 -> الاستثمار المحلي | J4: 610.1 | K4: 2023
A5: حجم الاستثمارات المستفيدة من قانون الاستثمار | B5: Size of Projects Investment Beneficiaries from Investment Promotion Law | C5: M1 | D5: Million JDs | E5: مليون دينار | F5: ='Source Table'!$B$8 -> Commerce | G5: ='Source Table'!$E$8 -> التجارة | H5: ='Source Table'!$D$6 -> local investment | I5: ='Source Table'!$D$5 -> الاستثمار المحلي | J5: 184.5 | K5: 2023
A6: حجم الاستثمارات المستفيدة من قانون الاستثمار | B6: Size of Projects Investment Beneficiaries from Investment Promotion Law | C6: M1 | D6: Million JDs | E6: مليون دينار | F6: ='Source Table'!$B$9 -> Tourism | G6: ='Source Table'!$E$9 -> السياحة | H6: ='Source Table'!$D$6 -> local investment | I6: ='Source Table'!$D$5 -> الاستثمار المحلي | J6: 59.8 | K6: 2023
A7: حجم الاستثمارات المستفيدة من قانون الاستثمار | B7: Size of Projects Investment Beneficiaries from Investment Promotion Law | C7: M1 | D7: Million JDs | E7: مليون دينار | F7: ='Source Table'!$B$10 -> Agriculture | G7: ='Source Table'!$E$10 -> الزراعة | H7: ='Source Table'!$D$6 -> local investment | I7: ='Source Table'!$D$5 -> الاستثمار المحلي | J7: 13.9 | K7: 2023
A8: حجم الاستثمارات المستفيدة من قانون الاستثمار | B8: Size of Projects Investment Beneficiaries from Investment Promotion Law | C8: M1 | D8: Million JDs | E8: مليون دينار | F8: ='Source Table'!$B$11 -> Hospitals | G8: ='Source Table'!$E$11 -> المستشفيات | H8: ='Source Table'!$D$6 -> local investment | I8: ='Source Table'!$D$5 -> الاستثمار المحلي | J8: 59.7 | K8: 2023
A9: حجم الاستثمارات المستفيدة من قانون الاستثمار | B9: Size of Projects Investment Beneficiaries from Investment Promotion Law | C9: M1 | D9: Million JDs | E9: مليون دينار | F9: ='Source Table'!$B$12 -> Services | G9: ='Source Table'!$E$12 -> الخدمات | H9: ='Source Table'!$D$6 -> local investment | I9: ='Source Table'!$D$5 -> الاستثمار المحلي | J9: 18.2 | K9: 2023
A10: حجم الاستثمارات المستفيدة من قانون الاستثمار | B10: Size of Projects Investment Beneficiaries from Investment Promotion Law | C10: M1 | D10: Million JDs | E10: مليون دينار | F10: ='Source Table'!$B$13 -> Information Technology | G10: ='Source Table'!$E$13 -> تكنولوجيا المعلومات | H10: ='Source Table'!$D$6 -> local investment | I10: ='Source Table'!$D$5 -> الاستثمار المحلي | J10: 32.4 | K10: 2023
A11: حجم الاستثمارات المستفيدة من قانون الاستثمار | B11: Size of Projects Investment Beneficiaries from Investment Promotion Law | C11: M1 | D11: Million JDs | E11: مليون دينار | F11: ='Source Table'!$B$14 -> Artistic production | G11: ='Source Table'!$E$14 -> انتاج فني | H11: ='Source Table'!$D$6 -> local investment | I11: ='Source Table'!$D$5 -> الاستثمار المحلي | J11: 10 | K11: 2023
A12: حجم الاستثمارات المستفيدة من قانون الاستثمار | B12: Size of Projects Investment Beneficiaries from Investment Promotion Law | C12: M1 | D12: Million JDs | E12: مليون دينار | F12: ='Source Table'!$B$15 -> Gas transportation and distribution | G12: ='Source Table'!$E$15 -> نقل وتوزيع الغاز | H12: ='Source Table'!$D$6 -> local investment | I12: ='Source Table'!$D$5 -> الاستثمار المحلي | J12: 19 | K12: 2023
A13: حجم الاستثمارات المستفيدة من قانون الاستثمار | B13: Size of Projects Investment Beneficiaries from Investment Promotion Law | C13: M1 | D13: Million JDs | E13: مليون دينار | F13: ='Source Table'!$B$16 -> call centers | G13: ='Source Table'!$E$16 -> مراكز اتصال | H13: ='Source Table'!$D$6 -> local investment | I13: ='Source Table'!$D$5 -> الاستثمار المحلي | J13: 0 | K13: 2023
A14: حجم الاستثمارات المستفيدة من قانون الاستثمار | B14: Size of Projects Investment Beneficiaries from Investment Promotion Law | C14: M1 | D14: Million JDs | E14: مليون دينار | F14: ='Source Table'!$B$17 -> Scientific research centers | G14: ='Source Table'!$E$17 -> مراكز بحث علمي | H14: ='Source Table'!$D$6 -> local investment | I14: ='Source Table'!$D$5 -> الاستثمار المحلي | J14: 0.1 | K14: 2023
A15: حجم الاستثمارات المستفيدة من قانون الاستثمار | B15: Size of Projects Investment Beneficiaries from Investment Promotion Law | C15: M1 | D15: Million JDs | E15: مليون دينار | F15: ='Source Table'!$B$7 -> Industry | G15: ='Source Table'!$E$7 -> الصناعة | H15: ='Source Table'!$C$6 -> Foreign investment | I15: ='Source Table'!$C$5 -> الاستثمار الاجنبي | J15: 45.8 | K15: 2023
A16: حجم الاستثمارات المستفيدة من قانون الاستثمار | B16: Size of Projects Investment Beneficiaries from Investment Promotion Law | C16: M1 | D16: Million JDs | E16: مليون دينار | F16: ='Source Table'!$B$8 -> Commerce | G16: ='Source Table'!$E$8 -> التجارة | H16: ='Source Table'!$C$6 -> Foreign investment | I16: ='Source Table'!$C$5 -> الاستثمار الاجنبي | J16: 0 | K16: 2023
A17: حجم الاستثمارات المستفيدة من قانون الاستثمار | B17: Size of Projects Investment Beneficiaries from Investment Promotion Law | C17: M1 | D17: Million JDs | E17: مليون دينار | F17: ='Source Table'!$B$9 -> Tourism | G17: ='Source Table'!$E$9 -> السياحة | H17: ='Source Table'!$C$6 -> Foreign investment | I17: ='Source Table'!$C$5 -> الاستثمار الاجنبي | J17: 0 | K17: 2023
A18: حجم الاستثمارات المستفيدة من قانون الاستثمار | B18: Size of Projects Investment Beneficiaries from Investment Promotion Law | C18: M1 | D18: Million JDs | E18: مليون دينار | F18: ='Source Table'!$B$10 -> Agriculture | G18: ='Source Table'!$E$10 -> الزراعة | H18: ='Source Table'!$C$6 -> Foreign investment | I18: ='Source Table'!$C$5 -> الاستثمار الاجنبي | J18: 1.5 | K18: 2023
A19: حجم الاستثمارات المستفيدة من قانون الاستثمار | B19: Size of Projects Investment Beneficiaries from Investment Promotion Law | C19: M1 | D19: Million JDs | E19: مليون دينار | F19: ='Source Table'!$B$11 -> Hospitals | G19: ='Source Table'!$E$11 -> المستشفيات | H19: ='Source Table'!$C$6 -> Foreign investment | I19: ='Source Table'!$C$5 -> الاستثمار الاجنبي | J19: 0 | K19: 2023
A20: حجم الاستثمارات المستفيدة من قانون الاستثمار | B20: Size of Projects Investment Beneficiaries from Investment Promotion Law | C20: M1 | D20: Million JDs | E20: مليون دينار | F20: ='Source Table'!$B$12 -> Services | G20: ='Source Table'!$E$12 -> الخدمات | H20: ='Source Table'!$C$6 -> Foreign investment | I20: ='Source Table'!$C$5 -> الاستثمار الاجنبي | J20: 1 | K20: 2023
A21: حجم الاستثمارات المستفيدة من قانون الاستثمار | B21: Size of Projects Investment Beneficiaries from Investment Promotion Law | C21: M1 | D21: Million JDs | E21: مليون دينار | F21: ='Source Table'!$B$13 -> Information Technology | G21: ='Source Table'!$E$13 -> تكنولوجيا المعلومات | H21: ='Source Table'!$C$6 -> Foreign investment | I21: ='Source Table'!$C$5 -> الاستثمار الاجنبي | J21: 1.4 | K21: 2023
A22: حجم الاستثمارات المستفيدة من قانون الاستثمار | B22: Size of Projects Investment Beneficiaries from Investment Promotion Law | C22: M1 | D22: Million JDs | E22: مليون دينار | F22: ='Source Table'!$B$14 -> Artistic production | G22: ='Source Table'!$E$14 -> انتاج فني | H22: ='Source Table'!$C$6 -> Foreign investment | I22: ='Source Table'!$C$5 -> الاستثمار الاجنبي | J22: 0 | K22: 2023
A23: حجم الاستثمارات المستفيدة من قانون الاستثمار | B23: Size of Projects Investment Beneficiaries from Investment Promotion Law | C23: M1 | D23: Million JDs | E23: مليون دينار | F23: ='Source Table'!$B$15 -> Gas transportation and distribution | G23: ='Source Table'!$E$15 -> نقل وتوزيع الغاز | H23: ='Source Table'!$C$6 -> Foreign investment | I23: ='Source Table'!$C$5 -> الاستثمار الاجنبي | J23: 0 | K23: 2023
A24: حجم الاستثمارات المستفيدة من قانون الاستثمار | B24: Size of Projects Investment Beneficiaries from Investment Promotion Law | C24: M1 | D24: Million JDs | E24: مليون دينار | F24: ='Source Table'!$B$16 -> call centers | G24: ='Source Table'!$E$16 -> مراكز اتصال | H24: ='Source Table'!$C$6 -> Foreign investment | I24: ='Source Table'!$C$5 -> الاستثمار الاجنبي | J24: 0 | K24: 2023
A25: حجم الاستثمارات المستفيدة من قانون الاستثمار | B25: Size of Projects Investment Beneficiaries from Investment Promotion Law | C25: M1 | D25: Million JDs | E25: مليون دينار | F25: ='Source Table'!$B$17 -> Scientific research centers | G25: ='Source Table'!$E$17 -> مراكز بحث علمي | H25: ='Source Table'!$C$6 -> Foreign investment | I25: ='Source Table'!$C$5 -> الاستثمار الاجنبي | J25: 0 | K25: 2023
A26: حجم الاستثمارات المستفيدة من قانون الاستثمار | B26: Size of Projects Investment Beneficiaries from Investment Promotion Law | C26: M1 | D26: Million JDs | E26: مليون دينار | F26: ='Source Table'!$B$7 -> Industry | G26: ='Source Table'!$E$7 -> الصناعة | H26: Total investment | I26: الاستثمار الكلي | J26: 655.9 | K26: 2023
A27: حجم الاستثمارات المستفيدة من قانون الاستثمار | B27: Size of Projects Investment Beneficiaries from Investment Promotion Law | C27: M1 | D27: Million JDs | E27: مليون دينار | F27: ='Source Table'!$B$8 -> Commerce | G27: ='Source Table'!$E$8 -> التجارة | H27: Total investment | I27: الاستثمار الكلي | J27: 184.5 | K27: 2023
A28: حجم الاستثمارات المستفيدة من قانون الاستثمار | B28: Size of Projects Investment Beneficiaries from Investment Promotion Law | C28: M1 | D28: Million JDs | E28: مليون دينار | F28: ='Source Table'!$B$9 -> Tourism | G28: ='Source Table'!$E$9 -> السياحة | H28: Total investment | I28: الاستثمار الكلي | J28: 59.8 | K28: 2023
A29: حجم الاستثمارات المستفيدة من قانون الاستثمار | B29: Size of Projects Investment Beneficiaries from Investment Promotion Law | C29: M1 | D29: Million JDs | E29: مليون دينار | F29: ='Source Table'!$B$10 -> Agriculture | G29: ='Source Table'!$E$10 -> الزراعة | H29: Total investment | I29: الاستثمار الكلي | J29: 15.4 | K29: 2023
A30: حجم الاستثمارات المستفيدة من قانون الاستثمار | B30: Size of Projects Investment Beneficiaries from Investment Promotion Law | C30: M1 | D30: Million JDs | E30: مليون دينار | F30: ='Source Table'!$B$11 -> Hospitals | G30: ='Source Table'!$E$11 -> المستشفيات | H30: Total investment | I30: الاستثمار الكلي | J30: 59.7 | K30: 2023
A31: حجم الاستثمارات المستفيدة من قانون الاستثمار | B31: Size of Projects Investment Beneficiaries from Investment Promotion Law | C31: M1 | D31: Million JDs | E31: مليون دينار | F31: ='Source Table'!$B$12 -> Services | G31: ='Source Table'!$E$12 -> الخدمات | H31: Total investment | I31: الاستثمار الكلي | J31: 19.2 | K31: 2023
A32: حجم الاستثمارات المستفيدة من قانون الاستثمار | B32: Size of Projects Investment Beneficiaries from Investment Promotion Law | C32: M1 | D32: Million JDs | E32: مليون دينار | F32: ='Source Table'!$B$13 -> Information Technology | G32: ='Source Table'!$E$13 -> تكنولوجيا المعلومات | H32: Total investment | I32: الاستثمار الكلي | J32: 33.9 | K32: 2023
A33: حجم الاستثمارات المستفيدة من قانون الاستثمار | B33: Size of Projects Investment Beneficiaries from Investment Promotion Law | C33: M1 | D33: Million JDs | E33: مليون دينار | F33: ='Source Table'!$B$14 -> Artistic production | G33: ='Source Table'!$E$14 -> انتاج فني | H33: Total investment | I33: الاستثمار الكلي | J33: 10 | K33: 2023
A34: حجم الاستثمارات المستفيدة من قانون الاستثمار | B34: Size of Projects Investment Beneficiaries from Investment Promotion Law | C34: M1 | D34: Million JDs | E34: مليون دينار | F34: ='Source Table'!$B$15 -> Gas transportation and distribution | G34: ='Source Table'!$E$15 -> نقل وتوزيع الغاز | H34: Total investment | I34: الاستثمار الكلي | J34: 19 | K34: 2023
A35: حجم الاستثمارات المستفيدة من قانون الاستثمار | B35: Size of Projects Investment Beneficiaries from Investment Promotion Law | C35: M1 | D35: Million JDs | E35: مليون دينار | F35: ='Source Table'!$B$16 -> call centers | G35: ='Source Table'!$E$16 -> مراكز اتصال | H35: Total investment | I35: الاستثمار الكلي | J35: 0 | K35: 2023
A36: حجم الاستثمارات المستفيدة من قانون الاستثمار | B36: Size of Projects Investment Beneficiaries from Investment Promotion Law | C36: M1 | D36: Million JDs | E36: مليون دينار | F36: ='Source Table'!$B$17 -> Scientific research centers | G36: ='Source Table'!$E$17 -> مراكز بحث علمي | H36: Total investment | I36: الاستثمار الكلي | J36: 0.1 | K36: 2023
A37: حجم الاستثمارات المستفيدة من قانون الاستثمار | B37: Size of Projects Investment Beneficiaries from Investment Promotion Law | C37: M1 | D37: Million JDs | E37: مليون دينار | F37: ='Source Table'!$B$7 -> Industry | G37: ='Source Table'!$E$7 -> الصناعة | H37: ='Source Table'!$D$6 -> local investment | I37: ='Source Table'!$D$5 -> الاستثمار المحلي | J37: 544 | K37: 2022
A38: حجم الاستثمارات المستفيدة من قانون الاستثمار | B38: Size of Projects Investment Beneficiaries from Investment Promotion Law | C38: M1 | D38: Million JDs | E38: مليون دينار | F38: ='Source Table'!$B$8 -> Commerce | G38: ='Source Table'!$E$8 -> التجارة | H38: ='Source Table'!$D$6 -> local investment | I38: ='Source Table'!$D$5 -> الاستثمار المحلي | J38: 0 | K38: 2022
A39: حجم الاستثمارات المستفيدة من قانون الاستثمار | B39: Size of Projects Investment Beneficiaries from Investment Promotion Law | C39: M1 | D39: Million JDs | E39: مليون دينار | F39: ='Source Table'!$B$9 -> Tourism | G39: ='Source Table'!$E$9 -> السياحة | H39: ='Source Table'!$D$6 -> local investment | I39: ='Source Table'!$D$5 -> الاستثمار المحلي | J39: 226.9 | K39: 2022
A40: حجم الاستثمارات المستفيدة من قانون الاستثمار | B40: Size of Projects Investment Beneficiaries from Investment Promotion Law | C40: M1 | D40: Million JDs | E40: مليون دينار | F40: ='Source Table'!$B$10 -> Agriculture | G40: ='Source Table'!$E$10 -> الزراعة | H40: ='Source Table'!$D$6 -> local investment | I40: ='Source Table'!$D$5 -> الاستثمار المحلي | J40: 35.8 | K40: 2022
A41: حجم الاستثمارات المستفيدة من قانون الاستثمار | B41: Size of Projects Investment Beneficiaries from Investment Promotion Law | C41: M1 | D41: Million JDs | E41: مليون دينار | F41: ='Source Table'!$B$11 -> Hospitals | G41: ='Source Table'!$E$11 -> المستشفيات | H41: ='Source Table'!$D$6 -> local investment | I41: ='Source Table'!$D$5 -> الاستثمار المحلي | J41: 136.5 | K41: 2022
A42: حجم الاستثمارات المستفيدة من قانون الاستثمار | B42: Size of Projects Investment Beneficiaries from Investment Promotion Law | C42: M1 | D42: Million JDs | E42: مليون دينار | F42: ='Source Table'!$B$12 -> Services | G42: ='Source Table'!$E$12 -> الخدمات | H42: ='Source Table'!$D$6 -> local investment | I42: ='Source Table'!$D$5 -> الاستثمار المحلي | J42: 0 | K42: 2022
A43: حجم الاستثمارات المستفيدة من قانون الاستثمار | B43: Size of Projects Investment Beneficiaries from Investment Promotion Law | C43: M1 | D43: Million JDs | E43: مليون دينار | F43: ='Source Table'!$B$13 -> Information Technology | G43: ='Source Table'!$E$13 -> تكنولوجيا المعلومات | H43: ='Source Table'!$D$6 -> local investment | I43: ='Source Table'!$D$5 -> الاستثمار المحلي | J43: 31.7 | K43: 2022
A44: حجم الاستثمارات المستفيدة من قانون الاستثمار | B44: Size of Projects Investment Beneficiaries from Investment Promotion Law | C44: M1 | D44: Million JDs | E44: مليون دينار | F44: ='Source Table'!$B$14 -> Artistic production | G44: ='Source Table'!$E$14 -> انتاج فني | H44: ='Source Table'!$D$6 -> local investment | I44: ='Source Table'!$D$5 -> الاستثمار المحلي | J44: 1.4 | K44: 2022
A45: حجم الاستثمارات المستفيدة من قانون الاستثمار | B45: Size of Projects Investment Beneficiaries from Investment Promotion Law | C45: M1 | D45: Million JDs | E45: مليون دينار | F45: ='Source Table'!$B$15 -> Gas transportation and distribution | G45: ='Source Table'!$E$15 -> نقل وتوزيع الغاز | H45: ='Source Table'!$D$6 -> local investment | I45: ='Source Table'!$D$5 -> الاستثمار المحلي | J45: 0 | K45: 2022
A46: حجم الاستثمارات المستفيدة من قانون الاستثمار | B46: Size of Projects Investment Beneficiaries from Investment Promotion Law | C46: M1 | D46: Million JDs | E46: مليون دينار | F46: ='Source Table'!$B$16 -> call centers | G46: ='Source Table'!$E$16 -> مراكز اتصال | H46: ='Source Table'!$D$6 -> local investment | I46: ='Source Table'!$D$5 -> الاستثمار المحلي | J46: 0 | K46: 2022
A47: حجم الاستثمارات المستفيدة من قانون الاستثمار | B47: Size of Projects Investment Beneficiaries from Investment Promotion Law | C47: M1 | D47: Million JDs | E47: مليون دينار | F47: ='Source Table'!$B$17 -> Scientific research centers | G47: ='Source Table'!$E$17 -> مراكز بحث علمي | H47: ='Source Table'!$D$6 -> local investment | I47: ='Source Table'!$D$5 -> الاستثمار المحلي | J47: 0 | K47: 2022
A48: حجم الاستثمارات المستفيدة من قانون الاستثمار | B48: Size of Projects Investment Beneficiaries from Investment Promotion Law | C48: M1 | D48: Million JDs | E48: مليون دينار | F48: ='Source Table'!$B$7 -> Industry | G48: ='Source Table'!$E$7 -> الصناعة | H48: ='Source Table'!$C$6 -> Foreign investment | I48: ='Source Table'!$C$5 -> الاستثمار الاجنبي | J48: 104.6 | K48: 2022
A49: حجم الاستثمارات المستفيدة من قانون الاستثمار | B49: Size of Projects Investment Beneficiaries from Investment Promotion Law | C49: M1 | D49: Million JDs | E49: مليون دينار | F49: ='Source Table'!$B$8 -> Commerce | G49: ='Source Table'!$E$8 -> التجارة | H49: ='Source Table'!$C$6 -> Foreign investment | I49: ='Source Table'!$C$5 -> الاستثمار الاجنبي | J49: 0 | K49: 2022
A50: حجم الاستثمارات المستفيدة من قانون الاستثمار | B50: Size of Projects Investment Beneficiaries from Investment Promotion Law | C50: M1 | D50: Million JDs | E50: مليون دينار | F50: ='Source Table'!$B$9 -> Tourism | G50: ='Source Table'!$E$9 -> السياحة | H50: ='Source Table'!$C$6 -> Foreign investment | I50: ='Source Table'!$C$5 -> الاستثمار الاجنبي | J50: 6.2 | K50: 2022
A51: حجم الاستثمارات المستفيدة من قانون الاستثمار | B51: Size of Projects Investment Beneficiaries from Investment Promotion Law | C51: M1 | D51: Million JDs | E51: مليون دينار | F51: ='Source Table'!$B$10 -> Agriculture | G51: ='Source Table'!$E$10 -> الزراعة | H51: ='Source Table'!$C$6 -> Foreign investment | I51: ='Source Table'!$C$5 -> الاستثمار الاجنبي | J51: 2 | K51: 2022
A52: حجم الاستثمارات المستفيدة من قانون الاستثمار | B52: Size of Projects Investment Beneficiaries from Investment Promotion Law | C52: M1 | D52: Million JDs | E52: مليون دينار | F52: ='Source Table'!$B$11 -> Hospitals | G52: ='Source Table'!$E$11 -> المستشفيات | H52: ='Source Table'!$C$6 -> Foreign investment | I52: ='Source Table'!$C$5 -> الاستثمار الاجنبي | J52: 0 | K52: 2022
A53: حجم الاستثمارات المستفيدة من قانون الاستثمار | B53: Size of Projects Investment Beneficiaries from Investment Promotion Law | C53: M1 | D53: Million JDs | E53: مليون دينار | F53: ='Source Table'!$B$12 -> Services | G53: ='Source Table'!$E$12 -> الخدمات | H53: ='Source Table'!$C$6 -> Foreign investment | I53: ='Source Table'!$C$5 -> الاستثمار الاجنبي | J53: 0.5 | K53: 2022
A54: حجم الاستثمارات المستفيدة من قانون الاستثمار | B54: Size of Projects Investment Beneficiaries from Investment Promotion Law | C54: M1 | D54: Million JDs | E54: مليون دينار | F54: ='Source Table'!$B$13 -> Information Technology | G54: ='Source Table'!$E$13 -> تكنولوجيا المعلومات | H54: ='Source Table'!$C$6 -> Foreign investment | I54: ='Source Table'!$C$5 -> الاستثمار الاجنبي | J54: 23.7 | K54: 2022
A55: حجم الاستثمارات المستفيدة من قانون الاستثمار | B55: Size of Projects Investment Beneficiaries from Investment Promotion Law | C55: M1 | D55: Million JDs | E55: مليون دينار | F55: ='Source Table'!$B$14 -> Artistic production | G55: ='Source Table'!$E$14 -> انتاج فني | H55: ='Source Table'!$C$6 -> Foreign investment | I55: ='Source Table'!$C$5 -> الاستثمار الاجنبي | J55: 0 | K55: 2022
A56: حجم الاستثمارات المستفيدة من قانون الاستثمار | B56: Size of Projects Investment Beneficiaries from Investment Promotion Law | C56: M1 | D56: Million JDs | E56: مليون دينار | F56: ='Source Table'!$B$15 -> Gas transportation and distribution | G56: ='Source Table'!$E$15 -> نقل وتوزيع الغاز | H56: ='Source Table'!$C$6 -> Foreign investment | I56: ='Source Table'!$C$5 -> الاستثمار الاجنبي | J56: 0 | K56: 2022
A57: حجم الاستثمارات المستفيدة من قانون الاستثمار | B57: Size of Projects Investment Beneficiaries from Investment Promotion Law | C57: M1 | D57: Million JDs | E57: مليون دينار | F57: ='Source Table'!$B$16 -> call centers | G57: ='Source Table'!$E$16 -> مراكز اتصال | H57: ='Source Table'!$C$6 -> Foreign investment | I57: ='Source Table'!$C$5 -> الاستثمار الاجنبي | J57: 0 | K57: 2022
A58: حجم الاستثمارات المستفيدة من قانون الاستثمار | B58: Size of Projects Investment Beneficiaries from Investment Promotion Law | C58: M1 | D58: Million JDs | E58: مليون دينار | F58: ='Source Table'!$B$17 -> Scientific research centers | G58: ='Source Table'!$E$17 -> مراكز بحث علمي | H58: ='Source Table'!$C$6 -> Foreign investment | I58: ='Source Table'!$C$5 -> الاستثمار الاجنبي | J58: 0 | K58: 2022
A59: حجم الاستثمارات المستفيدة من قانون الاستثمار | B59: Size of Projects Investment Beneficiaries from Investment Promotion Law | C59: M1 | D59: Million JDs | E59: مليون دينار | F59: ='Source Table'!$B$7 -> Industry | G59: ='Source Table'!$E$7 -> الصناعة | H59: Total investment | I59: الاستثمار الكلي | J59: 655.9 | K59: 2022
A60: حجم الاستثمارات المستفيدة من قانون الاستثمار | B60: Size of Projects Investment Beneficiaries from Investment Promotion Law | C60: M1 | D60: Million JDs | E60: مليون دينار | F60: ='Source Table'!$B$8 -> Commerce | G60: ='Source Table'!$E$8 -> التجارة | H60: Total investment | I60: الاستثمار الكلي | J60: 184.5 | K60: 2022
A61: حجم الاستثمارات المستفيدة من قانون الاستثمار | B61: Size of Projects Investment Beneficiaries from Investment Promotion Law | C61: M1 | D61: Million JDs | E61: مليون دينار | F61: ='Source Table'!$B$9 -> Tourism | G61: ='Source Table'!$E$9 -> السياحة | H61: Total investment | I61: الاستثمار الكلي | J61: 59.8 | K61: 2022
A62: حجم الاستثمارات المستفيدة من قانون الاستثمار | B62: Size of Projects Investment Beneficiaries from Investment Promotion Law | C62: M1 | D62: Million JDs | E62: مليون دينار | F62: ='Source Table'!$B$10 -> Agriculture | G62: ='Source Table'!$E$10 -> الزراعة | H62: Total investment | I62: الاستثمار الكلي | J62: 15.4 | K62: 2022
A63: حجم الاستثمارات المستفيدة من قانون الاستثمار | B63: Size of Projects Investment Beneficiaries from Investment Promotion Law | C63: M1 | D63: Million JDs | E63: مليون دينار | F63: ='Source Table'!$B$11 -> Hospitals | G63: ='Source Table'!$E$11 -> المستشفيات | H63: Total investment | I63: الاستثمار الكلي | J63: 59.7 | K63: 2022
A64: حجم الاستثمارات المستفيدة من قانون الاستثمار | B64: Size of Projects Investment Beneficiaries from Investment Promotion Law | C64: M1 | D64: Million JDs | E64: مليون دينار | F64: ='Source Table'!$B$12 -> Services | G64: ='Source Table'!$E$12 -> الخدمات | H64: Total investment | I64: الاستثمار الكلي | J64: 19.2 | K64: 2022
A65: حجم الاستثمارات المستفيدة من قانون الاستثمار | B65: Size of Projects Investment Beneficiaries from Investment Promotion Law | C65: M1 | D65: Million JDs | E65: مليون دينار | F65: ='Source Table'!$B$13 -> Information Technology | G65: ='Source Table'!$E$13 -> تكنولوجيا المعلومات | H65: Total investment | I65: الاستثمار الكلي | J65: 33.9 | K65: 2022
A66: حجم الاستثمارات المستفيدة من قانون الاستثمار | B66: Size of Projects Investment Beneficiaries from Investment Promotion Law | C66: M1 | D66: Million JDs | E66: مليون دينار | F66: ='Source Table'!$B$14 -> Artistic production | G66: ='Source Table'!$E$14 -> انتاج فني | H66: Total investment | I66: الاستثمار الكلي | J66: 10 | K66: 2022
A67: حجم الاستثمارات المستفيدة من قانون الاستثمار | B67: Size of Projects Investment Beneficiaries from Investment Promotion Law | C67: M1 | D67: Million JDs | E67: مليون دينار | F67: ='Source Table'!$B$15 -> Gas transportation and distribution | G67: ='Source Table'!$E$15 -> نقل وتوزيع الغاز | H67: Total investment | I67: الاستثمار الكلي | J67: 19 | K67: 2022
A68: حجم الاستثمارات المستفيدة من قانون الاستثمار | B68: Size of Projects Investment Beneficiaries from Investment Promotion Law | C68: M1 | D68: Million JDs | E68: مليون دينار | F68: ='Source Table'!$B$16 -> call centers | G68: ='Source Table'!$E$16 -> مراكز اتصال | H68: Total investment | I68: الاستثمار الكلي | J68: 0 | K68: 2022
A69: حجم الاستثمارات المستفيدة من قانون الاستثمار | B69: Size of Projects Investment Beneficiaries from Investment Promotion Law | C69: M1 | D69: Million JDs | E69: مليون دينار | F69: ='Source Table'!$B$17 -> Scientific research centers | G69: ='Source Table'!$E$17 -> مراكز بحث علمي | H69: Total investment | I69: الاستثمار الكلي | J69: 0.1 | K69: 2022
A70: حجم الاستثمارات المستفيدة من قانون الاستثمار | B70: Size of Projects Investment Beneficiaries from Investment Promotion Law | C70: M1 | D70: Million JDs | E70: مليون دينار | F70: ='Source Table'!$B$7 -> Industry | G70: ='Source Table'!$E$7 -> الصناعة | H70: ='Source Table'!$D$6 -> local investment | I70: ='Source Table'!$D$5 -> الاستثمار المحلي | J70: 369 | K70: 2021
A71: حجم الاستثمارات المستفيدة من قانون الاستثمار | B71: Size of Projects Investment Beneficiaries from Investment Promotion Law | C71: M1 | D71: Million JDs | E71: مليون دينار | F71: ='Source Table'!$B$8 -> Commerce | G71: ='Source Table'!$E$8 -> التجارة | H71: ='Source Table'!$D$6 -> local investment | I71: ='Source Table'!$D$5 -> الاستثمار المحلي | K71: 2021
A72: حجم الاستثمارات المستفيدة من قانون الاستثمار | B72: Size of Projects Investment Beneficiaries from Investment Promotion Law | C72: M1 | D72: Million JDs | E72: مليون دينار | F72: ='Source Table'!$B$9 -> Tourism | G72: ='Source Table'!$E$9 -> السياحة | H72: ='Source Table'!$D$6 -> local investment | I72: ='Source Table'!$D$5 -> الاستثمار المحلي | J72: 61.4 | K72: 2021
A73: حجم الاستثمارات المستفيدة من قانون الاستثمار | B73: Size of Projects Investment Beneficiaries from Investment Promotion Law | C73: M1 | D73: Million JDs | E73: مليون دينار | F73: ='Source Table'!$B$10 -> Agriculture | G73: ='Source Table'!$E$10 -> الزراعة | H73: ='Source Table'!$D$6 -> local investment | I73: ='Source Table'!$D$5 -> الاستثمار المحلي | J73: 52.9 | K73: 2021
A74: حجم الاستثمارات المستفيدة من قانون الاستثمار | B74: Size of Projects Investment Beneficiaries from Investment Promotion Law | C74: M1 | D74: Million JDs | E74: مليون دينار | F74: ='Source Table'!$B$11 -> Hospitals | G74: ='Source Table'!$E$11 -> المستشفيات | H74: ='Source Table'!$D$6 -> local investment | I74: ='Source Table'!$D$5 -> الاستثمار المحلي | J74: 34.1 | K74: 2021
A75: حجم الاستثمارات المستفيدة من قانون الاستثمار | B75: Size of Projects Investment Beneficiaries from Investment Promotion Law | C75: M1 | D75: Million JDs | E75: مليون دينار | F75: ='Source Table'!$B$12 -> Services | G75: ='Source Table'!$E$12 -> الخدمات | H75: ='Source Table'!$D$6 -> local investment | I75: ='Source Table'!$D$5 -> الاستثمار المحلي | J75: 0.6 | K75: 2021
A76: حجم الاستثمارات المستفيدة من قانون الاستثمار | B76: Size of Projects Investment Beneficiaries from Investment Promotion Law | C76: M1 | D76: Million JDs | E76: مليون دينار | F76: ='Source Table'!$B$13 -> Information Technology | G76: ='Source Table'!$E$13 -> تكنولوجيا المعلومات | H76: ='Source Table'!$D$6 -> local investment | I76: ='Source Table'!$D$5 -> الاستثمار المحلي | J76: 24.5 | K76: 2021
A77: حجم الاستثمارات المستفيدة من قانون الاستثمار | B77: Size of Projects Investment Beneficiaries from Investment Promotion Law | C77: M1 | D77: Million JDs | E77: مليون دينار | F77: ='Source Table'!$B$14 -> Artistic production | G77: ='Source Table'!$E$14 -> انتاج فني | H77: ='Source Table'!$D$6 -> local investment | I77: ='Source Table'!$D$5 -> الاستثمار المحلي | J77: 8.5 | K77: 2021
A78: حجم الاستثمارات المستفيدة من قانون الاستثمار | B78: Size of Projects Investment Beneficiaries from Investment Promotion Law | C78: M1 | D78: Million JDs | E78: مليون دينار | F78: ='Source Table'!$B$15 -> Gas transportation and distribution | G78: ='Source Table'!$E$15 -> نقل وتوزيع الغاز | H78: ='Source Table'!$D$6 -> local investment | I78: ='Source Table'!$D$5 -> الاستثمار المحلي | J78: 0 | K78: 2021
A79: حجم الاستثمارات المستفيدة من قانون الاستثمار | B79: Size of Projects Investment Beneficiaries from Investment Promotion Law | C79: M1 | D79: Million JDs | E79: مليون دينار | F79: ='Source Table'!$B$16 -> call centers | G79: ='Source Table'!$E$16 -> مراكز اتصال | H79: ='Source Table'!$D$6 -> local investment | I79: ='Source Table'!$D$5 -> الاستثمار المحلي | J79: 0 | K79: 2021
A80: حجم الاستثمارات المستفيدة من قانون الاستثمار | B80: Size of Projects Investment Beneficiaries from Investment Promotion Law | C80: M1 | D80: Million JDs | E80: مليون دينار | F80: ='Source Table'!$B$17 -> Scientific research centers | G80: ='Source Table'!$E$17 -> مراكز بحث علمي | H80: ='Source Table'!$D$6 -> local investment | I80: ='Source Table'!$D$5 -> الاستثمار المحلي | J80: 0.9 | K80: 2021
A81: حجم الاستثمارات المستفيدة من قانون الاستثمار | B81: Size of Projects Investment Beneficiaries from Investment Promotion Law | C81: M1 | D81: Million JDs | E81: مليون دينار | F81: ='Source Table'!$B$7 -> Industry | G81: ='Source Table'!$E$7 -> الصناعة | H81: ='Source Table'!$C$6 -> Foreign investment | I81: ='Source Table'!$C$5 -> الاستثمار الاجنبي | J81: 38.9 | K81: 2021
A82: حجم الاستثمارات المستفيدة من قانون الاستثمار | B82: Size of Projects Investment Beneficiaries from Investment Promotion Law | C82: M1 | D82: Million JDs | E82: مليون دينار | F82: ='Source Table'!$B$8 -> Commerce | G82: ='Source Table'!$E$8 -> التجارة | H82: ='Source Table'!$C$6 -> Foreign investment | I82: ='Source Table'!$C$5 -> الاستثمار الاجنبي | K82: 2021
A83: حجم الاستثمارات المستفيدة من قانون الاستثمار | B83: Size of Projects Investment Beneficiaries from Investment Promotion Law | C83: M1 | D83: Million JDs | E83: مليون دينار | F83: ='Source Table'!$B$9 -> Tourism | G83: ='Source Table'!$E$9 -> السياحة | H83: ='Source Table'!$C$6 -> Foreign investment | I83: ='Source Table'!$C$5 -> الاستثمار الاجنبي | J83: 4.6 | K83: 2021
A84: حجم الاستثمارات المستفيدة من قانون الاستثمار | B84: Size of Projects Investment Beneficiaries from Investment Promotion Law | C84: M1 | D84: Million JDs | E84: مليون دينار | F84: ='Source Table'!$B$10 -> Agriculture | G84: ='Source Table'!$E$10 -> الزراعة | H84: ='Source Table'!$C$6 -> Foreign investment | I84: ='Source Table'!$C$5 -> الاستثمار الاجنبي | J84: 0 | K84: 2021
A85: حجم الاستثمارات المستفيدة من قانون الاستثمار | B85: Size of Projects Investment Beneficiaries from Investment Promotion Law | C85: M1 | D85: Million JDs | E85: مليون دينار | F85: ='Source Table'!$B$11 -> Hospitals | G85: ='Source Table'!$E$11 -> المستشفيات | H85: ='Source Table'!$C$6 -> Foreign investment | I85: ='Source Table'!$C$5 -> الاستثمار الاجنبي | J85: 10 | K85: 2021
A86: حجم الاستثمارات المستفيدة من قانون الاستثمار | B86: Size of Projects Investment Beneficiaries from Investment Promotion Law | C86: M1 | D86: Million JDs | E86: مليون دينار | F86: ='Source Table'!$B$12 -> Services | G86: ='Source Table'!$E$12 -> الخدمات | H86: ='Source Table'!$C$6 -> Foreign investment | I86: ='Source Table'!$C$5 -> الاستثمار الاجنبي | J86: 0 | K86: 2021
A87: حجم الاستثمارات المستفيدة من قانون الاستثمار | B87: Size of Projects Investment Beneficiaries from Investment Promotion Law | C87: M1 | D87: Million JDs | E87: مليون دينار | F87: ='Source Table'!$B$13 -> Information Technology | G87: ='Source Table'!$E$13 -> تكنولوجيا المعلومات | H87: ='Source Table'!$C$6 -> Foreign investment | I87: ='Source Table'!$C$5 -> الاستثمار الاجنبي | J87: 15.6 | K87: 2021
A88: حجم الاستثمارات المستفيدة من قانون الاستثمار | B88: Size of Projects Investment Beneficiaries from Investment Promotion Law | C88: M1 | D88: Million JDs | E88: مليون دينار | F88: ='Source Table'!$B$14 -> Artistic production | G88: ='Source Table'!$E$14 -> انتاج فني | H88: ='Source Table'!$C$6 -> Foreign investment | I88: ='Source Table'!$C$5 -> الاستثمار الاجنبي | J88: 0 | K88: 2021
A89: حجم الاستثمارات المستفيدة من قانون الاستثمار | B89: Size of Projects Investment Beneficiaries from Investment Promotion Law | C89: M1 | D89: Million JDs | E89: مليون دينار | F89: ='Source Table'!$B$15 -> Gas transportation and distribution | G89: ='Source Table'!$E$15 -> نقل وتوزيع الغاز | H89: ='Source Table'!$C$6 -> Foreign investment | I89: ='Source Table'!$C$5 -> الاستثمار الاجنبي | J89: 0 | K89: 2021
A90: حجم الاستثمارات المستفيدة من قانون الاستثمار | B90: Size of Projects Investment Beneficiaries from Investment Promotion Law | C90: M1 | D90: Million JDs | E90: مليون دينار | F90: ='Source Table'!$B$16 -> call centers | G90: ='Source Table'!$E$16 -> مراكز اتصال | H90: ='Source Table'!$C$6 -> Foreign investment | I90: ='Source Table'!$C$5 -> الاستثمار الاجنبي | J90: 0 | K90: 2021
A91: حجم الاستثمارات المستفيدة من قانون الاستثمار | B91: Size of Projects Investment Beneficiaries from Investment Promotion Law | C91: M1 | D91: Million JDs | E91: مليون دينار | F91: ='Source Table'!$B$17 -> Scientific research centers | G91: ='Source Table'!$E$17 -> مراكز بحث علمي | H91: ='Source Table'!$C$6 -> Foreign investment | I91: ='Source Table'!$C$5 -> الاستثمار الاجنبي | J91: 0 | K91: 2021
A92: حجم الاستثمارات المستفيدة من قانون الاستثمار | B92: Size of Projects Investment Beneficiaries from Investment Promotion Law | C92: M1 | D92: Million JDs | E92: مليون دينار | F92: ='Source Table'!$B$7 -> Industry | G92: ='Source Table'!$E$7 -> الصناعة | H92: Total investment | I92: الاستثمار الكلي | J92: 408 | K92: 2021
A93: حجم الاستثمارات المستفيدة من قانون الاستثمار | B93: Size of Projects Investment Beneficiaries from Investment Promotion Law | C93: M1 | D93: Million JDs | E93: مليون دينار | F93: ='Source Table'!$B$8 -> Commerce | G93: ='Source Table'!$E$8 -> التجارة | H93: Total investment | I93: الاستثمار الكلي | K93: 2021
A94: حجم الاستثمارات المستفيدة من قانون الاستثمار | B94: Size of Projects Investment Beneficiaries from Investment Promotion Law | C94: M1 | D94: Million JDs | E94: مليون دينار | F94: ='Source Table'!$B$9 -> Tourism | G94: ='Source Table'!$E$9 -> السياحة | H94: Total investment | I94: الاستثمار الكلي | J94: 66 | K94: 2021
A95: حجم الاستثمارات المستفيدة من قانون الاستثمار | B95: Size of Projects Investment Beneficiaries from Investment Promotion Law | C95: M1 | D95: Million JDs | E95: مليون دينار | F95: ='Source Table'!$B$10 -> Agriculture | G95: ='Source Table'!$E$10 -> الزراعة | H95: Total investment | I95: الاستثمار الكلي | J95: 52.9 | K95: 2021
A96: حجم الاستثمارات المستفيدة من قانون الاستثمار | B96: Size of Projects Investment Beneficiaries from Investment Promotion Law | C96: M1 | D96: Million JDs | E96: مليون دينار | F96: ='Source Table'!$B$11 -> Hospitals | G96: ='Source Table'!$E$11 -> المستشفيات | H96: Total investment | I96: الاستثمار الكلي | J96: 44.1 | K96: 2021
A97: حجم الاستثمارات المستفيدة من قانون الاستثمار | B97: Size of Projects Investment Beneficiaries from Investment Promotion Law | C97: M1 | D97: Million JDs | E97: مليون دينار | F97: ='Source Table'!$B$12 -> Services | G97: ='Source Table'!$E$12 -> الخدمات | H97: Total investment | I97: الاستثمار الكلي | J97: 0.6 | K97: 2021
A98: حجم الاستثمارات المستفيدة من قانون الاستثمار | B98: Size of Projects Investment Beneficiaries from Investment Promotion Law | C98: M1 | D98: Million JDs | E98: مليون دينار | F98: ='Source Table'!$B$13 -> Information Technology | G98: ='Source Table'!$E$13 -> تكنولوجيا المعلومات | H98: Total investment | I98: الاستثمار الكلي | J98: 40.1 | K98: 2021
A99: حجم الاستثمارات المستفيدة من قانون الاستثمار | B99: Size of Projects Investment Beneficiaries from Investment Promotion Law | C99: M1 | D99: Million JDs | E99: مليون دينار | F99: ='Source Table'!$B$14 -> Artistic production | G99: ='Source Table'!$E$14 -> انتاج فني | H99: Total investment | I99: الاستثمار الكلي | J99: 8.5 | K99: 2021
A100: حجم الاستثمارات المستفيدة من قانون الاستثمار | B100: Size of Projects Investment Beneficiaries from Investment Promotion Law | C100: M1 | D100: Million JDs | E100: مليون دينار | F100: ='Source Table'!$B$15 -> Gas transportation and distribution | G100: ='Source Table'!$E$15 -> نقل وتوزيع الغاز | H100: Total investment | I100: الاستثمار الكلي | J100: 0 | K100: 2021
...

Sheet Sheet1
A1: حجم الاستثمارات المستفيدة من قانون الاستثمار | B1: Size of Projects Investment Beneficiaries from Investment Promotion Law | C1: M1 | D1: Million JDs | E1: مليون دينار | F1: ='Source Table'!$B$7 -> Industry | G1: ='Source Table'!$E$7 -> الصناعة | H1: ='Source Table'!$D$6 -> local investment | I1: ='Source Table'!$D$5 -> الاستثمار المحلي
A2: حجم الاستثمارات المستفيدة من قانون الاستثمار | B2: Size of Projects Investment Beneficiaries from Investment Promotion Law | C2: M1 | D2: Million JDs | E2: مليون دينار | F2: ='Source Table'!$B$8 -> Commerce | G2: ='Source Table'!$E$8 -> التجارة | H2: ='Source Table'!$D$6 -> local investment | I2: ='Source Table'!$D$5 -> الاستثمار المحلي
A3: حجم الاستثمارات المستفيدة من قانون الاستثمار | B3: Size of Projects Investment Beneficiaries from Investment Promotion Law | C3: M1 | D3: Million JDs | E3: مليون دينار | F3: ='Source Table'!$B$9 -> Tourism | G3: ='Source Table'!$E$9 -> السياحة | H3: ='Source Table'!$D$6 -> local investment | I3: ='Source Table'!$D$5 -> الاستثمار المحلي
A4: حجم الاستثمارات المستفيدة من قانون الاستثمار | B4: Size of Projects Investment Beneficiaries from Investment Promotion Law | C4: M1 | D4: Million JDs | E4: مليون دينار | F4: ='Source Table'!$B$10 -> Agriculture | G4: ='Source Table'!$E$10 -> الزراعة | H4: ='Source Table'!$D$6 -> local investment | I4: ='Source Table'!$D$5 -> الاستثمار المحلي
A5: حجم الاستثمارات المستفيدة من قانون الاستثمار | B5: Size of Projects Investment Beneficiaries from Investment Promotion Law | C5: M1 | D5: Million JDs | E5: مليون دينار | F5: ='Source Table'!$B$11 -> Hospitals | G5: ='Source Table'!$E$11 -> المستشفيات | H5: ='Source Table'!$D$6 -> local investment | I5: ='Source Table'!$D$5 -> الاستثمار المحلي
A6: حجم الاستثمارات المستفيدة من قانون الاستثمار | B6: Size of Projects Investment Beneficiaries from Investment Promotion Law | C6: M1 | D6: Million JDs | E6: مليون دينار | F6: ='Source Table'!$B$12 -> Services | G6: ='Source Table'!$E$12 -> الخدمات | H6: ='Source Table'!$D$6 -> local investment | I6: ='Source Table'!$D$5 -> الاستثمار المحلي
A7: حجم الاستثمارات المستفيدة من قانون الاستثمار | B7: Size of Projects Investment Beneficiaries from Investment Promotion Law | C7: M1 | D7: Million JDs | E7: مليون دينار | F7: ='Source Table'!$B$13 -> Information Technology | G7: ='Source Table'!$E$13 -> تكنولوجيا المعلومات | H7: ='Source Table'!$D$6 -> local investment | I7: ='Source Table'!$D$5 -> الاستثمار المحلي
A8: حجم الاستثمارات المستفيدة من قانون الاستثمار | B8: Size of Projects Investment Beneficiaries from Investment Promotion Law | C8: M1 | D8: Million JDs | E8: مليون دينار | F8: ='Source Table'!$B$14 -> Artistic production | G8: ='Source Table'!$E$14 -> انتاج فني | H8: ='Source Table'!$D$6 -> local investment | I8: ='Source Table'!$D$5 -> الاستثمار المحلي
A9: حجم الاستثمارات المستفيدة من قانون الاستثمار | B9: Size of Projects Investment Beneficiaries from Investment Promotion Law | C9: M1 | D9: Million JDs | E9: مليون دينار | F9: ='Source Table'!$B$15 -> Gas transportation and distribution | G9: ='Source Table'!$E$15 -> نقل وتوزيع الغاز | H9: ='Source Table'!$D$6 -> local investment | I9: ='Source Table'!$D$5 -> الاستثمار المحلي
A10: حجم الاستثمارات المستفيدة من قانون الاستثمار | B10: Size of Projects Investment Beneficiaries from Investment Promotion Law | C10: M1 | D10: Million JDs | E10: مليون دينار | F10: ='Source Table'!$B$16 -> call centers | G10: ='Source Table'!$E$16 -> مراكز اتصال | H10: ='Source Table'!$D$6 -> local investment | I10: ='Source Table'!$D$5 -> الاستثمار المحلي
A11: حجم الاستثمارات المستفيدة من قانون الاستثمار | B11: Size of Projects Investment Beneficiaries from Investment Promotion Law | C11: M1 | D11: Million JDs | E11: مليون دينار | F11: ='Source Table'!$B$17 -> Scientific research centers | G11: ='Source Table'!$E$17 -> مراكز بحث علمي | H11: ='Source Table'!$D$6 -> local investment | I11: ='Source Table'!$D$5 -> الاستثمار المحلي
A12: حجم الاستثمارات المستفيدة من قانون الاستثمار | B12: Size of Projects Investment Beneficiaries from Investment Promotion Law | C12: M1 | D12: Million JDs | E12: مليون دينار | F12: ='Source Table'!$B$7 -> Industry | G12: ='Source Table'!$E$7 -> الصناعة | H12: ='Source Table'!$C$6 -> Foreign investment | I12: ='Source Table'!$C$5 -> الاستثمار الاجنبي
A13: حجم الاستثمارات المستفيدة من قانون الاستثمار | B13: Size of Projects Investment Beneficiaries from Investment Promotion Law | C13: M1 | D13: Million JDs | E13: مليون دينار | F13: ='Source Table'!$B$8 -> Commerce | G13: ='Source Table'!$E$8 -> التجارة | H13: ='Source Table'!$C$6 -> Foreign investment | I13: ='Source Table'!$C$5 -> الاستثمار الاجنبي
A14: حجم الاستثمارات المستفيدة من قانون الاستثمار | B14: Size of Projects Investment Beneficiaries from Investment Promotion Law | C14: M1 | D14: Million JDs | E14: مليون دينار | F14: ='Source Table'!$B$9 -> Tourism | G14: ='Source Table'!$E$9 -> السياحة | H14: ='Source Table'!$C$6 -> Foreign investment | I14: ='Source Table'!$C$5 -> الاستثمار الاجنبي
A15: حجم الاستثمارات المستفيدة من قانون الاستثمار | B15: Size of Projects Investment Beneficiaries from Investment Promotion Law | C15: M1 | D15: Million JDs | E15: مليون دينار | F15: ='Source Table'!$B$10 -> Agriculture | G15: ='Source Table'!$E$10 -> الزراعة | H15: ='Source Table'!$C$6 -> Foreign investment | I15: ='Source Table'!$C$5 -> الاستثمار الاجنبي
A16: حجم الاستثمارات المستفيدة من قانون الاستثمار | B16: Size of Projects Investment Beneficiaries from Investment Promotion Law | C16: M1 | D16: Million JDs | E16: مليون دينار | F16: ='Source Table'!$B$11 -> Hospitals | G16: ='Source Table'!$E$11 -> المستشفيات | H16: ='Source Table'!$C$6 -> Foreign investment | I16: ='Source Table'!$C$5 -> الاستثمار الاجنبي
A17: حجم الاستثمارات المستفيدة من قانون الاستثمار | B17: Size of Projects Investment Beneficiaries from Investment Promotion Law | C17: M1 | D17: Million JDs | E17: مليون دينار | F17: ='Source Table'!$B$12 -> Services | G17: ='Source Table'!$E$12 -> الخدمات | H17: ='Source Table'!$C$6 -> Foreign investment | I17: ='Source Table'!$C$5 -> الاستثمار الاجنبي
A18: حجم الاستثمارات المستفيدة من قانون الاستثمار | B18: Size of Projects Investment Beneficiaries from Investment Promotion Law | C18: M1 | D18: Million JDs | E18: مليون دينار | F18: ='Source Table'!$B$13 -> Information Technology | G18: ='Source Table'!$E$13 -> تكنولوجيا المعلومات | H18: ='Source Table'!$C$6 -> Foreign investment | I18: ='Source Table'!$C$5 -> الاستثمار الاجنبي
A19: حجم الاستثمارات المستفيدة من قانون الاستثمار | B19: Size of Projects Investment Beneficiaries from Investment Promotion Law | C19: M1 | D19: Million JDs | E19: مليون دينار | F19: ='Source Table'!$B$14 -> Artistic production | G19: ='Source Table'!$E$14 -> انتاج فني | H19: ='Source Table'!$C$6 -> Foreign investment | I19: ='Source Table'!$C$5 -> الاستثمار الاجنبي
A20: حجم الاستثمارات المستفيدة من قانون الاستثمار | B20: Size of Projects Investment Beneficiaries from Investment Promotion Law | C20: M1 | D20: Million JDs | E20: مليون دينار | F20: ='Source Table'!$B$15 -> Gas transportation and distribution | G20: ='Source Table'!$E$15 -> نقل وتوزيع الغاز | H20: ='Source Table'!$C$6 -> Foreign investment | I20: ='Source Table'!$C$5 -> الاستثمار الاجنبي
A21: حجم الاستثمارات المستفيدة من قانون الاستثمار | B21: Size of Projects Investment Beneficiaries from Investment Promotion Law | C21: M1 | D21: Million JDs | E21: مليون دينار | F21: ='Source Table'!$B$16 -> call centers | G21: ='Source Table'!$E$16 -> مراكز اتصال | H21: ='Source Table'!$C$6 -> Foreign investment | I21: ='Source Table'!$C$5 -> الاستثمار الاجنبي
A22: حجم الاستثمارات المستفيدة من قانون الاستثمار | B22: Size of Projects Investment Beneficiaries from Investment Promotion Law | C22: M1 | D22: Million JDs | E22: مليون دينار | F22: ='Source Table'!$B$17 -> Scientific research centers | G22: ='Source Table'!$E$17 -> مراكز بحث علمي | H22: ='Source Table'!$C$6 -> Foreign investment | I22: ='Source Table'!$C$5 -> الاستثمار الاجنبي

Sheet Template Data
A1: Date | B1: =DATE(B2,B3,1) -> 45292
A2: Year | B2: 2024
A3: Month | B3: 1
A4: Measure_Name_Ar | B4: Measure_Name_En | C4: Measure_ID | D4: Unit_EN | E4: Unit_AR | F4: CL_SECTOR__EN_V3 | G4: CL_SECTOR__AR_V3 | H4: CL_INV_NAT_EN_V1 | I4: CL_INV_NAT_AR_V1 | J4: Obs_Value | K4: Time_Period_Y | L4: Time_Period_M
A5: اسم المؤشر | B5: Measure Name | C5: رمز المؤشر | D5: Unit | E5: الوحدة | F5: Sector | G5: القطاع | H5: Investment Nationality | I5: جنسية الاستثمار | J5: قيمة المؤشر | K5: سنة فترة القياس | L5: شهر فترة القياس

Sheet Help
A2: Step 1: Cover Page | C2: الخطوة 1: Cover Page
A4: Update the template information, to ensure that any meta-information about the template, such as the title, version, and description, is accurate and up-to-date. | C4: قم بتحديث معلومات القالب للتأكد من أن أي معلومات وصفية حول القالب، مثل العنوان والإصدار والوصف، دقيقة ومحدثة.
A6: Step 2: Source Table | C6: الخطوة 2: Source Table
A8: Design your template, ensuring that the time period is mapped correctly to the date information in rows 1-3 of the Template Data Sheet. | C8: قم بتصميم القالب الخاص بك، مع التأكد من أن فترة الوقت مرتبطة بشكل صحيح مع معلومات التاريخ في الصفوف 1-3 في ورقة Template Data.
A10: Step 3: Relational Sheet | C10: الخطوة 3: Relational Sheet
A12: Unpivot the data in the source table into a flat format. Follow these guidelines: | C12: قم بتحويل البيانات في جدول المصدر إلى تنسيق مسطح. اتبع هذه الإرشادات:
A13: 1. Blue Columns: Do not change the names of the blue columns. Update the data as per the current template. | C13: 1. الأعمدة الزرقاء: لا تقم بتغيير أسماء الأعمدة الزرقاء. قم بتحديث البيانات وفقًا للقالب الحالي.
A14: 2. Code Lists: Use the naming convention CL_XXX_EN_V# for code lists, where XXX is the name, and V# is the version, conforming with the definitions in the data dictionary. | C14: 2. قوائم الرموز: استخدم قاعدة التسمية CL_XXX_EN_V# لقوائم الرموز، حيث أن XXX هو الاسم و V# هو الإصدار، وفقًا للتعريفات في قاموس البيانات.
A15: 3. Code List Values: Ensure the code list values match the definitions in the data dictionary. | C15: 3. قيم قائمة الرموز: تأكد من أن قيم قائمة الرموز تتوافق مع التعريفات في قاموس البيانات.
A16: 4. Time_Period_M: Leave empty if the data frequency is yearly. | C16: 4. Time_Period_M: اتركها فارغة إذا كانت دورية البيانات سنوية.
A17: 5. Time_Period_M Format: Use one of these formats: | C17: 5. تنسيق Time_Period_M: استخدم أحد التنسيقات التالية:
A18: Numeric: (1, 2, 3, ..., 12) for months. | C18: رقمي: (1، 2، 3، ...، 12) للأشهر.
... A38: Protect the entire workbook to prevent unauthorized or accidental changes to the structure of the file. | C38: قم بحماية الكتاب بأكمله لمنع التغييرات غير المصرح بها أو غير المقصودة على هيكل الملف.
