Workbook

Sheet Cover Page
A1: Code | B1: SYB_17_11
A2: Version | B2: V1
A3: اسم القالب | B3: إحصاءات الدفاع المدني حسب الشهر
A4: Template Name | B4: Civil Defense Statistics by Month
A5: دورية البيانات | B5: سنوي
A6: Data Frequency | B6: Annual
A7: الجهة المصدرية | B7: مديرية الأمن العام
A8: Data Source | B8: Public Security Directorate

Sheet Source Table
B2: ='Cover Page'!B4 -> Civil Defense Statistics by Month
B3: ='Cover Page'!B3 -> إحصاءات الدفاع المدني حسب الشهر
B4: Year | F4: =YEAR('Template Data'!B1) -> 2024 | L4: السنة
B5: Month | C5: الإنقاذ | F5: الإسعاف | I5: الإطفاء | L5: الشهر
C6: Rescue | F6: First Aid | I6: Fire Fighting
C7: الوفيات | D7: الإصابات | E7: العدد | F7: الوفيات | G7: الإصابات | H7: العدد | I7: الوفيات | J7: الإصابات | K7: العدد
C8: Deaths | D8: Injuries | E8: Number | F8: Deaths | G8: Injuries | H8: Number | I8: Deaths | J8: Injuries | K8: Number
B9: January | L9: كانون الثاني
B10: February | L10: شباط
B11: March | L11: آذار
B12: April | L12: نيسان
B13: May | L13: أيار
B14: June | L14: حزيران
B15: July | L15: تموز
B16: August | L16: آب
B17: September | L17: أيلول
B18: October | L18: تشرين الأول
B19: November | L19: تشرين الثاني
B20: December | L20: كانون الأول

Sheet Relational DB
A1: Relational Sheet
A2: Measure_Name_Ar | B2: Measure_Name_En | C2: Measure_ID | D2: Unit_EN | E2: Unit_AR | F2: CL_CIVIL_DEFENSE_ACTIVITIES_EN_V1 | G2: CL_CIVIL_DEFENSE_ACTIVITIES_AR_V1 | H2: CL_CIVIL_DEFENSE_STATISTICS_EN_V1 | I2: CL_CIVIL_DEFENSE_STATISTICS_AR_V1 | J2: CL_MONTH_EN_V1 | K2: CL_MONTH_AR_V1 | L2: Obs_Value | M2: Time_Period_Y | N2: Time_Period_M
A3: اسم المؤشر | B3: Measure Name | C3: رمز المؤشر | D3: Unit | E3: الوحدة | F3: Civil Defense Activities | G3: أنشطة ا لدفاع المدني | H3: Civil Defense Statistics | I3: إحصاءات الدفاع المدني | J3: Police Directorate | K3: مديرية الشرطة | L3: قيمة المؤشر | M3: سنة فترة القياس | N3: شهر فترة القياس
A4: إحصاءات الدفاع المدني | B4: Civil Defense Statistics | C4: M1 | D4: Number | E4: عدد | F4: ='Source Table'!$I$6 -> Fire Fighting | G4: ='Source Table'!$I$5 -> الإطفاء | H4: ='Source Table'!$K$8 -> Number | I4: ='Source Table'!$K$7 -> العدد | J4: ='Source Table'!$B$9 -> January | K4: ='Source Table'!$L$9 -> كانون الثاني | L4: 1739 | M4: 2023
A5: إحصاءات الدفاع المدني | B5: Civil Defense Statistics | C5: M1 | D5: Number | E5: عدد | F5: ='Source Table'!$I$6 -> Fire Fighting | G5: ='Source Table'!$I$5 -> الإطفاء | H5: ='Source Table'!$K$8 -> Number | I5: ='Source Table'!$K$7 -> العدد | J5: ='Source Table'!$B$10 -> February | K5: ='Source Table'!$L$10 -> شباط | L5: 1441 | M5: 2023
A6: إحصاءات الدفاع المدني | B6: Civil Defense Statistics | C6: M1 | D6: Number | E6: عدد | F6: ='Source Table'!$I$6 -> Fire Fighting | G6: ='Source Table'!$I$5 -> الإطفاء | H6: ='Source Table'!$K$8 -> Number | I6: ='Source Table'!$K$7 -> العدد | J6: ='Source Table'!$B$11 -> March | K6: ='Source Table'!$L$11 -> آذار | L6: 1687 | M6: 2023
A7: إحصاءات الدفاع المدني | B7: Civil Defense Statistics | C7: M1 | D7: Number | E7: عدد | F7: ='Source Table'!$I$6 -> Fire Fighting | G7: ='Source Table'!$I$5 -> الإطفاء | H7: ='Source Table'!$K$8 -> Number | I7: ='Source Table'!$K$7 -> العدد | J7: ='Source Table'!$B$12 -> April | K7: ='Source Table'!$L$12 -> نيسان | L7: 1600 | M7: 2023
A8: إحصاءات الدفاع المدني | B8: Civil Defense Statistics | C8: M1 | D8: Number | E8: عدد | F8: ='Source Table'!$I$6 -> Fire Fighting | G8: ='Source Table'!$I$5 -> الإطفاء | H8: ='Source Table'!$K$8 -> Number | I8: ='Source Table'!$K$7 -> العدد | J8: ='Source Table'!$B$13 -> May | K8: ='Source Table'!$L$13 -> أيار | L8: 3767 | M8: 2023
A9: إحصاءات الدفاع المدني | B9: Civil Defense Statistics | C9: M1 | D9: Number | E9: عدد | F9: ='Source Table'!$I$6 -> Fire Fighting | G9: ='Source Table'!$I$5 -> الإطفاء | H9: ='Source Table'!$K$8 -> Number | I9: ='Source Table'!$K$7 -> العدد | J9: ='Source Table'!$B$14 -> June | K9: ='Source Table'!$L$14 -> حزيران | L9: 5285 | M9: 2023
A10: إحصاءات الدفاع المدني | B10: Civil Defense Statistics | C10: M1 | D10: Number | E10: عدد | F10: ='Source Table'!$I$6 -> Fire Fighting | G10: ='Source Table'!$I$5 -> الإطفاء | H10: ='Source Table'!$K$8 -> Number | I10: ='Source Table'!$K$7 -> العدد | J10: ='Source Table'!$B$15 -> July | K10: ='Source Table'!$L$15 -> تموز | L10: 4979 | M10: 2023
A11: إحصاءات الدفاع المدني | B11: Civil Defense Statistics | C11: M1 | D11: Number | E11: عدد | F11: ='Source Table'!$I$6 -> Fire Fighting | G11: ='Source Table'!$I$5 -> الإطفاء | H11: ='Source Table'!$K$8 -> Number | I11: ='Source Table'!$K$7 -> العدد | J11: ='Source Table'!$B$16 -> August | K11: ='Source Table'!$L$16 -> آب | L11: 3650 | M11: 2023
A12: إحصاءات الدفاع المدني | B12: Civil Defense Statistics | C12: M1 | D12: Number | E12: عدد | F12: ='Source Table'!$I$6 -> Fire Fighting | G12: ='Source Table'!$I$5 -> الإطفاء | H12: ='Source Table'!$K$8 -> Number | I12: ='Source Table'!$K$7 -> العدد | J12: ='Source Table'!$B$17 -> September | K12: ='Source Table'!$L$17 -> أيلول | L12: 3217 | M12: 2023
A13: إحصاءات الدفاع المدني | B13: Civil Defense Statistics | C13: M1 | D13: Number | E13: عدد | F13: ='Source Table'!$I$6 -> Fire Fighting | G13: ='Source Table'!$I$5 -> الإطفاء | H13: ='Source Table'!$K$8 -> Number | I13: ='Source Table'!$K$7 -> العدد | J13: ='Source Table'!$B$18 -> October | K13: ='Source Table'!$L$18 -> تشرين الأول | L13: 2757 | M13: 2023
A14: إحصاءات الدفاع المدني | B14: Civil Defense Statistics | C14: M1 | D14: Number | E14: عدد | F14: ='Source Table'!$I$6 -> Fire Fighting | G14: ='Source Table'!$I$5 -> الإطفاء | H14: ='Source Table'!$K$8 -> Number | I14: ='Source Table'!$K$7 -> العدد | J14: ='Source Table'!$B$19 -> November | K14: ='Source Table'!$L$19 -> تشرين الثاني | L14: 2118 | M14: 2023
A15: إحصاءات الدفاع المدني | B15: Civil Defense Statistics | C15: M1 | D15: Number | E15: عدد | F15: ='Source Table'!$I$6 -> Fire Fighting | G15: ='Source Table'!$I$5 -> الإطفاء | H15: ='Source Table'!$K$8 -> Number | I15: ='Source Table'!$K$7 -> العدد | J15: ='Source Table'!$B$20 -> December | K15: ='Source Table'!$L$20 -> كانون الأول | L15: 1700 | M15: 2023
A16: إحصاءات الدفاع المدني | B16: Civil Defense Statistics | C16: M1 | D16: Number | E16: عدد | F16: ='Source Table'!$I$6 -> Fire Fighting | G16: ='Source Table'!$I$5 -> الإطفاء | H16: ='Source Table'!$J$8 -> Injuries | I16: ='Source Table'!$J$7 -> الإصابات | J16: ='Source Table'!$B$9 -> January | K16: ='Source Table'!$L$9 -> كانون الثاني | L16: 176 | M16: 2023
A17: إحصاءات الدفاع المدني | B17: Civil Defense Statistics | C17: M1 | D17: Number | E17: عدد | F17: ='Source Table'!$I$6 -> Fire Fighting | G17: ='Source Table'!$I$5 -> الإطفاء | H17: ='Source Table'!$J$8 -> Injuries | I17: ='Source Table'!$J$7 -> الإصابات | J17: ='Source Table'!$B$10 -> February | K17: ='Source Table'!$L$10 -> شباط | L17: 125 | M17: 2023
A18: إحصاءات الدفاع المدني | B18: Civil Defense Statistics | C18: M1 | D18: Number | E18: عدد | F18: ='Source Table'!$I$6 -> Fire Fighting | G18: ='Source Table'!$I$5 -> الإطفاء | H18: ='Source Table'!$J$8 -> Injuries | I18: ='Source Table'!$J$7 -> الإصابات | J18: ='Source Table'!$B$11 -> March | K18: ='Source Table'!$L$11 -> آذار | L18: 155 | M18: 2023
A19: إحصاءات الدفاع المدني | B19: Civil Defense Statistics | C19: M1 | D19: Number | E19: عدد | F19: ='Source Table'!$I$6 -> Fire Fighting | G19: ='Source Table'!$I$5 -> الإطفاء | H19: ='Source Table'!$J$8 -> Injuries | I19: ='Source Table'!$J$7 -> الإصابات | J19: ='Source Table'!$B$12 -> April | K19: ='Source Table'!$L$12 -> نيسان | L19: 142 | M19: 2023
A20: إحصاءات الدفاع المدني | B20: Civil Defense Statistics | C20: M1 | D20: Number | E20: عدد | F20: ='Source Table'!$I$6 -> Fire Fighting | G20: ='Source Table'!$I$5 -> الإطفاء | H20: ='Source Table'!$J$8 -> Injuries | I20: ='Source Table'!$J$7 -> الإصابات | J20: ='Source Table'!$B$13 -> May | K20: ='Source Table'!$L$13 -> أيار | L20: 148 | M20: 2023
A21: إحصاءات الدفاع المدني | B21: Civil Defense Statistics | C21: M1 | D21: Number | E21: عدد | F21: ='Source Table'!$I$6 -> Fire Fighting | G21: ='Source Table'!$I$5 -> الإطفاء | H21: ='Source Table'!$J$8 -> Injuries | I21: ='Source Table'!$J$7 -> الإصابات | J21: ='Source Table'!$B$14 -> June | K21: ='Source Table'!$L$14 -> حزيران | L21: 124 | M21: 2023
A22: إحصاءات الدفاع المدني | B22: Civil Defense Statistics | C22: M1 | D22: Number | E22: عدد | F22: ='Source Table'!$I$6 -> Fire Fighting | G22: ='Source Table'!$I$5 -> الإطفاء | H22: ='Source Table'!$J$8 -> Injuries | I22: ='Source Table'!$J$7 -> الإصابات | J22: ='Source Table'!$B$15 -> July | K22: ='Source Table'!$L$15 -> تموز | L22: 167 | M22: 2023
A23: إحصاءات الدفاع المدني | B23: Civil Defense Statistics | C23: M1 | D23: Number | E23: عدد | F23: ='Source Table'!$I$6 -> Fire Fighting | G23: ='Source Table'!$I$5 -> الإطفاء | H23: ='Source Table'!$J$8 -> Injuries | I23: ='Source Table'!$J$7 -> الإصابات | J23: ='Source Table'!$B$16 -> August | K23: ='Source Table'!$L$16 -> آب | L23: 178 | M23: 2023
A24: إحصاءات الدفاع المدني | B24: Civil Defense Statistics | C24: M1 | D24: Number | E24: عدد | F24: ='Source Table'!$I$6 -> Fire Fighting | G24: ='Source Table'!$I$5 -> الإطفاء | H24: ='Source Table'!$J$8 -> Injuries | I24: ='Source Table'!$J$7 -> الإصابات | J24: ='Source Table'!$B$17 -> September | K24: ='Source Table'!$L$17 -> أيلول | L24: 80 | M24: 2023
A25: إحصاءات الدفاع المدني | B25: Civil Defense Statistics | C25: M1 | D25: Number | E25: عدد | F25: ='Source Table'!$I$6 -> Fire Fighting | G25: ='Source Table'!$I$5 -> الإطفاء | H25: ='Source Table'!$J$8 -> Injuries | I25: ='Source Table'!$J$7 -> الإصابات | J25: ='Source Table'!$B$18 -> October | K25: ='Source Table'!$L$18 -> تشرين الأول | L25: 121 | M25: 2023
A26: إحصاءات الدفاع المدني | B26: Civil Defense Statistics | C26: M1 | D26: Number | E26: عدد | F26: ='Source Table'!$I$6 -> Fire Fighting | G26: ='Source Table'!$I$5 -> الإطفاء | H26: ='Source Table'!$J$8 -> Injuries | I26: ='Source Table'!$J$7 -> الإصابات | J26: ='Source Table'!$B$19 -> November | K26: ='Source Table'!$L$19 -> تشرين الثاني | L26: 127 | M26: 2023
A27: إحصاءات الدفاع المدني | B27: Civil Defense Statistics | C27: M1 | D27: Number | E27: عدد | F27: ='Source Table'!$I$6 -> Fire Fighting | G27: ='Source Table'!$I$5 -> الإطفاء | H27: ='Source Table'!$J$8 -> Injuries | I27: ='Source Table'!$J$7 -> الإصابات | J27: ='Source Table'!$B$20 -> December | K27: ='Source Table'!$L$20 -> كانون الأول | L27: 177 | M27: 2023
A28: إحصاءات الدفاع المدني | B28: Civil Defense Statistics | C28: M1 | D28: Number | E28: عدد | F28: ='Source Table'!$I$6 -> Fire Fighting | G28: ='Source Table'!$I$5 -> الإطفاء | H28: ='Source Table'!$J$8 -> Injuries | I28: ='Source Table'!$J$7 -> الإصابات | J28: ='Source Table'!$B$9 -> January | K28: ='Source Table'!$L$9 -> كانون الثاني | L28: 13 | M28: 2023
A29: إحصاءات الدفاع المدني | B29: Civil Defense Statistics | C29: M1 | D29: Number | E29: عدد | F29: ='Source Table'!$I$6 -> Fire Fighting | G29: ='Source Table'!$I$5 -> الإطفاء | H29: ='Source Table'!$I$8 -> Deaths | I29: ='Source Table'!$I$7 -> الوفيات | J29: ='Source Table'!$B$10 -> February | K29: ='Source Table'!$L$10 -> شباط | L29: 5 | M29: 2023
A30: إحصاءات الدفاع المدني | B30: Civil Defense Statistics | C30: M1 | D30: Number | E30: عدد | F30: ='Source Table'!$I$6 -> Fire Fighting | G30: ='Source Table'!$I$5 -> الإطفاء | H30: ='Source Table'!$I$8 -> Deaths | I30: ='Source Table'!$I$7 -> الوفيات | J30: ='Source Table'!$B$11 -> March | K30: ='Source Table'!$L$11 -> آذار | L30: 8 | M30: 2023
A31: إحصاءات الدفاع المدني | B31: Civil Defense Statistics | C31: M1 | D31: Number | E31: عدد | F31: ='Source Table'!$I$6 -> Fire Fighting | G31: ='Source Table'!$I$5 -> الإطفاء | H31: ='Source Table'!$I$8 -> Deaths | I31: ='Source Table'!$I$7 -> الوفيات | J31: ='Source Table'!$B$12 -> April | K31: ='Source Table'!$L$12 -> نيسان | L31: 3 | M31: 2023
A32: إحصاءات الدفاع المدني | B32: Civil Defense Statistics | C32: M1 | D32: Number | E32: عدد | F32: ='Source Table'!$I$6 -> Fire Fighting | G32: ='Source Table'!$I$5 -> الإطفاء | H32: ='Source Table'!$I$8 -> Deaths | I32: ='Source Table'!$I$7 -> الوفيات | J32: ='Source Table'!$B$13 -> May | K32: ='Source Table'!$L$13 -> أيار | L32: 10 | M32: 2023
A33: إحصاءات الدفاع المدني | B33: Civil Defense Statistics | C33: M1 | D33: Number | E33: عدد | F33: ='Source Table'!$I$6 -> Fire Fighting | G33: ='Source Table'!$I$5 -> الإطفاء | H33: ='Source Table'!$I$8 -> Deaths | I33: ='Source Table'!$I$7 -> الوفيات | J33: ='Source Table'!$B$14 -> June | K33: ='Source Table'!$L$14 -> حزيران | L33: 1 | M33: 2023
A34: إحصاءات الدفاع المدني | B34: Civil Defense Statistics | C34: M1 | D34: Number | E34: عدد | F34: ='Source Table'!$I$6 -> Fire Fighting | G34: ='Source Table'!$I$5 -> الإطفاء | H34: ='Source Table'!$I$8 -> Deaths | I34: ='Source Table'!$I$7 -> الوفيات | J34: ='Source Table'!$B$15 -> July | K34: ='Source Table'!$L$15 -> تموز | L34: 3 | M34: 2023
A35: إحصاءات الدفاع المدني | B35: Civil Defense Statistics | C35: M1 | D35: Number | E35: عدد | F35: ='Source Table'!$I$6 -> Fire Fighting | G35: ='Source Table'!$I$5 -> الإطفاء | H35: ='Source Table'!$I$8 -> Deaths | I35: ='Source Table'!$I$7 -> الوفيات | J35: ='Source Table'!$B$16 -> August | K35: ='Source Table'!$L$16 -> آب | L35: 1 | M35: 2023
A36: إحصاءات الدفاع المدني | B36: Civil Defense Statistics | C36: M1 | D36: Number | E36: عدد | F36: ='Source Table'!$I$6 -> Fire Fighting | G36: ='Source Table'!$I$5 -> الإطفاء | H36: ='Source Table'!$I$8 -> Deaths | I36: ='Source Table'!$I$7 -> الوفيات | J36: ='Source Table'!$B$17 -> September | K36: ='Source Table'!$L$17 -> أيلول | L36: 0 | M36: 2023
A37: إحصاءات الدفاع المدني | B37: Civil Defense Statistics | C37: M1 | D37: Number | E37: عدد | F37: ='Source Table'!$I$6 -> Fire Fighting | G37: ='Source Table'!$I$5 -> الإطفاء | H37: ='Source Table'!$I$8 -> Deaths | I37: ='Source Table'!$I$7 -> الوفيات | J37: ='Source Table'!$B$18 -> October | K37: ='Source Table'!$L$18 -> تشرين الأول | L37: 0 | M37: 2023
A38: إحصاءات الدفاع المدني | B38: Civil Defense Statistics | C38: M1 | D38: Number | E38: عدد | F38: ='Source Table'!$I$6 -> Fire Fighting | G38: ='Source Table'!$I$5 -> الإطفاء | H38: ='Source Table'!$I$8 -> Deaths | I38: ='Source Table'!$I$7 -> الوفيات | J38: ='Source Table'!$B$19 -> November | K38: ='Source Table'!$L$19 -> تشرين الثاني | L38: 3 | M38: 2023
A39: إحصاءات الدفاع المدني | B39: Civil Defense Statistics | C39: M1 | D39: Number | E39: عدد | F39: ='Source Table'!$I$6 -> Fire Fighting | G39: ='Source Table'!$I$5 -> الإطفاء | H39: ='Source Table'!$I$8 -> Deaths | I39: ='Source Table'!$I$7 -> الوفيات | J39: ='Source Table'!$B$20 -> December | K39: ='Source Table'!$L$20 -> كانون الأول | L39: 7 | M39: 2023
A40: إحصاءات الدفاع المدني | B40: Civil Defense Statistics | C40: M1 | D40: Number | E40: عدد | F40: ='Source Table'!$F$6 -> First Aid | G40: ='Source Table'!$F$5 -> الإسعاف | H40: ='Source Table'!$K$8 -> Number | I40: ='Source Table'!$K$7 -> العدد | J40: ='Source Table'!$B$9 -> January | K40: ='Source Table'!$L$9 -> كانون الثاني | L40: 36026 | M40: 2023
A41: إحصاءات الدفاع المدني | B41: Civil Defense Statistics | C41: M1 | D41: Number | E41: عدد | F41: ='Source Table'!$F$6 -> First Aid | G41: ='Source Table'!$F$5 -> الإسعاف | H41: ='Source Table'!$K$8 -> Number | I41: ='Source Table'!$K$7 -> العدد | J41: ='Source Table'!$B$10 -> February | K41: ='Source Table'!$L$10 -> شباط | L41: 34276 | M41: 2023
A42: إحصاءات الدفاع المدني | B42: Civil Defense Statistics | C42: M1 | D42: Number | E42: عدد | F42: ='Source Table'!$F$6 -> First Aid | G42: ='Source Table'!$F$5 -> الإسعاف | H42: ='Source Table'!$K$8 -> Number | I42: ='Source Table'!$K$7 -> العدد | J42: ='Source Table'!$B$11 -> March | K42: ='Source Table'!$L$11 -> آذار | L42: 38217 | M42: 2023
A43: إحصاءات الدفاع المدني | B43: Civil Defense Statistics | C43: M1 | D43: Number | E43: عدد | F43: ='Source Table'!$F$6 -> First Aid | G43: ='Source Table'!$F$5 -> الإسعاف | H43: ='Source Table'!$K$8 -> Number | I43: ='Source Table'!$K$7 -> العدد | J43: ='Source Table'!$B$12 -> April | K43: ='Source Table'!$L$12 -> نيسان | L43: 34078 | M43: 2023
A44: إحصاءات الدفاع المدني | B44: Civil Defense Statistics | C44: M1 | D44: Number | E44: عدد | F44: ='Source Table'!$F$6 -> First Aid | G44: ='Source Table'!$F$5 -> الإسعاف | H44: ='Source Table'!$K$8 -> Number | I44: ='Source Table'!$K$7 -> العدد | J44: ='Source Table'!$B$13 -> May | K44: ='Source Table'!$L$13 -> أيار | L44: 38873 | M44: 2023
A45: إحصاءات الدفاع المدني | B45: Civil Defense Statistics | C45: M1 | D45: Number | E45: عدد | F45: ='Source Table'!$F$6 -> First Aid | G45: ='Source Table'!$F$5 -> الإسعاف | H45: ='Source Table'!$K$8 -> Number | I45: ='Source Table'!$K$7 -> العدد | J45: ='Source Table'!$B$14 -> June | K45: ='Source Table'!$L$14 -> حزيران | L45: 36735 | M45: 2023
A46: إحصاءات الدفاع المدني | B46: Civil Defense Statistics | C46: M1 | D46: Number | E46: عدد | F46: ='Source Table'!$F$6 -> First Aid | G46: ='Source Table'!$F$5 -> الإسعاف | H46: ='Source Table'!$K$8 -> Number | I46: ='Source Table'!$K$7 -> العدد | J46: ='Source Table'!$B$15 -> July | K46: ='Source Table'!$L$15 -> تموز | L46: 42385 | M46: 2023
A47: إحصاءات الدفاع المدني | B47: Civil Defense Statistics | C47: M1 | D47: Number | E47: عدد | F47: ='Source Table'!$F$6 -> First Aid | G47: ='Source Table'!$F$5 -> الإسعاف | H47: ='Source Table'!$K$8 -> Number | I47: ='Source Table'!$K$7 -> العدد | J47: ='Source Table'!$B$16 -> August | K47: ='Source Table'!$L$16 -> آب | L47: 42346 | M47: 2023
A48: إحصاءات الدفاع المدني | B48: Civil Defense Statistics | C48: M1 | D48: Number | E48: عدد | F48: ='Source Table'!$F$6 -> First Aid | G48: ='Source Table'!$F$5 -> الإسعاف | H48: ='Source Table'!$K$8 -> Number | I48: ='Source Table'!$K$7 -> العدد | J48: ='Source Table'!$B$17 -> September | K48: ='Source Table'!$L$17 -> أيلول | L48: 39343 | M48: 2023
A49: إحصاءات الدفاع المدني | B49: Civil Defense Statistics | C49: M1 | D49: Number | E49: عدد | F49: ='Source Table'!$F$6 -> First Aid | G49: ='Source Table'!$F$5 -> الإسعاف | H49: ='Source Table'!$K$8 -> Number | I49: ='Source Table'!$K$7 -> العدد | J49: ='Source Table'!$B$18 -> October | K49: ='Source Table'!$L$18 -> تشرين الأول | L49: 38118 | M49: 2023
A50: إحصاءات الدفاع المدني | B50: Civil Defense Statistics | C50: M1 | D50: Number | E50: عدد | F50: ='Source Table'!$F$6 -> First Aid | G50: ='Source Table'!$F$5 -> الإسعاف | H50: ='Source Table'!$K$8 -> Number | I50: ='Source Table'!$K$7 -> العدد | J50: ='Source Table'!$B$19 -> November | K50: ='Source Table'!$L$19 -> تشرين الثاني | L50: 374,81 | M50: 2023
A51: إحصاءات الدفاع المدني | B51: Civil Defense Statistics | C51: M1 | D51: Number | E51: عدد | F51: ='Source Table'!$F$6 -> First Aid | G51: ='Source Table'!$F$5 -> الإسعاف | H51: ='Source Table'!$K$8 -> Number | I51: ='Source Table'!$K$7 -> العدد | J51: ='Source Table'!$B$20 -> December | K51: ='Source Table'!$L$20 -> كانون الأول | L51: 43090 | M51: 2023
A52: إحصاءات الدفاع المدني | B52: Civil Defense Statistics | C52: M1 | D52: Number | E52: عدد | F52: ='Source Table'!$F$6 -> First Aid | G52: ='Source Table'!$F$5 -> الإسعاف | H52: ='Source Table'!$J$8 -> Injuries | I52: ='Source Table'!$J$7 -> الإصابات | J52: ='Source Table'!$B$9 -> January | K52: ='Source Table'!$L$9 -> كانون الثاني | L52: 36667 | M52: 2023
A53: إحصاءات الدفاع المدني | B53: Civil Defense Statistics | C53: M1 | D53: Number | E53: عدد | F53: ='Source Table'!$F$6 -> First Aid | G53: ='Source Table'!$F$5 -> الإسعاف | H53: ='Source Table'!$J$8 -> Injuries | I53: ='Source Table'!$J$7 -> الإصابات | J53: ='Source Table'!$B$10 -> February | K53: ='Source Table'!$L$10 -> شباط | L53: 34807 | M53: 2023
A54: إحصاءات الدفاع المدني | B54: Civil Defense Statistics | C54: M1 | D54: Number | E54: عدد | F54: ='Source Table'!$F$6 -> First Aid | G54: ='Source Table'!$F$5 -> الإسعاف | H54: ='Source Table'!$J$8 -> Injuries | I54: ='Source Table'!$J$7 -> الإصابات | J54: ='Source Table'!$B$11 -> March | K54: ='Source Table'!$L$11 -> آذار | L54: 38723 | M54: 2023
A55: إحصاءات الدفاع المدني | B55: Civil Defense Statistics | C55: M1 | D55: Number | E55: عدد | F55: ='Source Table'!$F$6 -> First Aid | G55: ='Source Table'!$F$5 -> الإسعاف | H55: ='Source Table'!$J$8 -> Injuries | I55: ='Source Table'!$J$7 -> الإصابات | J55: ='Source Table'!$B$12 -> April | K55: ='Source Table'!$L$12 -> نيسان | L55: 34695 | M55: 2023
A56: إحصاءات الدفاع المدني | B56: Civil Defense Statistics | C56: M1 | D56: Number | E56: عدد | F56: ='Source Table'!$F$6 -> First Aid | G56: ='Source Table'!$F$5 -> الإسعاف | H56: ='Source Table'!$J$8 -> Injuries | I56: ='Source Table'!$J$7 -> الإصابات | J56: ='Source Table'!$B$13 -> May | K56: ='Source Table'!$L$13 -> أيار | L56: 39449 | M56: 2023
A57: إحصاءات الدفاع المدني | B57: Civil Defense Statistics | C57: M1 | D57: Number | E57: عدد | F57: ='Source Table'!$F$6 -> First Aid | G57: ='Source Table'!$F$5 -> الإسعاف | H57: ='Source Table'!$J$8 -> Injuries | I57: ='Source Table'!$J$7 -> الإصابات | J57: ='Source Table'!$B$14 -> June | K57: ='Source Table'!$L$14 -> حزيران | L57: 37072 | M57: 2023
A58: إحصاءات الدفاع المدني | B58: Civil Defense Statistics | C58: M1 | D58: Number | E58: عدد | F58: ='Source Table'!$F$6 -> First Aid | G58: ='Source Table'!$F$5 -> الإسعاف | H58: ='Source Table'!$J$8 -> Injuries | I58: ='Source Table'!$J$7 -> الإصابات | J58: ='Source Table'!$B$15 -> July | K58: ='Source Table'!$L$15 -> تموز | L58: 42831 | M58: 2023
A59: إحصاءات الدفاع المدني | B59: Civil Defense Statistics | C59: M1 | D59: Number | E59: عدد | F59: ='Source Table'!$F$6 -> First Aid | G59: ='Source Table'!$F$5 -> الإسعاف | H59: ='Source Table'!$J$8 -> Injuries | I59: ='Source Table'!$J$7 -> الإصابات | J59: ='Source Table'!$B$16 -> August | K59: ='Source Table'!$L$16 -> آب | L59: 42485 | M59: 2023
A60: إحصاءات الدفاع المدني | B60: Civil Defense Statistics | C60: M1 | D60: Number | E60: عدد | F60: ='Source Table'!$F$6 -> First Aid | G60: ='Source Table'!$F$5 -> الإسعاف | H60: ='Source Table'!$J$8 -> Injuries | I60: ='Source Table'!$J$7 -> الإصابات | J60: ='Source Table'!$B$17 -> September | K60: ='Source Table'!$L$17 -> أيلول | L60: 39195 | M60: 2023
A61: إحصاءات الدفاع المدني | B61: Civil Defense Statistics | C61: M1 | D61: Number | E61: عدد | F61: ='Source Table'!$F$6 -> First Aid | G61: ='Source Table'!$F$5 -> الإسعاف | H61: ='Source Table'!$J$8 -> Injuries | I61: ='Source Table'!$J$7 -> الإصابات | J61: ='Source Table'!$B$18 -> October | K61: ='Source Table'!$L$18 -> تشرين الأول | L61: 38088 | M61: 2023
A62: إحصاءات الدفاع المدني | B62: Civil Defense Statistics | C62: M1 | D62: Number | E62: عدد | F62: ='Source Table'!$F$6 -> First Aid | G62: ='Source Table'!$F$5 -> الإسعاف | H62: ='Source Table'!$J$8 -> Injuries | I62: ='Source Table'!$J$7 -> الإصابات | J62: ='Source Table'!$B$19 -> November | K62: ='Source Table'!$L$19 -> تشرين الثاني | L62: 37309 | M62: 2023
A63: إحصاءات الدفاع المدني | B63: Civil Defense Statistics | C63: M1 | D63: Number | E63: عدد | F63: ='Source Table'!$F$6 -> First Aid | G63: ='Source Table'!$F$5 -> الإسعاف | H63: ='Source Table'!$J$8 -> Injuries | I63: ='Source Table'!$J$7 -> الإصابات | J63: ='Source Table'!$B$20 -> December | K63: ='Source Table'!$L$20 -> كانون الأول | L63: 42878 | M63: 2023
A64: إحصاءات الدفاع المدني | B64: Civil Defense Statistics | C64: M1 | D64: Number | E64: عدد | F64: ='Source Table'!$F$6 -> First Aid | G64: ='Source Table'!$F$5 -> الإسعاف | H64: ='Source Table'!$J$8 -> Injuries | I64: ='Source Table'!$J$7 -> الإصابات | J64: ='Source Table'!$B$9 -> January | K64: ='Source Table'!$L$9 -> كانون الثاني | L64: 621 | M64: 2023
A65: إحصاءات الدفاع المدني | B65: Civil Defense Statistics | C65: M1 | D65: Number | E65: عدد | F65: ='Source Table'!$F$6 -> First Aid | G65: ='Source Table'!$F$5 -> الإسعاف | H65: ='Source Table'!$I$8 -> Deaths | I65: ='Source Table'!$I$7 -> الوفيات | J65: ='Source Table'!$B$10 -> February | K65: ='Source Table'!$L$10 -> شباط | L65: 667 | M65: 2023
A66: إحصاءات الدفاع المدني | B66: Civil Defense Statistics | C66: M1 | D66: Number | E66: عدد | F66: ='Source Table'!$F$6 -> First Aid | G66: ='Source Table'!$F$5 -> الإسعاف | H66: ='Source Table'!$I$8 -> Deaths | I66: ='Source Table'!$I$7 -> الوفيات | J66: ='Source Table'!$B$11 -> March | K66: ='Source Table'!$L$11 -> آذار | L66: 612 | M66: 2023
A67: إحصاءات الدفاع المدني | B67: Civil Defense Statistics | C67: M1 | D67: Number | E67: عدد | F67: ='Source Table'!$F$6 -> First Aid | G67: ='Source Table'!$F$5 -> الإسعاف | H67: ='Source Table'!$I$8 -> Deaths | I67: ='Source Table'!$I$7 -> الوفيات | J67: ='Source Table'!$B$12 -> April | K67: ='Source Table'!$L$12 -> نيسان | L67: 590 | M67: 2023
A68: إحصاءات الدفاع المدني | B68: Civil Defense Statistics | C68: M1 | D68: Number | E68: عدد | F68: ='Source Table'!$F$6 -> First Aid | G68: ='Source Table'!$F$5 -> الإسعاف | H68: ='Source Table'!$I$8 -> Deaths | I68: ='Source Table'!$I$7 -> الوفيات | J68: ='Source Table'!$B$13 -> May | K68: ='Source Table'!$L$13 -> أيار | L68: 509 | M68: 2023
A69: إحصاءات الدفاع المدني | B69: Civil Defense Statistics | C69: M1 | D69: Number | E69: عدد | F69: ='Source Table'!$F$6 -> First Aid | G69: ='Source Table'!$F$5 -> الإسعاف | H69: ='Source Table'!$I$8 -> Deaths | I69: ='Source Table'!$I$7 -> الوفيات | J69: ='Source Table'!$B$14 -> June | K69: ='Source Table'!$L$14 -> حزيران | L69: 506 | M69: 2023
A70: إحصاءات الدفاع المدني | B70: Civil Defense Statistics | C70: M1 | D70: Number | E70: عدد | F70: ='Source Table'!$F$6 -> First Aid | G70: ='Source Table'!$F$5 -> الإسعاف | H70: ='Source Table'!$I$8 -> Deaths | I70: ='Source Table'!$I$7 -> الوفيات | J70: ='Source Table'!$B$15 -> July | K70: ='Source Table'!$L$15 -> تموز | L70: 587 | M70: 2023
A71: إحصاءات الدفاع المدني | B71: Civil Defense Statistics | C71: M1 | D71: Number | E71: عدد | F71: ='Source Table'!$F$6 -> First Aid | G71: ='Source Table'!$F$5 -> الإسعاف | H71: ='Source Table'!$I$8 -> Deaths | I71: ='Source Table'!$I$7 -> الوفيات | J71: ='Source Table'!$B$16 -> August | K71: ='Source Table'!$L$16 -> آب | L71: 585 | M71: 2023
A72: إحصاءات الدفاع المدني | B72: Civil Defense Statistics | C72: M1 | D72: Number | E72: عدد | F72: ='Source Table'!$F$6 -> First Aid | G72: ='Source Table'!$F$5 -> الإسعاف | H72: ='Source Table'!$I$8 -> Deaths | I72: ='Source Table'!$I$7 -> الوفيات | J72: ='Source Table'!$B$17 -> September | K72: ='Source Table'!$L$17 -> أيلول | L72: 525 | M72: 2023
A73: إحصاءات الدفاع المدني | B73: Civil Defense Statistics | C73: M1 | D73: Number | E73: عدد | F73: ='Source Table'!$F$6 -> First Aid | G73: ='Source Table'!$F$5 -> الإسعاف | H73: ='Source Table'!$I$8 -> Deaths | I73: ='Source Table'!$I$7 -> الوفيات | J73: ='Source Table'!$B$18 -> October | K73: ='Source Table'!$L$18 -> تشرين الأول | L73: 525 | M73: 2023
A74: إحصاءات الدفاع المدني | B74: Civil Defense Statistics | C74: M1 | D74: Number | E74: عدد | F74: ='Source Table'!$F$6 -> First Aid | G74: ='Source Table'!$F$5 -> الإسعاف | H74: ='Source Table'!$I$8 -> Deaths | I74: ='Source Table'!$I$7 -> الوفيات | J74: ='Source Table'!$B$19 -> November | K74: ='Source Table'!$L$19 -> تشرين الثاني | L74: 614 | M74: 2023
A75: إحصاءات الدفاع المدني | B75: Civil Defense Statistics | C75: M1 | D75: Number | E75: عدد | F75: ='Source Table'!$F$6 -> First Aid | G75: ='Source Table'!$F$5 -> الإسعاف | H75: ='Source Table'!$I$8 -> Deaths | I75: ='Source Table'!$I$7 -> الوفيات | J75: ='Source Table'!$B$20 -> December | K75: ='Source Table'!$L$20 -> كانون الأول | L75: 832 | M75: 2023
A76: إحصاءات الدفاع المدني | B76: Civil Defense Statistics | C76: M1 | D76: Number | E76: عدد | F76: ='Source Table'!$C$6 -> Rescue | G76: ='Source Table'!$C$5 -> الإنقاذ | H76: ='Source Table'!$K$8 -> Number | I76: ='Source Table'!$K$7 -> العدد | J76: ='Source Table'!$B$9 -> January | K76: ='Source Table'!$L$9 -> كانون الثاني | L76: 2801 | M76: 2023
A77: إحصاءات الدفاع المدني | B77: Civil Defense Statistics | C77: M1 | D77: Number | E77: عدد | F77: ='Source Table'!$C$6 -> Rescue | G77: ='Source Table'!$C$5 -> الإنقاذ | H77: ='Source Table'!$K$8 -> Number | I77: ='Source Table'!$K$7 -> العدد | J77: ='Source Table'!$B$10 -> February | K77: ='Source Table'!$L$10 -> شباط | L77: 3469 | M77: 2023
A78: إحصاءات الدفاع المدني | B78: Civil Defense Statistics | C78: M1 | D78: Number | E78: عدد | F78: ='Source Table'!$C$6 -> Rescue | G78: ='Source Table'!$C$5 -> الإنقاذ | H78: ='Source Table'!$K$8 -> Number | I78: ='Source Table'!$K$7 -> العدد | J78: ='Source Table'!$B$11 -> March | K78: ='Source Table'!$L$11 -> آذار | L78: 2909 | M78: 2023
A79: إحصاءات الدفاع المدني | B79: Civil Defense Statistics | C79: M1 | D79: Number | E79: عدد | F79: ='Source Table'!$C$6 -> Rescue | G79: ='Source Table'!$C$5 -> الإنقاذ | H79: ='Source Table'!$K$8 -> Number | I79: ='Source Table'!$K$7 -> العدد | J79: ='Source Table'!$B$12 -> April | K79: ='Source Table'!$L$12 -> نيسان | L79: 3227 | M79: 2023
A80: إحصاءات الدفاع المدني | B80: Civil Defense Statistics | C80: M1 | D80: Number | E80: عدد | F80: ='Source Table'!$C$6 -> Rescue | G80: ='Source Table'!$C$5 -> الإنقاذ | H80: ='Source Table'!$K$8 -> Number | I80: ='Source Table'!$K$7 -> العدد | J80: ='Source Table'!$B$13 -> May | K80: ='Source Table'!$L$13 -> أيار | L80: 3431 | M80: 2023
A81: إحصاءات الدفاع المدني | B81: Civil Defense Statistics | C81: M1 | D81: Number | E81: عدد | F81: ='Source Table'!$C$6 -> Rescue | G81: ='Source Table'!$C$5 -> الإنقاذ | H81: ='Source Table'!$K$8 -> Number | I81: ='Source Table'!$K$7 -> العدد | J81: ='Source Table'!$B$14 -> June | K81: ='Source Table'!$L$14 -> حزيران | L81: 3125 | M81: 2023
A82: إحصاءات الدفاع المدني | B82: Civil Defense Statistics | C82: M1 | D82: Number | E82: عدد | F82: ='Source Table'!$C$6 -> Rescue | G82: ='Source Table'!$C$5 -> الإنقاذ | H82: ='Source Table'!$K$8 -> Number | I82: ='Source Table'!$K$7 -> العدد | J82: ='Source Table'!$B$15 -> July | K82: ='Source Table'!$L$15 -> تموز | L82: 3481 | M82: 2023
A83: إحصاءات الدفاع المدني | B83: Civil Defense Statistics | C83: M1 | D83: Number | E83: عدد | F83: ='Source Table'!$C$6 -> Rescue | G83: ='Source Table'!$C$5 -> الإنقاذ | H83: ='Source Table'!$K$8 -> Number | I83: ='Source Table'!$K$7 -> العدد | J83: ='Source Table'!$B$16 -> August | K83: ='Source Table'!$L$16 -> آب | L83: 3401 | M83: 2023
A84: إحصاءات الدفاع المدني | B84: Civil Defense Statistics | C84: M1 | D84: Number | E84: عدد | F84: ='Source Table'!$C$6 -> Rescue | G84: ='Source Table'!$C$5 -> الإنقاذ | H84: ='Source Table'!$K$8 -> Number | I84: ='Source Table'!$K$7 -> العدد | J84: ='Source Table'!$B$17 -> September | K84: ='Source Table'!$L$17 -> أيلول | L84: 2989 | M84: 2023
A85: إحصاءات الدفاع المدني | B85: Civil Defense Statistics | C85: M1 | D85: Number | E85: عدد | F85: ='Source Table'!$C$6 -> Rescue | G85: ='Source Table'!$C$5 -> الإنقاذ | H85: ='Source Table'!$K$8 -> Number | I85: ='Source Table'!$K$7 -> العدد | J85: ='Source Table'!$B$18 -> October | K85: ='Source Table'!$L$18 -> تشرين الأول | L85: 2552 | M85: 2023
A86: إحصاءات الدفاع المدني | B86: Civil Defense Statistics | C86: M1 | D86: Number | E86: عدد | F86: ='Source Table'!$C$6 -> Rescue | G86: ='Source Table'!$C$5 -> الإنقاذ | H86: ='Source Table'!$K$8 -> Number | I86: ='Source Table'!$K$7 -> العدد | J86: ='Source Table'!$B$19 -> November | K86: ='Source Table'!$L$19 -> تشرين الثاني | L86: 2817 | M86: 2023
A87: إحصاءات الدفاع المدني | B87: Civil Defense Statistics | C87: M1 | D87: Number | E87: عدد | F87: ='Source Table'!$C$6 -> Rescue | G87: ='Source Table'!$C$5 -> الإنقاذ | H87: ='Source Table'!$K$8 -> Number | I87: ='Source Table'!$K$7 -> العدد | J87: ='Source Table'!$B$20 -> December | K87: ='Source Table'!$L$20 -> كانون الأول | L87: 2659 | M87: 2023
A88: إحصاءات الدفاع المدني | B88: Civil Defense Statistics | C88: M1 | D88: Number | E88: عدد | F88: ='Source Table'!$C$6 -> Rescue | G88: ='Source Table'!$C$5 -> الإنقاذ | H88: ='Source Table'!$J$8 -> Injuries | I88: ='Source Table'!$J$7 -> الإصابات | J88: ='Source Table'!$B$9 -> January | K88: ='Source Table'!$L$9 -> كانون الثاني | L88: 2549 | M88: 2023
A89: إحصاءات الدفاع المدني | B89: Civil Defense Statistics | C89: M1 | D89: Number | E89: عدد | F89: ='Source Table'!$C$6 -> Rescue | G89: ='Source Table'!$C$5 -> الإنقاذ | H89: ='Source Table'!$J$8 -> Injuries | I89: ='Source Table'!$J$7 -> الإصابات | J89: ='Source Table'!$B$10 -> February | K89: ='Source Table'!$L$10 -> شباط | L89: 2408 | M89: 2023
A90: إحصاءات الدفاع المدني | B90: Civil Defense Statistics | C90: M1 | D90: Number | E90: عدد | F90: ='Source Table'!$C$6 -> Rescue | G90: ='Source Table'!$C$5 -> الإنقاذ | H90: ='Source Table'!$J$8 -> Injuries | I90: ='Source Table'!$J$7 -> الإصابات | J90: ='Source Table'!$B$11 -> March | K90: ='Source Table'!$L$11 -> آذار | L90: 2698 | M90: 2023
A91: إحصاءات الدفاع المدني | B91: Civil Defense Statistics | C91: M1 | D91: Number | E91: عدد | F91: ='Source Table'!$C$6 -> Rescue | G91: ='Source Table'!$C$5 -> الإنقاذ | H91: ='Source Table'!$J$8 -> Injuries | I91: ='Source Table'!$J$7 -> الإصابات | J91: ='Source Table'!$B$12 -> April | K91: ='Source Table'!$L$12 -> نيسان | L91: 3088 | M91: 2023
A92: إحصاءات الدفاع المدني | B92: Civil Defense Statistics | C92: M1 | D92: Number | E92: عدد | F92: ='Source Table'!$C$6 -> Rescue | G92: ='Source Table'!$C$5 -> الإنقاذ | H92: ='Source Table'!$J$8 -> Injuries | I92: ='Source Table'!$J$7 -> الإصابات | J92: ='Source Table'!$B$13 -> May | K92: ='Source Table'!$L$13 -> أيار | L92: 2934 | M92: 2023
A93: إحصاءات الدفاع المدني | B93: Civil Defense Statistics | C93: M1 | D93: Number | E93: عدد | F93: ='Source Table'!$C$6 -> Rescue | G93: ='Source Table'!$C$5 -> الإنقاذ | H93: ='Source Table'!$J$8 -> Injuries | I93: ='Source Table'!$J$7 -> الإصابات | J93: ='Source Table'!$B$14 -> June | K93: ='Source Table'!$L$14 -> حزيران | L93: 2570 | M93: 2023
A94: إحصاءات الدفاع المدني | B94: Civil Defense Statistics | C94: M1 | D94: Number | E94: عدد | F94: ='Source Table'!$C$6 -> Rescue | G94: ='Source Table'!$C$5 -> الإنقاذ | H94: ='Source Table'!$J$8 -> Injuries | I94: ='Source Table'!$J$7 -> الإصابات | J94: ='Source Table'!$B$15 -> July | K94: ='Source Table'!$L$15 -> تموز | L94: 3096 | M94: 2023
A95: إحصاءات الدفاع المدني | B95: Civil Defense Statistics | C95: M1 | D95: Number | E95: عدد | F95: ='Source Table'!$C$6 -> Rescue | G95: ='Source Table'!$C$5 -> الإنقاذ | H95: ='Source Table'!$J$8 -> Injuries | I95: ='Source Table'!$J$7 -> الإصابات | J95: ='Source Table'!$B$16 -> August | K95: ='Source Table'!$L$16 -> آب | L95: 3281 | M95: 2023
A96: إحصاءات الدفاع المدني | B96: Civil Defense Statistics | C96: M1 | D96: Number | E96: عدد | F96: ='Source Table'!$C$6 -> Rescue | G96: ='Source Table'!$C$5 -> الإنقاذ | H96: ='Source Table'!$J$8 -> Injuries | I96: ='Source Table'!$J$7 -> الإصابات | J96: ='Source Table'!$B$17 -> September | K96: ='Source Table'!$L$17 -> أيلول | L96: 2639 | M96: 2023
A97: إحصاءات الدفاع المدني | B97: Civil Defense Statistics | C97: M1 | D97: Number | E97: عدد | F97: ='Source Table'!$C$6 -> Rescue | G97: ='Source Table'!$C$5 -> الإنقاذ | H97: ='Source Table'!$J$8 -> Injuries | I97: ='Source Table'!$J$7 -> الإصابات | J97: ='Source Table'!$B$18 -> October | K97: ='Source Table'!$L$18 -> تشرين الأول | L97: 2443 | M97: 2023
A98: إحصاءات الدفاع المدني | B98: Civil Defense Statistics | C98: M1 | D98: Number | E98: عدد | F98: ='Source Table'!$C$6 -> Rescue | G98: ='Source Table'!$C$5 -> الإنقاذ | H98: ='Source Table'!$J$8 -> Injuries | I98: ='Source Table'!$J$7 -> الإصابات | J98: ='Source Table'!$B$19 -> November | K98: ='Source Table'!$L$19 -> تشرين الثاني | L98: 2436 | M98: 2023
A99: إحصاءات الدفاع المدني | B99: Civil Defense Statistics | C99: M1 | D99: Number | E99: عدد | F99: ='Source Table'!$C$6 -> Rescue | G99: ='Source Table'!$C$5 -> الإنقاذ | H99: ='Source Table'!$J$8 -> Injuries | I99: ='Source Table'!$J$7 -> الإصابات | J99: ='Source Table'!$B$20 -> December | K99: ='Source Table'!$L$20 -> كانون الأول | L99: 2318 | M99: 2023
A100: إحصاءات الدفاع المدني | B100: Civil Defense Statistics | C100: M1 | D100: Number | E100: عدد | F100: ='Source Table'!$C$6 -> Rescue | G100: ='Source Table'!$C$5 -> الإنقاذ | H100: ='Source Table'!$J$8 -> Injuries | I100: ='Source Table'!$J$7 -> الإصابات | J100: ='Source Table'!$B$9 -> January | K100: ='Source Table'!$L$9 -> كانون الثاني | L100: 55 | M100: 2023
...

Sheet Template Data
A1: Date | B1: =DATE(B2,B3,1) -> 45292
A2: Year | B2: 2024
A3: Month | B3: 1
A4: Measure_Name_Ar | B4: Measure_Name_En | C4: Measure_ID | D4: Unit_EN | E4: Unit_AR | F4: CL_CIVIL_DEFENSE_ACTIVITIES_EN_V1 | G4: CL_CIVIL_DEFENSE_ACTIVITIES_AR_V1 | H4: CL_CIVIL_DEFENSE_STATISTICS_EN_V1 | I4: CL_CIVIL_DEFENSE_STATISTICS_AR_V1 | J4: CL_MONTH_EN_V1 | K4: CL_MONTH_AR_V1 | L4: Obs_Value | M4: Time_Period_Y | N4: Time_Period_M
A5: اسم المؤشر | B5: Measure Name | C5: رمز المؤشر | D5: Unit | E5: الوحدة | F5: Civil Defense Activities | G5: أنشطة ا لدفاع المدني | H5: Civil Defense Statistics | I5: إحصاءات الدفاع المدني | J5: Police Directorate | K5: مديرية الشرطة | L5: قيمة المؤشر | M5: سنة فترة القياس | N5: شهر فترة القياس

Sheet Help
A2: Step 1: Cover Page | C2: الخطوة 1: Cover Page
A4: Update the template information, to ensure that any meta-information about the template, such as the title, version, and description, is accurate and up-to-date. | C4: قم بتحديث معلومات القالب للتأكد من أن أي معلومات وصفية حول القالب، مثل العنوان والإصدار والوصف، دقيقة ومحدثة.
A6: Step 2: Source Table | C6: الخطوة 2: Source Table
A8: Design your template, ensuring that the time period is mapped correctly to the date information in rows 1-3 of the Template Data Sheet. | C8: قم بتصميم القالب الخاص بك، مع التأكد من أن فترة الوقت مرتبطة بشكل صحيح مع معلومات التاريخ في الصفوف 1-3 في ورقة Template Data.
A10: Step 3: Relational Sheet | C10: الخطوة 3: Relational Sheet
A12: Unpivot the data in the source table into a flat format. Follow these guidelines: | C12: قم بتحويل البيانات في جدول المصدر إلى تنسيق مسطح. اتبع هذه الإرشادات:
A13: 1. Blue Columns: Do not change the names of the blue columns. Update the data as per the current template. | C13: 1. الأعمدة الزرقاء: لا تقم بتغيير أسماء الأعمدة الزرقاء. قم بتحديث البيانات وفقًا للقالب الحالي.
A14: 2. Code Lists: Use the naming convention CL_XXX_EN_V# for code lists, where XXX is the name, and V# is the version, conforming with the definitions in the data dictionary. | C14: 2. قوائم الرموز: استخدم قاعدة التسمية CL_XXX_EN_V# لقوائم الرموز، حيث أن XXX هو الاسم و V# هو الإصدار، وفقًا للتعريفات في قاموس البيانات.
A15: 3. Code List Values: Ensure the code list values match the definitions in the data dictionary. | C15: 3. قيم قائمة الرموز: تأكد من أن قيم قائمة الرموز تتوافق مع التعريفات في قاموس البيانات.
A16: 4. Time_Period_M: Leave empty if the data frequency is yearly. | C16: 4. Time_Period_M: اتركها فارغة إذا كانت دورية البيانات سنوية.
A17: 5. Time_Period_M Format: Use one of these formats: | C17: 5. تنسيق Time_Period_M: استخدم أحد التنسيقات التالية:
A18: Numeric: (1, 2, 3, ..., 12) for months. | C18: رقمي: (1، 2، 3، ...، 12) للأشهر.
... A38: Protect the entire workbook to prevent unauthorized or accidental changes to the structure of the file. | C38: قم بحماية الكتاب بأكمله لمنع التغييرات غير المصرح بها أو غير المقصودة على هيكل الملف.
