Workbook
Name _Toc175815732: 'Source Table'!$E$5
Name _Toc175815736: 'Source Table'!$B$5

Sheet Cover Page
A1: Code | B1: SYB_17_6
A2: Version | B2: V1
A3: اسم القالب | B3: الجرائم العامة حسب مناطق وقوعها
A4: Template Name | B4: General Crimes by Location of Occurrence
A5: دورية البيانات | B5: سنوي
A6: Data Frequency | B6: Annual
A7: الجهة المصدرية | B7: مديرية الأمن العام
A8: Data Source | B8: Public Security Directorate

Sheet Source Table
B2: ='Cover Page'!B4 -> General Crimes by Location of Occurrence
B3: ='Cover Page'!B3 -> الجرائم العامة حسب مناطق وقوعها
B4: Year | C4: =YEAR('Template Data'!B1) -> 2024 | E4: السنة
B5: Police Directorate | C5: الجرائم الجنحوية | D5: الجرائم الجنائية | E5: مديرية الشرطة
C6: Misdemeanor Crimes | D6: Felony Crimes
B7: Middle Amman | E7: وسط عمان
B8: South Amman | E8: جنوب عمان
B9: North Amman | E9: شمال عمان
B10: East Amman | E10: شرق عمان
B11: Balqa | E11: البلقاء
B12: West Balqa | E12: غرب البلقاء
B13: Zarqa | E13: الزرقاء
B14: Al-Russaifa | E14: الرصيفة
B15: Madaba | E15: مادبا
B16: Irbid | E16: إربد
B17: West Irbid | E17: غرب إربد
B18: Al-Ramtha | E18: الرمثا
... B29: Aqaba | E29: العقبة

Sheet Relational DB
A1: Relational Sheet
A2: Measure_Name_Ar | B2: Measure_Name_En | C2: Measure_ID | D2: Unit_EN | E2: Unit_AR | F2: CL_KIND_OF_GENERAL_CRIME_EN_V1 | G2: CL_KIND_OF_GENERAL_CRIME_AR_V1 | H2: CL_POLICE_DIRECTORATE_EN_V1 | I2: CL_POLICE_DIRECTORATE_ARV1 | J2: Obs_Value | K2: Time_Period_Y | L2: Time_Period_M
A3: اسم المؤشر | B3: Measure Name | C3: رمز المؤشر | D3: Unit | E3: الوحدة | F3: General Kind of Crime | G3: نوع الجريمة العامة | H3: Police Directorate | I3: مديرية الشرطة | J3: قيمة المؤشر | K3: سنة فترة القياس | L3: شهر فترة القياس
A4: الجرائم العامة | B4: General Crimes | C4: M1 | D4: Number | E4: عدد | F4: ='Source Table'!$D$6 -> Felony Crimes | G4: ='Source Table'!$D$5 -> الجرائم الجنائية | H4: ='Source Table'!$B$7 -> Middle Amman | I4: ='Source Table'!$E$7 -> وسط عمان | J4: 603 | K4: 2023
A5: الجرائم العامة | B5: General Crimes | C5: M1 | D5: Number | E5: عدد | F5: ='Source Table'!$D$6 -> Felony Crimes | G5: ='Source Table'!$D$5 -> الجرائم الجنائية | H5: ='Source Table'!$B$8 -> South Amman | I5: ='Source Table'!$E$8 -> جنوب عمان | J5: 450 | K5: 2023
A6: الجرائم العامة | B6: General Crimes | C6: M1 | D6: Number | E6: عدد | F6: ='Source Table'!$D$6 -> Felony Crimes | G6: ='Source Table'!$D$5 -> الجرائم الجنائية | H6: ='Source Table'!$B$9 -> North Amman | I6: ='Source Table'!$E$9 -> شمال عمان | J6: 477 | K6: 2023
A7: الجرائم العامة | B7: General Crimes | C7: M1 | D7: Number | E7: عدد | F7: ='Source Table'!$D$6 -> Felony Crimes | G7: ='Source Table'!$D$5 -> الجرائم الجنائية | H7: ='Source Table'!$B$10 -> East Amman | I7: ='Source Table'!$E$10 -> شرق عمان | J7: 619 | K7: 2023
A8: الجرائم العامة | B8: General Crimes | C8: M1 | D8: Number | E8: عدد | F8: ='Source Table'!$D$6 -> Felony Crimes | G8: ='Source Table'!$D$5 -> الجرائم الجنائية | H8: ='Source Table'!$B$11 -> Balqa | I8: ='Source Table'!$E$11 -> البلقاء | J8: 302 | K8: 2023
A9: الجرائم العامة | B9: General Crimes | C9: M1 | D9: Number | E9: عدد | F9: ='Source Table'!$D$6 -> Felony Crimes | G9: ='Source Table'!$D$5 -> الجرائم الجنائية | H9: ='Source Table'!$B$12 -> West Balqa | I9: ='Source Table'!$E$12 -> غرب البلقاء | J9: 124 | K9: 2023
A10: الجرائم العامة | B10: General Crimes | C10: M1 | D10: Number | E10: عدد | F10: ='Source Table'!$D$6 -> Felony Crimes | G10: ='Source Table'!$D$5 -> الجرائم الجنائية | H10: ='Source Table'!$B$13 -> Zarqa | I10: ='Source Table'!$E$13 -> الزرقاء | J10: 489 | K10: 2023
A11: الجرائم العامة | B11: General Crimes | C11: M1 | D11: Number | E11: عدد | F11: ='Source Table'!$D$6 -> Felony Crimes | G11: ='Source Table'!$D$5 -> الجرائم الجنائية | H11: ='Source Table'!$B$14 -> Al-Russaifa | I11: ='Source Table'!$E$14 -> الرصيفة | J11: 179 | K11: 2023
A12: الجرائم العامة | B12: General Crimes | C12: M1 | D12: Number | E12: عدد | F12: ='Source Table'!$D$6 -> Felony Crimes | G12: ='Source Table'!$D$5 -> الجرائم الجنائية | H12: ='Source Table'!$B$15 -> Madaba | I12: ='Source Table'!$E$15 -> مادبا | J12: 137 | K12: 2023
A13: الجرائم العامة | B13: General Crimes | C13: M1 | D13: Number | E13: عدد | F13: ='Source Table'!$D$6 -> Felony Crimes | G13: ='Source Table'!$D$5 -> الجرائم الجنائية | H13: ='Source Table'!$B$16 -> Irbid | I13: ='Source Table'!$E$16 -> إربد | J13: 737 | K13: 2023
A14: الجرائم العامة | B14: General Crimes | C14: M1 | D14: Number | E14: عدد | F14: ='Source Table'!$D$6 -> Felony Crimes | G14: ='Source Table'!$D$5 -> الجرائم الجنائية | H14: ='Source Table'!$B$17 -> West Irbid | I14: ='Source Table'!$E$17 -> غرب إربد | J14: 168 | K14: 2023
A15: الجرائم العامة | B15: General Crimes | C15: M1 | D15: Number | E15: عدد | F15: ='Source Table'!$D$6 -> Felony Crimes | G15: ='Source Table'!$D$5 -> الجرائم الجنائية | H15: ='Source Table'!$B$18 -> Al-Ramtha | I15: ='Source Table'!$E$18 -> الرمثا | J15: 63 | K15: 2023
A16: الجرائم العامة | B16: General Crimes | C16: M1 | D16: Number | E16: عدد | F16: ='Source Table'!$D$6 -> Felony Crimes | G16: ='Source Table'!$D$5 -> الجرائم الجنائية | H16: ='Source Table'!$B$19 -> Mafraq | I16: ='Source Table'!$E$19 -> المفرق | J16: 210 | K16: 2023
A17: الجرائم العامة | B17: General Crimes | C17: M1 | D17: Number | E17: عدد | F17: ='Source Table'!$D$6 -> Felony Crimes | G17: ='Source Table'!$D$5 -> الجرائم الجنائية | H17: ='Source Table'!$B$20 -> North Bedouin | I17: ='Source Table'!$E$20 -> الباديةالشمالية | J17: 96 | K17: 2023
A18: الجرائم العامة | B18: General Crimes | C18: M1 | D18: Number | E18: عدد | F18: ='Source Table'!$D$6 -> Felony Crimes | G18: ='Source Table'!$D$5 -> الجرائم الجنائية | H18: ='Source Table'!$B$21 -> Middle Bedouin | I18: ='Source Table'!$E$21 -> البادية الوسطى | J18: 138 | K18: 2023
A19: الجرائم العامة | B19: General Crimes | C19: M1 | D19: Number | E19: عدد | F19: ='Source Table'!$D$6 -> Felony Crimes | G19: ='Source Table'!$D$5 -> الجرائم الجنائية | H19: ='Source Table'!$B$22 -> South Bedouin | I19: ='Source Table'!$E$22 -> البادية الجنوبية | J19: 14 | K19: 2023
A20: الجرائم العامة | B20: General Crimes | C20: M1 | D20: Number | E20: عدد | F20: ='Source Table'!$D$6 -> Felony Crimes | G20: ='Source Table'!$D$5 -> الجرائم الجنائية | H20: ='Source Table'!$B$23 -> Jarash | I20: ='Source Table'!$E$23 -> جرش | J20: 136 | K20: 2023
A21: الجرائم العامة | B21: General Crimes | C21: M1 | D21: Number | E21: عدد | F21: ='Source Table'!$D$6 -> Felony Crimes | G21: ='Source Table'!$D$5 -> الجرائم الجنائية | H21: ='Source Table'!$B$24 -> Ajloun | I21: ='Source Table'!$E$24 -> عجلون | J21: 86 | K21: 2023
A22: الجرائم العامة | B22: General Crimes | C22: M1 | D22: Number | E22: عدد | F22: ='Source Table'!$D$6 -> Felony Crimes | G22: ='Source Table'!$D$5 -> الجرائم الجنائية | H22: ='Source Table'!$B$25 -> Karak | I22: ='Source Table'!$E$25 -> الكرك | J22: 235 | K22: 2023
A23: الجرائم العامة | B23: General Crimes | C23: M1 | D23: Number | E23: عدد | F23: ='Source Table'!$D$6 -> Felony Crimes | G23: ='Source Table'!$D$5 -> الجرائم الجنائية | H23: ='Source Table'!$B$26 -> Tafiela | I23: ='Source Table'!$E$26 -> الطفيلة | J23: 51 | K23: 2023
A24: الجرائم العامة | B24: General Crimes | C24: M1 | D24: Number | E24: عدد | F24: ='Source Table'!$D$6 -> Felony Crimes | G24: ='Source Table'!$D$5 -> الجرائم الجنائية | H24: ='Source Table'!$B$27 -> Ma'an | I24: ='Source Table'!$E$27 -> معان | J24: 95 | K24: 2023
A25: الجرائم العامة | B25: General Crimes | C25: M1 | D25: Number | E25: عدد | F25: ='Source Table'!$D$6 -> Felony Crimes | G25: ='Source Table'!$D$5 -> الجرائم الجنائية | H25: ='Source Table'!$B$28 -> West ofMa'an | I25: ='Source Table'!$E$28 -> غرب معان | J25: 17 | K25: 2023
A26: الجرائم العامة | B26: General Crimes | C26: M1 | D26: Number | E26: عدد | F26: ='Source Table'!$D$6 -> Felony Crimes | G26: ='Source Table'!$D$5 -> الجرائم الجنائية | H26: ='Source Table'!$B$29 -> Aqaba | I26: ='Source Table'!$E$29 -> العقبة | J26: 153 | K26: 2023
A27: الجرائم العامة | B27: General Crimes | C27: M1 | D27: Number | E27: عدد | F27: ='Source Table'!$C$6 -> Misdemeanor Crimes | G27: ='Source Table'!$C$5 -> الجرائم الجنحوية | H27: ='Source Table'!$B$7 -> Middle Amman | I27: ='Source Table'!$E$7 -> وسط عمان | J27: 1907 | K27: 2023
A28: الجرائم العامة | B28: General Crimes | C28: M1 | D28: Number | E28: عدد | F28: ='Source Table'!$C$6 -> Misdemeanor Crimes | G28: ='Source Table'!$C$5 -> الجرائم الجنحوية | H28: ='Source Table'!$B$8 -> South Amman | I28: ='Source Table'!$E$8 -> جنوب عمان | J28: 1908 | K28: 2023
A29: الجرائم العامة | B29: General Crimes | C29: M1 | D29: Number | E29: عدد | F29: ='Source Table'!$C$6 -> Misdemeanor Crimes | G29: ='Source Table'!$C$5 -> الجرائم الجنحوية | H29: ='Source Table'!$B$9 -> North Amman | I29: ='Source Table'!$E$9 -> شمال عمان | J29: 1955 | K29: 2023
A30: الجرائم العامة | B30: General Crimes | C30: M1 | D30: Number | E30: عدد | F30: ='Source Table'!$C$6 -> Misdemeanor Crimes | G30: ='Source Table'!$C$5 -> الجرائم الجنحوية | H30: ='Source Table'!$B$10 -> East Amman | I30: ='Source Table'!$E$10 -> شرق عمان | J30: 1633 | K30: 2023
A31: الجرائم العامة | B31: General Crimes | C31: M1 | D31: Number | E31: عدد | F31: ='Source Table'!$C$6 -> Misdemeanor Crimes | G31: ='Source Table'!$C$5 -> الجرائم الجنحوية | H31: ='Source Table'!$B$11 -> Balqa | I31: ='Source Table'!$E$11 -> البلقاء | J31: 765 | K31: 2023
A32: الجرائم العامة | B32: General Crimes | C32: M1 | D32: Number | E32: عدد | F32: ='Source Table'!$C$6 -> Misdemeanor Crimes | G32: ='Source Table'!$C$5 -> الجرائم الجنحوية | H32: ='Source Table'!$B$12 -> West Balqa | I32: ='Source Table'!$E$12 -> غرب البلقاء | J32: 292 | K32: 2023
A33: الجرائم العامة | B33: General Crimes | C33: M1 | D33: Number | E33: عدد | F33: ='Source Table'!$C$6 -> Misdemeanor Crimes | G33: ='Source Table'!$C$5 -> الجرائم الجنحوية | H33: ='Source Table'!$B$13 -> Zarqa | I33: ='Source Table'!$E$13 -> الزرقاء | J33: 1328 | K33: 2023
A34: الجرائم العامة | B34: General Crimes | C34: M1 | D34: Number | E34: عدد | F34: ='Source Table'!$C$6 -> Misdemeanor Crimes | G34: ='Source Table'!$C$5 -> الجرائم الجنحوية | H34: ='Source Table'!$B$14 -> Al-Russaifa | I34: ='Source Table'!$E$14 -> الرصيفة | J34: 570 | K34: 2023
A35: الجرائم العامة | B35: General Crimes | C35: M1 | D35: Number | E35: عدد | F35: ='Source Table'!$C$6 -> Misdemeanor Crimes | G35: ='Source Table'!$C$5 -> الجرائم الجنحوية | H35: ='Source Table'!$B$15 -> Madaba | I35: ='Source Table'!$E$15 -> مادبا | J35: 370 | K35: 2023
A36: الجرائم العامة | B36: General Crimes | C36: M1 | D36: Number | E36: عدد | F36: ='Source Table'!$C$6 -> Misdemeanor Crimes | G36: ='Source Table'!$C$5 -> الجرائم الجنحوية | H36: ='Source Table'!$B$16 -> Irbid | I36: ='Source Table'!$E$16 -> إربد | J36: 2635 | K36: 2023
A37: الجرائم العامة | B37: General Crimes | C37: M1 | D37: Number | E37: عدد | F37: ='Source Table'!$C$6 -> Misdemeanor Crimes | G37: ='Source Table'!$C$5 -> الجرائم الجنحوية | H37: ='Source Table'!$B$17 -> West Irbid | I37: ='Source Table'!$E$17 -> غرب إربد | J37: 346 | K37: 2023
A38: الجرائم العامة | B38: General Crimes | C38: M1 | D38: Number | E38: عدد | F38: ='Source Table'!$C$6 -> Misdemeanor Crimes | G38: ='Source Table'!$C$5 -> الجرائم الجنحوية | H38: ='Source Table'!$B$18 -> Al-Ramtha | I38: ='Source Table'!$E$18 -> الرمثا | J38: 297 | K38: 2023
A39: الجرائم العامة | B39: General Crimes | C39: M1 | D39: Number | E39: عدد | F39: ='Source Table'!$C$6 -> Misdemeanor Crimes | G39: ='Source Table'!$C$5 -> الجرائم الجنحوية | H39: ='Source Table'!$B$19 -> Mafraq | I39: ='Source Table'!$E$19 -> المفرق | J39: 556 | K39: 2023
A40: الجرائم العامة | B40: General Crimes | C40: M1 | D40: Number | E40: عدد | F40: ='Source Table'!$C$6 -> Misdemeanor Crimes | G40: ='Source Table'!$C$5 -> الجرائم الجنحوية | H40: ='Source Table'!$B$20 -> North Bedouin | I40: ='Source Table'!$E$20 -> الباديةالشمالية | J40: 253 | K40: 2023
A41: الجرائم العامة | B41: General Crimes | C41: M1 | D41: Number | E41: عدد | F41: ='Source Table'!$C$6 -> Misdemeanor Crimes | G41: ='Source Table'!$C$5 -> الجرائم الجنحوية | H41: ='Source Table'!$B$21 -> Middle Bedouin | I41: ='Source Table'!$E$21 -> البادية الوسطى | J41: 410 | K41: 2023
A42: الجرائم العامة | B42: General Crimes | C42: M1 | D42: Number | E42: عدد | F42: ='Source Table'!$C$6 -> Misdemeanor Crimes | G42: ='Source Table'!$C$5 -> الجرائم الجنحوية | H42: ='Source Table'!$B$22 -> South Bedouin | I42: ='Source Table'!$E$22 -> البادية الجنوبية | J42: 57 | K42: 2023
A43: الجرائم العامة | B43: General Crimes | C43: M1 | D43: Number | E43: عدد | F43: ='Source Table'!$C$6 -> Misdemeanor Crimes | G43: ='Source Table'!$C$5 -> الجرائم الجنحوية | H43: ='Source Table'!$B$23 -> Jarash | I43: ='Source Table'!$E$23 -> جرش | J43: 320 | K43: 2023
A44: الجرائم العامة | B44: General Crimes | C44: M1 | D44: Number | E44: عدد | F44: ='Source Table'!$C$6 -> Misdemeanor Crimes | G44: ='Source Table'!$C$5 -> الجرائم الجنحوية | H44: ='Source Table'!$B$24 -> Ajloun | I44: ='Source Table'!$E$24 -> عجلون | J44: 182 | K44: 2023
A45: الجرائم العامة | B45: General Crimes | C45: M1 | D45: Number | E45: عدد | F45: ='Source Table'!$C$6 -> Misdemeanor Crimes | G45: ='Source Table'!$C$5 -> الجرائم الجنحوية | H45: ='Source Table'!$B$25 -> Karak | I45: ='Source Table'!$E$25 -> الكرك | J45: 492 | K45: 2023
A46: الجرائم العامة | B46: General Crimes | C46: M1 | D46: Number | E46: عدد | F46: ='Source Table'!$C$6 -> Misdemeanor Crimes | G46: ='Source Table'!$C$5 -> الجرائم الجنحوية | H46: ='Source Table'!$B$26 -> Tafiela | I46: ='Source Table'!$E$26 -> الطفيلة | J46: 172 | K46: 2023
A47: الجرائم العامة | B47: General Crimes | C47: M1 | D47: Number | E47: عدد | F47: ='Source Table'!$C$6 -> Misdemeanor Crimes | G47: ='Source Table'!$C$5 -> الجرائم الجنحوية | H47: ='Source Table'!$B$27 -> Ma'an | I47: ='Source Table'!$E$27 -> معان | J47: 180 | K47: 2023
A48: الجرائم العامة | B48: General Crimes | C48: M1 | D48: Number | E48: عدد | F48: ='Source Table'!$C$6 -> Misdemeanor Crimes | G48: ='Source Table'!$C$5 -> الجرائم الجنحوية | H48: ='Source Table'!$B$28 -> West ofMa'an | I48: ='Source Table'!$E$28 -> غرب معان | J48: 86 | K48: 2023
A49: الجرائم العامة | B49: General Crimes | C49: M1 | D49: Number | E49: عدد | F49: ='Source Table'!$C$6 -> Misdemeanor Crimes | G49: ='Source Table'!$C$5 -> الجرائم الجنحوية | H49: ='Source Table'!$B$29 -> Aqaba | I49: ='Source Table'!$E$29 -> العقبة | J49: 491 | K49: 2023
A50: الجرائم العامة | B50: General Crimes | C50: M1 | D50: Number | E50: عدد | F50: ='Source Table'!$D$6 -> Felony Crimes | G50: ='Source Table'!$D$5 -> الجرائم الجنائية | H50: ='Source Table'!$B$7 -> Middle Amman | I50: ='Source Table'!$E$7 -> وسط عمان | J50: 540 | K50: 2022
A51: الجرائم العامة | B51: General Crimes | C51: M1 | D51: Number | E51: عدد | F51: ='Source Table'!$D$6 -> Felony Crimes | G51: ='Source Table'!$D$5 -> الجرائم الجنائية | H51: ='Source Table'!$B$8 -> South Amman | I51: ='Source Table'!$E$8 -> جنوب عمان | J51: 526 | K51: 2022
A52: الجرائم العامة | B52: General Crimes | C52: M1 | D52: Number | E52: عدد | F52: ='Source Table'!$D$6 -> Felony Crimes | G52: ='Source Table'!$D$5 -> الجرائم الجنائية | H52: ='Source Table'!$B$9 -> North Amman | I52: ='Source Table'!$E$9 -> شمال عمان | J52: 450 | K52: 2022
A53: الجرائم العامة | B53: General Crimes | C53: M1 | D53: Number | E53: عدد | F53: ='Source Table'!$D$6 -> Felony Crimes | G53: ='Source Table'!$D$5 -> الجرائم الجنائية | H53: ='Source Table'!$B$10 -> East Amman | I53: ='Source Table'!$E$10 -> شرق عمان | J53: 674 | K53: 2022
A54: الجرائم العامة | B54: General Crimes | C54: M1 | D54: Number | E54: عدد | F54: ='Source Table'!$D$6 -> Felony Crimes | G54: ='Source Table'!$D$5 -> الجرائم الجنائية | H54: ='Source Table'!$B$11 -> Balqa | I54: ='Source Table'!$E$11 -> البلقاء | J54: 385 | K54: 2022
A55: الجرائم العامة | B55: General Crimes | C55: M1 | D55: Number | E55: عدد | F55: ='Source Table'!$D$6 -> Felony Crimes | G55: ='Source Table'!$D$5 -> الجرائم الجنائية | H55: ='Source Table'!$B$12 -> West Balqa | I55: ='Source Table'!$E$12 -> غرب البلقاء | J55: 320 | K55: 2022
A56: الجرائم العامة | B56: General Crimes | C56: M1 | D56: Number | E56: عدد | F56: ='Source Table'!$D$6 -> Felony Crimes | G56: ='Source Table'!$D$5 -> الجرائم الجنائية | H56: ='Source Table'!$B$13 -> Zarqa | I56: ='Source Table'!$E$13 -> الزرقاء | J56: 134 | K56: 2022
A57: الجرائم العامة | B57: General Crimes | C57: M1 | D57: Number | E57: عدد | F57: ='Source Table'!$D$6 -> Felony Crimes | G57: ='Source Table'!$D$5 -> الجرائم الجنائية | H57: ='Source Table'!$B$14 -> Al-Russaifa | I57: ='Source Table'!$E$14 -> الرصيفة | J57: 192 | K57: 2022
A58: الجرائم العامة | B58: General Crimes | C58: M1 | D58: Number | E58: عدد | F58: ='Source Table'!$D$6 -> Felony Crimes | G58: ='Source Table'!$D$5 -> الجرائم الجنائية | H58: ='Source Table'!$B$15 -> Madaba | I58: ='Source Table'!$E$15 -> مادبا | J58: 147 | K58: 2022
A59: الجرائم العامة | B59: General Crimes | C59: M1 | D59: Number | E59: عدد | F59: ='Source Table'!$D$6 -> Felony Crimes | G59: ='Source Table'!$D$5 -> الجرائم الجنائية | H59: ='Source Table'!$B$16 -> Irbid | I59: ='Source Table'!$E$16 -> إربد | J59: 667 | K59: 2022
A60: الجرائم العامة | B60: General Crimes | C60: M1 | D60: Number | E60: عدد | F60: ='Source Table'!$D$6 -> Felony Crimes | G60: ='Source Table'!$D$5 -> الجرائم الجنائية | H60: ='Source Table'!$B$17 -> West Irbid | I60: ='Source Table'!$E$17 -> غرب إربد | J60: 159 | K60: 2022
A61: الجرائم العامة | B61: General Crimes | C61: M1 | D61: Number | E61: عدد | F61: ='Source Table'!$D$6 -> Felony Crimes | G61: ='Source Table'!$D$5 -> الجرائم الجنائية | H61: ='Source Table'!$B$18 -> Al-Ramtha | I61: ='Source Table'!$E$18 -> الرمثا | J61: 225 | K61: 2022
A62: الجرائم العامة | B62: General Crimes | C62: M1 | D62: Number | E62: عدد | F62: ='Source Table'!$D$6 -> Felony Crimes | G62: ='Source Table'!$D$5 -> الجرائم الجنائية | H62: ='Source Table'!$B$19 -> Mafraq | I62: ='Source Table'!$E$19 -> المفرق | J62: 191 | K62: 2022
A63: الجرائم العامة | B63: General Crimes | C63: M1 | D63: Number | E63: عدد | F63: ='Source Table'!$D$6 -> Felony Crimes | G63: ='Source Table'!$D$5 -> الجرائم الجنائية | H63: ='Source Table'!$B$20 -> North Bedouin | I63: ='Source Table'!$E$20 -> الباديةالشمالية | J63: 85 | K63: 2022
A64: الجرائم العامة | B64: General Crimes | C64: M1 | D64: Number | E64: عدد | F64: ='Source Table'!$D$6 -> Felony Crimes | G64: ='Source Table'!$D$5 -> الجرائم الجنائية | H64: ='Source Table'!$B$21 -> Middle Bedouin | I64: ='Source Table'!$E$21 -> البادية الوسطى | J64: 96 | K64: 2022
A65: الجرائم العامة | B65: General Crimes | C65: M1 | D65: Number | E65: عدد | F65: ='Source Table'!$D$6 -> Felony Crimes | G65: ='Source Table'!$D$5 -> الجرائم الجنائية | H65: ='Source Table'!$B$22 -> South Bedouin | I65: ='Source Table'!$E$22 -> البادية الجنوبية | J65: 193 | K65: 2022
A66: الجرائم العامة | B66: General Crimes | C66: M1 | D66: Number | E66: عدد | F66: ='Source Table'!$D$6 -> Felony Crimes | G66: ='Source Table'!$D$5 -> الجرائم الجنائية | H66: ='Source Table'!$B$23 -> Jarash | I66: ='Source Table'!$E$23 -> جرش | J66: 56 | K66: 2022
A67: الجرائم العامة | B67: General Crimes | C67: M1 | D67: Number | E67: عدد | F67: ='Source Table'!$D$6 -> Felony Crimes | G67: ='Source Table'!$D$5 -> الجرائم الجنائية | H67: ='Source Table'!$B$24 -> Ajloun | I67: ='Source Table'!$E$24 -> عجلون | J67: 67 | K67: 2022
A68: الجرائم العامة | B68: General Crimes | C68: M1 | D68: Number | E68: عدد | F68: ='Source Table'!$D$6 -> Felony Crimes | G68: ='Source Table'!$D$5 -> الجرائم الجنائية | H68: ='Source Table'!$B$25 -> Karak | I68: ='Source Table'!$E$25 -> الكرك | J68: 25 | K68: 2022
A69: الجرائم العامة | B69: General Crimes | C69: M1 | D69: Number | E69: عدد | F69: ='Source Table'!$D$6 -> Felony Crimes | G69: ='Source Table'!$D$5 -> الجرائم الجنائية | H69: ='Source Table'!$B$26 -> Tafiela | I69: ='Source Table'!$E$26 -> الطفيلة | J69: 136 | K69: 2022
A70: الجرائم العامة | B70: General Crimes | C70: M1 | D70: Number | E70: عدد | F70: ='Source Table'!$D$6 -> Felony Crimes | G70: ='Source Table'!$D$5 -> الجرائم الجنائية | H70: ='Source Table'!$B$27 -> Ma'an | I70: ='Source Table'!$E$27 -> معان | J70: 131 | K70: 2022
A71: الجرائم العامة | B71: General Crimes | C71: M1 | D71: Number | E71: عدد | F71: ='Source Table'!$D$6 -> Felony Crimes | G71: ='Source Table'!$D$5 -> الجرائم الجنائية | H71: ='Source Table'!$B$28 -> West ofMa'an | I71: ='Source Table'!$E$28 -> غرب معان | J71: 198 | K71: 2022
A72: الجرائم العامة | B72: General Crimes | C72: M1 | D72: Number | E72: عدد | F72: ='Source Table'!$D$6 -> Felony Crimes | G72: ='Source Table'!$D$5 -> الجرائم الجنائية | H72: ='Source Table'!$B$29 -> Aqaba | I72: ='Source Table'!$E$29 -> العقبة | J72: 16 | K72: 2022
A73: الجرائم العامة | B73: General Crimes | C73: M1 | D73: Number | E73: عدد | F73: ='Source Table'!$C$6 -> Misdemeanor Crimes | G73: ='Source Table'!$C$5 -> الجرائم الجنحوية | H73: ='Source Table'!$B$7 -> Middle Amman | I73: ='Source Table'!$E$7 -> وسط عمان | J73: 2035 | K73: 2022
A74: الجرائم العامة | B74: General Crimes | C74: M1 | D74: Number | E74: عدد | F74: ='Source Table'!$C$6 -> Misdemeanor Crimes | G74: ='Source Table'!$C$5 -> الجرائم الجنحوية | H74: ='Source Table'!$B$8 -> South Amman | I74: ='Source Table'!$E$8 -> جنوب عمان | J74: 1912 | K74: 2022
A75: الجرائم العامة | B75: General Crimes | C75: M1 | D75: Number | E75: عدد | F75: ='Source Table'!$C$6 -> Misdemeanor Crimes | G75: ='Source Table'!$C$5 -> الجرائم الجنحوية | H75: ='Source Table'!$B$9 -> North Amman | I75: ='Source Table'!$E$9 -> شمال عمان | J75: 1805 | K75: 2022
A76: الجرائم العامة | B76: General Crimes | C76: M1 | D76: Number | E76: عدد | F76: ='Source Table'!$C$6 -> Misdemeanor Crimes | G76: ='Source Table'!$C$5 -> الجرائم الجنحوية | H76: ='Source Table'!$B$10 -> East Amman | I76: ='Source Table'!$E$10 -> شرق عمان | J76: 1664 | K76: 2022
A77: الجرائم العامة | B77: General Crimes | C77: M1 | D77: Number | E77: عدد | F77: ='Source Table'!$C$6 -> Misdemeanor Crimes | G77: ='Source Table'!$C$5 -> الجرائم الجنحوية | H77: ='Source Table'!$B$11 -> Balqa | I77: ='Source Table'!$E$11 -> البلقاء | J77: 1206 | K77: 2022
A78: الجرائم العامة | B78: General Crimes | C78: M1 | D78: Number | E78: عدد | F78: ='Source Table'!$C$6 -> Misdemeanor Crimes | G78: ='Source Table'!$C$5 -> الجرائم الجنحوية | H78: ='Source Table'!$B$12 -> West Balqa | I78: ='Source Table'!$E$12 -> غرب البلقاء | J78: 873 | K78: 2022
A79: الجرائم العامة | B79: General Crimes | C79: M1 | D79: Number | E79: عدد | F79: ='Source Table'!$C$6 -> Misdemeanor Crimes | G79: ='Source Table'!$C$5 -> الجرائم الجنحوية | H79: ='Source Table'!$B$13 -> Zarqa | I79: ='Source Table'!$E$13 -> الزرقاء | J79: 340 | K79: 2022
A80: الجرائم العامة | B80: General Crimes | C80: M1 | D80: Number | E80: عدد | F80: ='Source Table'!$C$6 -> Misdemeanor Crimes | G80: ='Source Table'!$C$5 -> الجرائم الجنحوية | H80: ='Source Table'!$B$14 -> Al-Russaifa | I80: ='Source Table'!$E$14 -> الرصيفة | J80: 544 | K80: 2022
A81: الجرائم العامة | B81: General Crimes | C81: M1 | D81: Number | E81: عدد | F81: ='Source Table'!$C$6 -> Misdemeanor Crimes | G81: ='Source Table'!$C$5 -> الجرائم الجنحوية | H81: ='Source Table'!$B$15 -> Madaba | I81: ='Source Table'!$E$15 -> مادبا | J81: 305 | K81: 2022
A82: الجرائم العامة | B82: General Crimes | C82: M1 | D82: Number | E82: عدد | F82: ='Source Table'!$C$6 -> Misdemeanor Crimes | G82: ='Source Table'!$C$5 -> الجرائم الجنحوية | H82: ='Source Table'!$B$16 -> Irbid | I82: ='Source Table'!$E$16 -> إربد | J82: 2332 | K82: 2022
A83: الجرائم العامة | B83: General Crimes | C83: M1 | D83: Number | E83: عدد | F83: ='Source Table'!$C$6 -> Misdemeanor Crimes | G83: ='Source Table'!$C$5 -> الجرائم الجنحوية | H83: ='Source Table'!$B$17 -> West Irbid | I83: ='Source Table'!$E$17 -> غرب إربد | J83: 364 | K83: 2022
A84: الجرائم العامة | B84: General Crimes | C84: M1 | D84: Number | E84: عدد | F84: ='Source Table'!$C$6 -> Misdemeanor Crimes | G84: ='Source Table'!$C$5 -> الجرائم الجنحوية | H84: ='Source Table'!$B$18 -> Al-Ramtha | I84: ='Source Table'!$E$18 -> الرمثا | J84: 551 | K84: 2022
A85: الجرائم العامة | B85: General Crimes | C85: M1 | D85: Number | E85: عدد | F85: ='Source Table'!$C$6 -> Misdemeanor Crimes | G85: ='Source Table'!$C$5 -> الجرائم الجنحوية | H85: ='Source Table'!$B$19 -> Mafraq | I85: ='Source Table'!$E$19 -> المفرق | J85: 557 | K85: 2022
A86: الجرائم العامة | B86: General Crimes | C86: M1 | D86: Number | E86: عدد | F86: ='Source Table'!$C$6 -> Misdemeanor Crimes | G86: ='Source Table'!$C$5 -> الجرائم الجنحوية | H86: ='Source Table'!$B$20 -> North Bedouin | I86: ='Source Table'!$E$20 -> الباديةالشمالية | J86: 198 | K86: 2022
A87: الجرائم العامة | B87: General Crimes | C87: M1 | D87: Number | E87: عدد | F87: ='Source Table'!$C$6 -> Misdemeanor Crimes | G87: ='Source Table'!$C$5 -> الجرائم الجنحوية | H87: ='Source Table'!$B$21 -> Middle Bedouin | I87: ='Source Table'!$E$21 -> البادية الوسطى | J87: 357 | K87: 2022
A88: الجرائم العامة | B88: General Crimes | C88: M1 | D88: Number | E88: عدد | F88: ='Source Table'!$C$6 -> Misdemeanor Crimes | G88: ='Source Table'!$C$5 -> الجرائم الجنحوية | H88: ='Source Table'!$B$22 -> South Bedouin | I88: ='Source Table'!$E$22 -> البادية الجنوبية | J88: 433 | K88: 2022
A89: الجرائم العامة | B89: General Crimes | C89: M1 | D89: Number | E89: عدد | F89: ='Source Table'!$C$6 -> Misdemeanor Crimes | G89: ='Source Table'!$C$5 -> الجرائم الجنحوية | H89: ='Source Table'!$B$23 -> Jarash | I89: ='Source Table'!$E$23 -> جرش | J89: 144 | K89: 2022
A90: الجرائم العامة | B90: General Crimes | C90: M1 | D90: Number | E90: عدد | F90: ='Source Table'!$C$6 -> Misdemeanor Crimes | G90: ='Source Table'!$C$5 -> الجرائم الجنحوية | H90: ='Source Table'!$B$24 -> Ajloun | I90: ='Source Table'!$E$24 -> عجلون | J90: 180 | K90: 2022
A91: الجرائم العامة | B91: General Crimes | C91: M1 | D91: Number | E91: عدد | F91: ='Source Table'!$C$6 -> Misdemeanor Crimes | G91: ='Source Table'!$C$5 -> الجرائم الجنحوية | H91: ='Source Table'!$B$25 -> Karak | I91: ='Source Table'!$E$25 -> الكرك | J91: 84 | K91: 2022
A92: الجرائم العامة | B92: General Crimes | C92: M1 | D92: Number | E92: عدد | F92: ='Source Table'!$C$6 -> Misdemeanor Crimes | G92: ='Source Table'!$C$5 -> الجرائم الجنحوية | H92: ='Source Table'!$B$26 -> Tafiela | I92: ='Source Table'!$E$26 -> الطفيلة | J92: 466 | K92: 2022
A93: الجرائم العامة | B93: General Crimes | C93: M1 | D93: Number | E93: عدد | F93: ='Source Table'!$C$6 -> Misdemeanor Crimes | G93: ='Source Table'!$C$5 -> الجرائم الجنحوية | H93: ='Source Table'!$B$27 -> Ma'an | I93: ='Source Table'!$E$27 -> معان | J93: 374 | K93: 2022
A94: الجرائم العامة | B94: General Crimes | C94: M1 | D94: Number | E94: عدد | F94: ='Source Table'!$C$6 -> Misdemeanor Crimes | G94: ='Source Table'!$C$5 -> الجرائم الجنحوية | H94: ='Source Table'!$B$28 -> West ofMa'an | I94: ='Source Table'!$E$28 -> غرب معان | J94: 516 | K94: 2022
A95: الجرائم العامة | B95: General Crimes | C95: M1 | D95: Number | E95: عدد | F95: ='Source Table'!$C$6 -> Misdemeanor Crimes | G95: ='Source Table'!$C$5 -> الجرائم الجنحوية | H95: ='Source Table'!$B$29 -> Aqaba | I95: ='Source Table'!$E$29 -> العقبة | J95: 42 | K95: 2022
A96: الجرائم العامة | B96: General Crimes | C96: M1 | D96: Number | E96: عدد | F96: ='Source Table'!$D$6 -> Felony Crimes | G96: ='Source Table'!$D$5 -> الجرائم الجنائية | H96: ='Source Table'!$B$7 -> Middle Amman | I96: ='Source Table'!$E$7 -> وسط عمان | J96: 400 | K96: 2021
A97: الجرائم العامة | B97: General Crimes | C97: M1 | D97: Number | E97: عدد | F97: ='Source Table'!$D$6 -> Felony Crimes | G97: ='Source Table'!$D$5 -> الجرائم الجنائية | H97: ='Source Table'!$B$8 -> South Amman | I97: ='Source Table'!$E$8 -> جنوب عمان | J97: 510 | K97: 2021
A98: الجرائم العامة | B98: General Crimes | C98: M1 | D98: Number | E98: عدد | F98: ='Source Table'!$D$6 -> Felony Crimes | G98: ='Source Table'!$D$5 -> الجرائم الجنائية | H98: ='Source Table'!$B$9 -> North Amman | I98: ='Source Table'!$E$9 -> شمال عمان | J98: 383 | K98: 2021
A99: الجرائم العامة | B99: General Crimes | C99: M1 | D99: Number | E99: عدد | F99: ='Source Table'!$D$6 -> Felony Crimes | G99: ='Source Table'!$D$5 -> الجرائم الجنائية | H99: ='Source Table'!$B$10 -> East Amman | I99: ='Source Table'!$E$10 -> شرق عمان | J99: 663 | K99: 2021
A100: الجرائم العامة | B100: General Crimes | C100: M1 | D100: Number | E100: عدد | F100: ='Source Table'!$D$6 -> Felony Crimes | G100: ='Source Table'!$D$5 -> الجرائم الجنائية | H100: ='Source Table'!$B$11 -> Balqa | I100: ='Source Table'!$E$11 -> البلقاء | J100: 468 | K100: 2021
...

Sheet Template Data
A1: Date | B1: =DATE(B2,B3,1) -> 45292
A2: Year | B2: 2024
A3: Month | B3: 1
A4: Measure_Name_Ar | B4: Measure_Name_En | C4: Measure_ID | D4: Unit_EN | E4: Unit_AR | F4: CL_KIND_OF_GENERAL_CRIME_EN_V1 | G4: CL_KIND_OF_GENERAL_CRIME_AR_V1 | H4: CL_POLICE_DIRECTORATE_EN_V1 | I4: CL_POLICE_DIRECTORATE_ARV1 | J4: Obs_Value | K4: Time_Period_Y | L4: Time_Period_M
A5: اسم المؤشر | B5: Measure Name | C5: رمز المؤشر | D5: Unit | E5: الوحدة | F5: General Kind of Crime | G5: نوع الجريمة العامة | H5: Police Directorate | I5: مديرية الشرطة | J5: قيمة المؤشر | K5: سنة فترة القياس | L5: شهر فترة القياس

Sheet Help
A2: Step 1: Cover Page | C2: الخطوة 1: Cover Page
A4: Update the template information, to ensure that any meta-information about the template, such as the title, version, and description, is accurate and up-to-date. | C4: قم بتحديث معلومات القالب للتأكد من أن أي معلومات وصفية حول القالب، مثل العنوان والإصدار والوصف، دقيقة ومحدثة.
A6: Step 2: Source Table | C6: الخطوة 2: Source Table
A8: Design your template, ensuring that the time period is mapped correctly to the date information in rows 1-3 of the Template Data Sheet. | C8: قم بتصميم القالب الخاص بك، مع التأكد من أن فترة الوقت مرتبطة بشكل صحيح مع معلومات التاريخ في الصفوف 1-3 في ورقة Template Data.
A10: Step 3: Relational Sheet | C10: الخطوة 3: Relational Sheet
A12: Unpivot the data in the source table into a flat format. Follow these guidelines: | C12: قم بتحويل البيانات في جدول المصدر إلى تنسيق مسطح. اتبع هذه الإرشادات:
A13: 1. Blue Columns: Do not change the names of the blue columns. Update the data as per the current template. | C13: 1. الأعمدة الزرقاء: لا تقم بتغيير أسماء الأعمدة الزرقاء. قم بتحديث البيانات وفقًا للقالب الحالي.
A14: 2. Code Lists: Use the naming convention CL_XXX_EN_V# for code lists, where XXX is the name, and V# is the version, conforming with the definitions in the data dictionary. | C14: 2. قوائم الرموز: استخدم قاعدة التسمية CL_XXX_EN_V# لقوائم الرموز، حيث أن XXX هو الاسم و V# هو الإصدار، وفقًا للتعريفات في قاموس البيانات.
A15: 3. Code List Values: Ensure the code list values match the definitions in the data dictionary. | C15: 3. قيم قائمة الرموز: تأكد من أن قيم قائمة الرموز تتوافق مع التعريفات في قاموس البيانات.
A16: 4. Time_Period_M: Leave empty if the data frequency is yearly. | C16: 4. Time_Period_M: اتركها فارغة إذا كانت دورية البيانات سنوية.
A17: 5. Time_Period_M Format: Use one of these formats: | C17: 5. تنسيق Time_Period_M: استخدم أحد التنسيقات التالية:
A18: Numeric: (1, 2, 3, ..., 12) for months. | C18: رقمي: (1، 2، 3، ...، 12) للأشهر.
... A38: Protect the entire workbook to prevent unauthorized or accidental changes to the structure of the file. | C38: قم بحماية الكتاب بأكمله لمنع التغييرات غير المصرح بها أو غير المقصودة على هيكل الملف.

Sheet Sheet1
A1: الجرائم العامة | B1: General Crimes | C1: M1 | D1: Number | E1: عدد | F1: ='Source Table'!$D$6 -> Felony Crimes | G1: ='Source Table'!$D$5 -> الجرائم الجنائية | H1: ='Source Table'!$B$7 -> Middle Amman | I1: ='Source Table'!$E$7 -> وسط عمان
A2: الجرائم العامة | B2: General Crimes | C2: M1 | D2: Number | E2: عدد | F2: ='Source Table'!$D$6 -> Felony Crimes | G2: ='Source Table'!$D$5 -> الجرائم الجنائية | H2: ='Source Table'!$B$8 -> South Amman | I2: ='Source Table'!$E$8 -> جنوب عمان
A3: الجرائم العامة | B3: General Crimes | C3: M1 | D3: Number | E3: عدد | F3: ='Source Table'!$D$6 -> Felony Crimes | G3: ='Source Table'!$D$5 -> الجرائم الجنائية | H3: ='Source Table'!$B$9 -> North Amman | I3: ='Source Table'!$E$9 -> شمال عمان
A4: الجرائم العامة | B4: General Crimes | C4: M1 | D4: Number | E4: عدد | F4: ='Source Table'!$D$6 -> Felony Crimes | G4: ='Source Table'!$D$5 -> الجرائم الجنائية | H4: ='Source Table'!$B$10 -> East Amman | I4: ='Source Table'!$E$10 -> شرق عمان
A5: الجرائم العامة | B5: General Crimes | C5: M1 | D5: Number | E5: عدد | F5: ='Source Table'!$D$6 -> Felony Crimes | G5: ='Source Table'!$D$5 -> الجرائم الجنائية | H5: ='Source Table'!$B$11 -> Balqa | I5: ='Source Table'!$E$11 -> البلقاء
A6: الجرائم العامة | B6: General Crimes | C6: M1 | D6: Number | E6: عدد | F6: ='Source Table'!$D$6 -> Felony Crimes | G6: ='Source Table'!$D$5 -> الجرائم الجنائية | H6: ='Source Table'!$B$12 -> West Balqa | I6: ='Source Table'!$E$12 -> غرب البلقاء
A7: الجرائم العامة | B7: General Crimes | C7: M1 | D7: Number | E7: عدد | F7: ='Source Table'!$D$6 -> Felony Crimes | G7: ='Source Table'!$D$5 -> الجرائم الجنائية | H7: ='Source Table'!$B$13 -> Zarqa | I7: ='Source Table'!$E$13 -> الزرقاء
A8: الجرائم العامة | B8: General Crimes | C8: M1 | D8: Number | E8: عدد | F8: ='Source Table'!$D$6 -> Felony Crimes | G8: ='Source Table'!$D$5 -> الجرائم الجنائية | H8: ='Source Table'!$B$14 -> Al-Russaifa | I8: ='Source Table'!$E$14 -> الرصيفة
A9: الجرائم العامة | B9: General Crimes | C9: M1 | D9: Number | E9: عدد | F9: ='Source Table'!$D$6 -> Felony Crimes | G9: ='Source Table'!$D$5 -> الجرائم الجنائية | H9: ='Source Table'!$B$15 -> Madaba | I9: ='Source Table'!$E$15 -> مادبا
A10: الجرائم العامة | B10: General Crimes | C10: M1 | D10: Number | E10: عدد | F10: ='Source Table'!$D$6 -> Felony Crimes | G10: ='Source Table'!$D$5 -> الجرائم الجنائية | H10: ='Source Table'!$B$16 -> Irbid | I10: ='Source Table'!$E$16 -> إربد
A11: الجرائم العامة | B11: General Crimes | C11: M1 | D11: Number | E11: عدد | F11: ='Source Table'!$D$6 -> Felony Crimes | G11: ='Source Table'!$D$5 -> الجرائم الجنائية | H11: ='Source Table'!$B$17 -> West Irbid | I11: ='Source Table'!$E$17 -> غرب إربد
A12: الجرائم العامة | B12: General Crimes | C12: M1 | D12: Number | E12: عدد | F12: ='Source Table'!$D$6 -> Felony Crimes | G12: ='Source Table'!$D$5 -> الجرائم الجنائية | H12: ='Source Table'!$B$18 -> Al-Ramtha | I12: ='Source Table'!$E$18 -> الرمثا
A13: الجرائم العامة | B13: General Crimes | C13: M1 | D13: Number | E13: عدد | F13: ='Source Table'!$D$6 -> Felony Crimes | G13: ='Source Table'!$D$5 -> الجرائم الجنائية | H13: ='Source Table'!$B$19 -> Mafraq | I13: ='Source Table'!$E$19 -> المفرق
A14: الجرائم العامة | B14: General Crimes | C14: M1 | D14: Number | E14: عدد | F14: ='Source Table'!$D$6 -> Felony Crimes | G14: ='Source Table'!$D$5 -> الجرائم الجنائية | H14: ='Source Table'!$B$20 -> North Bedouin | I14: ='Source Table'!$E$20 -> الباديةالشمالية
A15: الجرائم العامة | B15: General Crimes | C15: M1 | D15: Number | E15: عدد | F15: ='Source Table'!$D$6 -> Felony Crimes | G15: ='Source Table'!$D$5 -> الجرائم الجنائية | H15: ='Source Table'!$B$21 -> Middle Bedouin | I15: ='Source Table'!$E$21 -> البادية الوسطى
A16: الجرائم العامة | B16: General Crimes | C16: M1 | D16: Number | E16: عدد | F16: ='Source Table'!$D$6 -> Felony Crimes | G16: ='Source Table'!$D$5 -> الجرائم الجنائية | H16: ='Source Table'!$B$22 -> South Bedouin | I16: ='Source Table'!$E$22 -> البادية الجنوبية
A17: الجرائم العامة | B17: General Crimes | C17: M1 | D17: Number | E17: عدد | F17: ='Source Table'!$D$6 -> Felony Crimes | G17: ='Source Table'!$D$5 -> الجرائم الجنائية | H17: ='Source Table'!$B$23 -> Jarash | I17: ='Source Table'!$E$23 -> جرش
A18: الجرائم العامة | B18: General Crimes | C18: M1 | D18: Number | E18: عدد | F18: ='Source Table'!$D$6 -> Felony Crimes | G18: ='Source Table'!$D$5 -> الجرائم الجنائية | H18: ='Source Table'!$B$24 -> Ajloun | I18: ='Source Table'!$E$24 -> عجلون
A19: الجرائم العامة | B19: General Crimes | C19: M1 | D19: Number | E19: عدد | F19: ='Source Table'!$D$6 -> Felony Crimes | G19: ='Source Table'!$D$5 -> الجرائم الجنائية | H19: ='Source Table'!$B$25 -> Karak | I19: ='Source Table'!$E$25 -> الكرك
A20: الجرائم العامة | B20: General Crimes | C20: M1 | D20: Number | E20: عدد | F20: ='Source Table'!$D$6 -> Felony Crimes | G20: ='Source Table'!$D$5 -> الجرائم الجنائية | H20: ='Source Table'!$B$26 -> Tafiela | I20: ='Source Table'!$E$26 -> الطفيلة
A21: الجرائم العامة | B21: General Crimes | C21: M1 | D21: Number | E21: عدد | F21: ='Source Table'!$D$6 -> Felony Crimes | G21: ='Source Table'!$D$5 -> الجرائم الجنائية | H21: ='Source Table'!$B$27 -> Ma'an | I21: ='Source Table'!$E$27 -> معان
A22: الجرائم العامة | B22: General Crimes | C22: M1 | D22: Number | E22: عدد | F22: ='Source Table'!$D$6 -> Felony Crimes | G22: ='Source Table'!$D$5 -> الجرائم الجنائية | H22: ='Source Table'!$B$28 -> West ofMa'an | I22: ='Source Table'!$E$28 -> غرب معان
A23: الجرائم العامة | B23: General Crimes | C23: M1 | D23: Number | E23: عدد | F23: ='Source Table'!$D$6 -> Felony Crimes | G23: ='Source Table'!$D$5 -> الجرائم الجنائية | H23: ='Source Table'!$B$29 -> Aqaba | I23: ='Source Table'!$E$29 -> العقبة
A24: الجرائم العامة | B24: General Crimes | C24: M1 | D24: Number | E24: عدد | F24: ='Source Table'!$C$6 -> Misdemeanor Crimes | G24: ='Source Table'!$C$5 -> الجرائم الجنحوية | H24: ='Source Table'!$B$7 -> Middle Amman | I24: ='Source Table'!$E$7 -> وسط عمان
A25: الجرائم العامة | B25: General Crimes | C25: M1 | D25: Number | E25: عدد | F25: ='Source Table'!$C$6 -> Misdemeanor Crimes | G25: ='Source Table'!$C$5 -> الجرائم الجنحوية | H25: ='Source Table'!$B$8 -> South Amman | I25: ='Source Table'!$E$8 -> جنوب عمان
A26: الجرائم العامة | B26: General Crimes | C26: M1 | D26: Number | E26: عدد | F26: ='Source Table'!$C$6 -> Misdemeanor Crimes | G26: ='Source Table'!$C$5 -> الجرائم الجنحوية | H26: ='Source Table'!$B$9 -> North Amman | I26: ='Source Table'!$E$9 -> شمال عمان
A27: الجرائم العامة | B27: General Crimes | C27: M1 | D27: Number | E27: عدد | F27: ='Source Table'!$C$6 -> Misdemeanor Crimes | G27: ='Source Table'!$C$5 -> الجرائم الجنحوية | H27: ='Source Table'!$B$10 -> East Amman | I27: ='Source Table'!$E$10 -> شرق عمان
A28: الجرائم العامة | B28: General Crimes | C28: M1 | D28: Number | E28: عدد | F28: ='Source Table'!$C$6 -> Misdemeanor Crimes | G28: ='Source Table'!$C$5 -> الجرائم الجنحوية | H28: ='Source Table'!$B$11 -> Balqa | I28: ='Source Table'!$E$11 -> البلقاء
A29: الجرائم العامة | B29: General Crimes | C29: M1 | D29: Number | E29: عدد | F29: ='Source Table'!$C$6 -> Misdemeanor Crimes | G29: ='Source Table'!$C$5 -> الجرائم الجنحوية | H29: ='Source Table'!$B$12 -> West Balqa | I29: ='Source Table'!$E$12 -> غرب البلقاء
A30: الجرائم العامة | B30: General Crimes | C30: M1 | D30: Number | E30: عدد | F30: ='Source Table'!$C$6 -> Misdemeanor Crimes | G30: ='Source Table'!$C$5 -> الجرائم الجنحوية | H30: ='Source Table'!$B$13 -> Zarqa | I30: ='Source Table'!$E$13 -> الزرقاء
A31: الجرائم العامة | B31: General Crimes | C31: M1 | D31: Number | E31: عدد | F31: ='Source Table'!$C$6 -> Misdemeanor Crimes | G31: ='Source Table'!$C$5 -> الجرائم الجنحوية | H31: ='Source Table'!$B$14 -> Al-Russaifa | I31: ='Source Table'!$E$14 -> الرصيفة
A32: الجرائم العامة | B32: General Crimes | C32: M1 | D32: Number | E32: عدد | F32: ='Source Table'!$C$6 -> Misdemeanor Crimes | G32: ='Source Table'!$C$5 -> الجرائم الجنحوية | H32: ='Source Table'!$B$15 -> Madaba | I32: ='Source Table'!$E$15 -> مادبا
A33: الجرائم العامة | B33: General Crimes | C33: M1 | D33: Number | E33: عدد | F33: ='Source Table'!$C$6 -> Misdemeanor Crimes | G33: ='Source Table'!$C$5 -> الجرائم الجنحوية | H33: ='Source Table'!$B$16 -> Irbid | I33: ='Source Table'!$E$16 -> إربد
A34: الجرائم العامة | B34: General Crimes | C34: M1 | D34: Number | E34: عدد | F34: ='Source Table'!$C$6 -> Misdemeanor Crimes | G34: ='Source Table'!$C$5 -> الجرائم الجنحوية | H34: ='Source Table'!$B$17 -> West Irbid | I34: ='Source Table'!$E$17 -> غرب إربد
A35: الجرائم العامة | B35: General Crimes | C35: M1 | D35: Number | E35: عدد | F35: ='Source Table'!$C$6 -> Misdemeanor Crimes | G35: ='Source Table'!$C$5 -> الجرائم الجنحوية | H35: ='Source Table'!$B$18 -> Al-Ramtha | I35: ='Source Table'!$E$18 -> الرمثا
A36: الجرائم العامة | B36: General Crimes | C36: M1 | D36: Number | E36: عدد | F36: ='Source Table'!$C$6 -> Misdemeanor Crimes | G36: ='Source Table'!$C$5 -> الجرائم الجنحوية | H36: ='Source Table'!$B$19 -> Mafraq | I36: ='Source Table'!$E$19 -> المفرق
A37: الجرائم العامة | B37: General Crimes | C37: M1 | D37: Number | E37: عدد | F37: ='Source Table'!$C$6 -> Misdemeanor Crimes | G37: ='Source Table'!$C$5 -> الجرائم الجنحوية | H37: ='Source Table'!$B$20 -> North Bedouin | I37: ='Source Table'!$E$20 -> الباديةالشمالية
A38: الجرائم العامة | B38: General Crimes | C38: M1 | D38: Number | E38: عدد | F38: ='Source Table'!$C$6 -> Misdemeanor Crimes | G38: ='Source Table'!$C$5 -> الجرائم الجنحوية | H38: ='Source Table'!$B$21 -> Middle Bedouin | I38: ='Source Table'!$E$21 -> البادية الوسطى
A39: الجرائم العامة | B39: General Crimes | C39: M1 | D39: Number | E39: عدد | F39: ='Source Table'!$C$6 -> Misdemeanor Crimes | G39: ='Source Table'!$C$5 -> الجرائم الجنحوية | H39: ='Source Table'!$B$22 -> South Bedouin | I39: ='Source Table'!$E$22 -> البادية الجنوبية
A40: الجرائم العامة | B40: General Crimes | C40: M1 | D40: Number | E40: عدد | F40: ='Source Table'!$C$6 -> Misdemeanor Crimes | G40: ='Source Table'!$C$5 -> الجرائم الجنحوية | H40: ='Source Table'!$B$23 -> Jarash | I40: ='Source Table'!$E$23 -> جرش
A41: الجرائم العامة | B41: General Crimes | C41: M1 | D41: Number | E41: عدد | F41: ='Source Table'!$C$6 -> Misdemeanor Crimes | G41: ='Source Table'!$C$5 -> الجرائم الجنحوية | H41: ='Source Table'!$B$24 -> Ajloun | I41: ='Source Table'!$E$24 -> عجلون
A42: الجرائم العامة | B42: General Crimes | C42: M1 | D42: Number | E42: عدد | F42: ='Source Table'!$C$6 -> Misdemeanor Crimes | G42: ='Source Table'!$C$5 -> الجرائم الجنحوية | H42: ='Source Table'!$B$25 -> Karak | I42: ='Source Table'!$E$25 -> الكرك
A43: الجرائم العامة | B43: General Crimes | C43: M1 | D43: Number | E43: عدد | F43: ='Source Table'!$C$6 -> Misdemeanor Crimes | G43: ='Source Table'!$C$5 -> الجرائم الجنحوية | H43: ='Source Table'!$B$26 -> Tafiela | I43: ='Source Table'!$E$26 -> الطفيلة
A44: الجرائم العامة | B44: General Crimes | C44: M1 | D44: Number | E44: عدد | F44: ='Source Table'!$C$6 -> Misdemeanor Crimes | G44: ='Source Table'!$C$5 -> الجرائم الجنحوية | H44: ='Source Table'!$B$27 -> Ma'an | I44: ='Source Table'!$E$27 -> معان
A45: الجرائم العامة | B45: General Crimes | C45: M1 | D45: Number | E45: عدد | F45: ='Source Table'!$C$6 -> Misdemeanor Crimes | G45: ='Source Table'!$C$5 -> الجرائم الجنحوية | H45: ='Source Table'!$B$28 -> West ofMa'an | I45: ='Source Table'!$E$28 -> غرب معان
A46: الجرائم العامة | B46: General Crimes | C46: M1 | D46: Number | E46: عدد | F46: ='Source Table'!$C$6 -> Misdemeanor Crimes | G46: ='Source Table'!$C$5 -> الجرائم الجنحوية | H46: ='Source Table'!$B$29 -> Aqaba | I46: ='Source Table'!$E$29 -> العقبة
